Agency,Local Code,County,Township,City,Vehicles Involved,Trailers Involved,Number Injured,Number Dead,Number Deer,House Number,Roadway Name,Roadway Suffix,Roadway Number,Roadway Interchange,Roadway Ramp,Roadway Id,Intersecting Road,Intersecting Road Number,Mile Marker,Interchange,Corporate Limits?,Property Type,Feet From,Direction,Latitude,Longitude,Roadway Class,Traffic Control Devices?,Aggressive Driving?,Hit and Run?,Locality,School Zone?,Rumble Strips?,Construction?,Construction Type,Light Condition,Weather Conditions,Surface Condition,Type of Median,Roadway Junction Type,Road Character,Roadway Surface,Primary Factor,Damage Estimate,Manner of Collision,Unique Location Id,State Property Damage?,Traffic Control,DateTime,Address Number,Cyclist Involved,Pedestrian Involved
BLOOMINGTON PD,B22-35878,MONROE,BLOOMINGTON,BLOOMINGTON,2,,0,0,0,,N WALNUT ST,,,,,N WALNUT ST,W 17TH ST,,,,Y,,0.0,,39.17900951,-86.53350291,LOCAL/CITY RD,,,,URBAN,N,N,N,,DAYLIGHT,CLOUDY,DRY,,FOUR-WAY INTERSECTION,,ASPHALT,DISREGARD SIGNAL/REG SIGN,$2501 TO $5000,RIGHT TURN,W17THSTNWALNUTST,0,,2022-09-07 12:34:00,,,
BLOOMINGTON PD,B22-32077,MONROE,BLOOMINGTON,BLOOMINGTON,2,,0,0,0,,N SMITH RD,,,,,N SMITH RD,PRIVATE DR,,,,N,,0.0,,39.17160418,-86.48152155,LOCAL/CITY RD,,,,URBAN,N,N,N,,DAYLIGHT,CLEAR,DRY,,T-INTERSECTION,,ASPHALT,FAILURE TO YIELD RIGHT OF WAY,$1001 TO $2500,LEFT TURN,PRIVATEDRNSMITHRD,0,,2022-08-17 15:51:00,,,
ELLETTSVILLE PD,E22-02093,MONROE,RICHLAND,ELLETTSVILLE,2,,0,0,0,608,W VINE ST,,,,,W VINE ST,,,,,Y,,0.0,,39.23508546,-86.62400042,PRIVATE DR,,,,URBAN,N,N,N,,DARK (LIGHTED),CLEAR,DRY,,NO JUNCTION INVOLVED,,ASPHALT,UNSAFE BACKING,$2501 TO $5000,BACKING CRASH,WVINEST,0,,2022-05-15 00:22:00,,,
BLOOMINGTON PD,B22-27534,MONROE,BLOOMINGTON,BLOOMINGTON,2,,0,0,0,,E 3RD ST,,,,,E 3RD ST,S PETE LLIS DR,,,,Y,,0.0,,39.16422927,-86.49497456,LOCAL/CITY RD,,,,URBAN,N,N,N,,DAYLIGHT,CLEAR,DRY,,T-INTERSECTION,,ASPHALT,FOLLOWING TOO CLOSELY,$10001 TO $25000,REAR END,SPETEELLISDRE 3RDST,0,,2022-07-18 17:10:00,,,
BLOOMINGTON PD,B22-21494,MONROE,PERRY,BLOOMINGTON,2,,0,0,0,,W 3RD ST,,,,,W 3RD ST,S PATTERSON DR,,,,Y,,0.0,,39.16342,-86.551249,LOCAL/CITY RD,,,,URBAN,N,N,N,,DAYLIGHT,CLEAR,DRY,,FOUR-WAY INTERSECTION,,ASPHALT,UNSAFE LN MOVEMENT,$2501 TO $5000,SAME DIRECTION SIDESWIPE,W.3RDSTS.PATTERSONDR,0,,2022-06-09 12:25:00,,,
INDIANA UNIV BLOOMINGTON PD,220322,MONROE,BLOOMINGTON,BLOOMINGTON,2,,0,0,0,,E 17TH ST,,,,,E 17TH ST,ST RD 45,,,,Y,,0.0,,39.17973322,-86.50729126,ST RD,,,,URBAN,N,Y,N,,DAYLIGHT,SNOW,DRY,,T-INTERSECTION,,ASPHALT,DISREGARD SIGNAL/REG SIGN,$10001 TO $25000,LEFT TURN,STATERD45E17THST,0,,2022-01-29 14:54:00,,,
BLOOMINGTON PD,B22-14874,MONROE,BLOOMINGTON,BLOOMINGTON,2,,0,0,0,,W 3RD ST,,,,,W 3RD ST,I-69 OVERPASS,,,,Y,,53.0,,39.16465906,-86.57289094,LOCAL/CITY RD,,,,URBAN,N,N,N,,DAYLIGHT,CLEAR,DRY,,NO JUNCTION INVOLVED,,CONCRETE,FOLLOWING TOO CLOSELY,$5001 TO $10000,REAR END,W 3RDSTI-69OVERPASS,0,,2022-04-25 18:16:00,,,
BLOOMINGTON PD,B22-37140,MONROE,BLOOMINGTON,BLOOMINGTON,2,,0,0,0,1705,N KINSER PK,,,,,N KINSER PK,,,,,Y,,0.0,,39.18546466,-86.5380577,PRIVATE DR,,,,URBAN,N,N,N,,DAYLIGHT,CLEAR,DRY,,NO JUNCTION INVOLVED,,ASPHALT,UNSAFE BACKING,$2501 TO $5000,REAR END,NKINSERPK,0,,2022-09-14 17:19:00,,,
BLOOMINGTON PD,B22-11929,MONROE,VAN BUREN,BLOOMINGTON,2,,0,0,0,,E HILLSIDE DR,,,,,E HILLSIDE DR,S WOODLAWN AVE,,,,Y,,0.0,,39.15053571,-86.52261204,LOCAL/CITY RD,,,,URBAN,N,N,N,,UNKNOWN,RAIN,WET,,FOUR-WAY INTERSECTION,,ASPHALT,UNSAFE LN MOVEMENT,$1001 TO $2500,RIGHT TURN,SWOODLAWNAVEEHILLSIDEDR,0,,2022-04-06 21:30:00,,,
MONROE SD,M22A18602,MONROE,SALT CREEK,BLOOMINGTON,1,,0,0,0,,ST RD 446,,,,,ST RD 446,E RUSHRIDGE RD,,,,N,,3000.0,,39.07838166,-86.41727751,,,,,RURAL,N,N,N,,DAWN/DUSK,CLOUDY,WET,,NO JUNCTION INVOLVED,,ASPHALT,ANIMAL/OBJECT IN RDWAY,$1001 TO $2500,COLLISION WITH DEER,STATERD446ERUSHRIDGERD,0,,2022-08-01 08:23:00,,,
BLOOMINGTON PD,B22-37626,MONROE,PERRY,BLOOMINGTON,2,,0,0,0,,W COUNTRY CLUB DR,,,,,W COUNTRY CLUB DR,B-LINE,,,,Y,,0.0,,39.13599238,-86.53385473,LOCAL/CITY RD,,,,URBAN,N,N,N,,DAYLIGHT,CLEAR,DRY,,FOUR-WAY INTERSECTION,,ASPHALT,FOLLOWING TOO CLOSELY,$5001 TO $10000,REAR END,WCOUNTRYCLUBDRB-LINE,0,,2022-09-17 14:48:00,,,
MONROE SD,M22A22325,MONROE,PERRY,BLOOMINGTON,1,,1,0,0,,I-69,,,,,I-69,W FULLERTON OVERPASS,,,,N,,845.0,,39.1208455,-86.5704734,INTERSTATE,,,,RURAL,N,N,N,,DARK (LIGHTED),RAIN,WET,,NO JUNCTION INVOLVED,,ASPHALT,SPEED TOO FAST FOR WEATHER CONDITIONS,$5001 TO $10000,RAN OFF RD,WFULLERTONOVERPASSI-69,0,,2022-09-10 19:59:00,,,
INDIANA UNIV BLOOMINGTON PD,220424,MONROE,BLOOMINGTON,BLOOMINGTON,2,,0,0,0,2901,E DISCOVERY PARKWAY,,,,,E DISCOVERY PARKWAY,,,,,Y,,0.0,,39.17743058,-86.49343633,LOCAL/CITY RD,,,,URBAN,N,N,N,,DAYLIGHT,CLEAR,SNOW/SLUSH,,NO JUNCTION INVOLVED,,CONCRETE,UNSAFE BACKING,$2501 TO $5000,BACKING CRASH,EDISCOVERYPARKWAY,0,,2022-02-04 15:59:00,,,
MONROE SD,M22A10104,MONROE,PERRY,BLOOMINGTON,1,,0,0,0,,ST RD 37,,,,,ST RD 37,,,,,N,,0.0,,39.09517018,-86.54640978,ST RD,,,,URBAN,N,N,N,,DARK (NOT LIGHTED),CLOUDY,DRY,,NO JUNCTION INVOLVED,,ASPHALT,ANIMAL/OBJECT IN RDWAY,$5001 TO $10000,OTHER - EXPLAIN IN NARRATIVE,STATERD37,0,,2022-05-03 21:15:00,,,
BLOOMINGTON PD,B22-36105,MONROE,BLOOMINGTON,BLOOMINGTON,2,,1,0,0,,S PALMER AVE,,,,,S PALMER AVE,E HILLSIDE DR,,,,Y,,0.0,,39.15058643,-86.52923932,,,,,URBAN,N,N,N,,DAYLIGHT,CLEAR,DRY,,T-INTERSECTION,,ASPHALT,UNSAFE SPEED,$1001 TO $2500,LEFT TURN,SPALMERAVEEHILLSIDEDR,0,,2022-09-08 16:00:00,,,
BLOOMINGTON PD,B22-19156,MONROE,BLOOMINGTON,BLOOMINGTON,3,,1,0,0,,W 3RD ST,,,,,W 3RD ST,S GATES DR,,,,Y,,158.0,,39.16460915,-86.57551415,LOCAL/CITY RD,,,,URBAN,N,N,N,,DAYLIGHT,CLEAR,DRY,,NO JUNCTION INVOLVED,,ASPHALT,FOLLOWING TOO CLOSELY,$10001 TO $25000,REAR END,W 3RDSTSGATESDR,0,,2022-05-24 18:58:00,,,
INDIANA UNIV BLOOMINGTON PD,222347,MONROE,BLOOMINGTON,BLOOMINGTON,2,,0,0,0,1900,E 10TH ST,,,,,E 10TH ST,,,,,Y,,0.0,,39.17024401,-86.50908993,PRIVATE DR,,,,URBAN,N,N,N,,DAYLIGHT,CLEAR,DRY,,NO JUNCTION INVOLVED,,ASPHALT,UNSAFE BACKING,$1001 TO $2500,BACKING CRASH,E 10THST,0,,2022-07-08 00:00:00,,,
BLOOMINGTON PD,B22-09390,MONROE,BLOOMINGTON,BLOOMINGTON,2,,0,0,0,,E PARK LN,,,,,E PARK LN,S MEADOWBROOK DR.,,,,Y,,739.0,,39.16530166,-86.48647193,LOCAL/CITY RD,,,,URBAN,N,Y,N,,DAYLIGHT,CLEAR,DRY,,NO JUNCTION INVOLVED,,ASPHALT,UNSAFE BACKING,$2501 TO $5000,BACKING CRASH,S.MEADOWBROOKDR.EPARKLN,0,,2022-03-20 10:05:00,,,
BLOOMINGTON PD,B22-21310,MONROE,BLOOMINGTON,BLOOMINGTON,2,,0,0,0,,N THORNTREE DR,,,,,N THORNTREE DR,W ARLINGTON VALLEY DR,,,,Y,,0.0,,39.18314898,-86.54586843,LOCAL/CITY RD,,,,URBAN,N,N,N,,UNKNOWN,CLEAR,DRY,,NO JUNCTION INVOLVED,,ASPHALT,OTHER (DRIVER) - EXPLAIN IN NARRATIVE,$2501 TO $5000,SAME DIRECTION SIDESWIPE,WARLINGTONVALLEYDRNTHORNTREEDR,0,,2022-06-08 00:01:00,,,
MONROE SD,M22A4563,MONROE,RICHLAND,BLOOMINGTON,1,,1,1,0,3775,W LOST MANS LN,,,,,W LOST MANS LN,,,,,N,,0.0,,39.22271356,-86.57663641,LOCAL/CITY RD,,,,RURAL,N,N,N,,DARK (NOT LIGHTED),CLEAR,DRY,,NO JUNCTION INVOLVED,,ASPHALT,UNSAFE SPEED,$1001 TO $2500,RAN OFF RD,WLOSTMANSLN,0,,2022-02-25 22:02:00,,,
BLOOMINGTON PD,B22-31897,MONROE,PERRY,BLOOMINGTON,1,,0,0,0,,3205 W ST RD 45,,,,,W ST RD 45,,,,,Y,,0.0,,39.14421736,-86.57494806,,,,,URBAN,N,N,N,,DAYLIGHT,CLEAR,DRY,,NO JUNCTION INVOLVED,,ASPHALT,VIEW OBSTRUCTED,$1001 TO $2500,OTHER - EXPLAIN IN NARRATIVE,3205WSTATERD45,0,,2022-08-16 18:24:00,3205.0,,
MONROE SD,M22A17825,MONROE,VAN BUREN,BLOOMINGTON,1,,0,0,1,,S KIRBY RD,,,,,S KIRBY RD,S FIELDSTONE BLVD,,,,Y,,0.0,,39.15711816,-86.61048239,LOCAL/CITY RD,,,,RURAL,N,N,N,,DAWN/DUSK,CLEAR,DRY,,NO JUNCTION INVOLVED,,ASPHALT,ANIMAL/OBJECT IN RDWAY,$1001 TO $2500,COLLISION WITH ANIMAL OTHER,SKIRBYRDSFIELDSTONEBLVD,0,,2022-07-23 21:03:00,,,
BLOOMINGTON PD,B22-15518,MONROE,BLOOMINGTON,,2,,0,0,0,4300,N STONE MILL RD,,,,,N STONE MILL RD,,,,,Y,,0.0,,39.21223859,-86.53485621,PRIVATE DR,,,,URBAN,N,N,N,,DAYLIGHT,CLEAR,DRY,,NO JUNCTION INVOLVED,,GRAVEL,FAILURE TO YIELD RIGHT OF WAY,$1001 TO $2500,OTHER - EXPLAIN IN NARRATIVE,NSTONEMILLRD,0,,2022-04-29 17:15:00,,,
BLOOMINGTON PD,B22-11826,MONROE,PERRY,BLOOMINGTON,2,,0,0,0,,MORNINGSIDE DR,,,,,MORNINGSIDE DR,SHEFFIELD DR,,,,Y,,0.0,,,,LOCAL/CITY RD,,,,URBAN,N,N,N,,DAYLIGHT,RAIN,WET,,T-INTERSECTION,,ASPHALT,OVERCORRECTING/OVERSTEERING,$5001 TO $10000,OPPOSITE DIRECTION SIDESWIPE,SHEFFIELDDRMORNINGSIDEDR,0,,2022-04-06 09:49:00,,,
BLOOMINGTON PD,B22-24362,MONROE,BLOOMINGTON,BLOOMINGTON,3,,0,0,0,,ST RD 46,,,,,ST RD 46,I-69 BYPASS,,119.0,,Y,,0.0,,39.18726847,-86.55745799,ST RD,,,,URBAN,N,N,N,,DAYLIGHT,CLEAR,DRY,,INTERCHANGE,,ASPHALT,FOLLOWING TOO CLOSELY,$1001 TO $2500,REAR END,STATERD46I-69BYPASS,0,,2022-06-28 16:22:00,,,
INDIANA UNIV BLOOMINGTON PD,221684,MONROE,BLOOMINGTON,BLOOMINGTON,2,,0,0,0,,E 3RD ST,,,,,E 3RD ST,S FESS AVE,,,,Y,,300.0,,39.16427918,-86.52411408,LOCAL/CITY RD,,,,URBAN,N,N,N,,DAYLIGHT,CLOUDY,DRY,,NO JUNCTION INVOLVED,,ASPHALT,FOLLOWING TOO CLOSELY,$1001 TO $2500,REAR END,S.FESSAVEE 3RDST,0,,2022-04-29 11:55:00,,,
BLOOMINGTON PD,B22-04314,MONROE,PERRY,BLOOMINGTON,2,,0,0,0,,2000 S ROGERS ST,,,,,S ROGERS ST,S ROCKPORT RD,,,,Y,,300.0,,39.146198,-86.539337,LOCAL/CITY RD,,,,URBAN,N,N,N,,DAYLIGHT,CLEAR,WET,,NO JUNCTION INVOLVED,,ASPHALT,FOLLOWING TOO CLOSELY,$2501 TO $5000,REAR END,SROCKPORTRD2000SROGERSST,0,,2022-02-08 14:51:00,2000.0,,
BLOOMINGTON PD,B22-30937,MONROE,BLOOMINGTON,BLOOMINGTON,1,,1,0,0,,W KIRKWOOD AVE,,,,,W KIRKWOOD AVE,S COLLEGE AVE,,,,Y,,0.0,,39.16658059,-86.5349502,LOCAL/CITY RD,,,,URBAN,N,N,N,,DAYLIGHT,CLEAR,DRY,,FOUR-WAY INTERSECTION,,ASPHALT,IMPROPER TURNING,UNDER $1001,RIGHT ANGLE,WKIRKWOODAVESCOLLEGEAVE,1,,2022-08-10 12:50:00,,,True
BLOOMINGTON PD,B22-07831,MONROE,PERRY,BLOOMINGTON,2,,0,0,0,,2966 E 3RD ST,,,,,E 3RD ST,,,,,Y,,0.0,,0.0,0.0,PRIVATE DR,,,,URBAN,N,N,N,,DAYLIGHT,CLEAR,DRY,,NO JUNCTION INVOLVED,,ASPHALT,OTHER (VEHICLE) - EXPLAIN IN NARRATIVE,$2501 TO $5000,BACKING CRASH,2966E 3RDST,0,,2022-03-09 11:18:00,2966.0,,
BLOOMINGTON PD,B22-31509,MONROE,BLOOMINGTON,BLOOMINGTON,1,,1,0,0,,S WESTPLEX AVE,,,,,S WESTPLEX AVE,W 3RD ST,,,,Y,,0.0,,39.16590543,-86.55433063,LOCAL/CITY RD,,,,URBAN,N,N,N,,DARK (NOT LIGHTED),RAIN,WET,,NO JUNCTION INVOLVED,,ASPHALT,OTHER (DRIVER) - EXPLAIN IN NARRATIVE,$2501 TO $5000,OTHER - EXPLAIN IN NARRATIVE,W 3RDSTSWESTPLEXAVE,1,,2022-08-14 07:06:00,,,True
BLOOMINGTON PD,B22-31480,MONROE,PERRY,BLOOMINGTON,2,,0,0,0,,E UNIVERSITY ST,,,,,E UNIVERSITY ST,S WOODLAWN AVE,,,,Y,,0.0,,39.16031672,-86.52272781,LOCAL/CITY RD,,,,URBAN,N,N,N,,DARK (NOT LIGHTED),CLEAR,DRY,,T-INTERSECTION,,ASPHALT,FAILURE TO MAINTAIN LN,$1001 TO $2500,SAME DIRECTION SIDESWIPE,SWOODLAWNAVEEUNIVERSITYST,0,,2022-08-13 23:30:00,,,
MONROE SD,M22A19558,MONROE,VAN BUREN,BLOOMINGTON,4,,2,0,0,,W ST RD 45,,,,,W ST RD 45,BUNGER RD,,,,N,,0.0,,39.13104733,-86.60179085,ST RD,,,,RURAL,N,N,N,,DAYLIGHT,CLEAR,DRY,,T-INTERSECTION,,ASPHALT,OTHER (DRIVER) - EXPLAIN IN NARRATIVE,$25001 TO $50000,REAR END,WSTATERD45BUNGERRD,0,,2022-08-11 08:05:00,,,
BLOOMINGTON PD,B22-33767,MONROE,VAN BUREN,BLOOMINGTON,2,,0,0,0,,ST RD 45,,,,,ST RD 45,S LIBERTY DR,,,,Y,,300.0,,39.14590932,-86.57623789,ST RD,,,,URBAN,N,N,N,,DAYLIGHT,CLEAR,DRY,,NO JUNCTION INVOLVED,,ASPHALT,FAILURE TO YIELD RIGHT OF WAY,$2501 TO $5000,SAME DIRECTION SIDESWIPE,STATERD45SLIBERTYDR,0,,2022-08-26 14:36:00,,,
MONROE SD,M22A10711,MONROE,WASHINGTON,BLOOMINGTON,2,,0,0,0,,N LYDY RD,,,,,N LYDY RD,E ANDERSON RD,,,,N,,0.0,,39.27163704,-86.47944659,COUNTY RD,,,,RURAL,N,N,N,,DAYLIGHT,CLEAR,DRY,,T-INTERSECTION,,ASPHALT,FAILURE TO YIELD RIGHT OF WAY,$5001 TO $10000,NON-COLLISION,NLYDYRDEANDERSONRD,0,,2022-05-10 03:03:00,,,
INDIANA UNIV BLOOMINGTON PD,220878,MONROE,BLOOMINGTON,BLOOMINGTON,2,,0,0,0,,N DUNN ST,,,,,N DUNN ST,,,,,Y,,0.0,,39.18148385,-86.52730054,PRIVATE DR,,,,URBAN,N,N,N,,DAYLIGHT,CLOUDY,DRY,,NO JUNCTION INVOLVED,,ASPHALT,IMPROPER TURNING,$1001 TO $2500,OTHER - EXPLAIN IN NARRATIVE,NDUNNST,0,,2022-03-07 10:00:00,,,
BLOOMINGTON PD,B22-32475,MONROE,BLOOMINGTON,BLOOMINGTON,2,,2,0,0,,E 10TH ST,,,,,E 10TH ST,N DUNN ST,,,,Y,,0.0,,39.17170218,-86.52823177,LOCAL/CITY RD,,,,URBAN,N,N,N,,DAYLIGHT,CLEAR,DRY,,FOUR-WAY INTERSECTION,,ASPHALT,FOLLOWING TOO CLOSELY,$2501 TO $5000,REAR END,NDUNNSTE 10THST,0,,2022-08-19 13:44:00,,,
BLOOMINGTON PD,B22-32521,MONROE,PERRY,BLOOMINGTON,2,,1,0,0,,S WALNUT ST,,,,,S WALNUT ST,E N DR,,,,Y,,0.0,,39.14415496,-86.531813,LOCAL/CITY RD,,,,URBAN,N,N,N,,DAYLIGHT,CLEAR,DRY,,FOUR-WAY INTERSECTION,,ASPHALT,FOLLOWING TOO CLOSELY,$1001 TO $2500,REAR END,SWALNUTSTENORTHDR,0,,2022-08-19 17:18:00,,,
BLOOMINGTON PD,B22-40163,MONROE,,BLOOMINGTON,2,,0,0,0,885,S COLLEGE MALL RD,,,,,S COLLEGE MALL RD,,,,,Y,,0.0,,39.156891,-86.497038,PRIVATE DR,,,,URBAN,N,N,N,,DAYLIGHT,CLEAR,DRY,,NO JUNCTION INVOLVED,,ASPHALT,OTHER (DRIVER) - EXPLAIN IN NARRATIVE,$1001 TO $2500,SAME DIRECTION SIDESWIPE,SCOLLEGEMALLRD,0,,2022-10-01 11:35:00,,,
BLOOMINGTON PD,B22-10835,MONROE,BLOOMINGTON,BLOOMINGTON,2,,0,0,0,,N COLLEGE AVE,,,,,N COLLEGE AVE,W 10TH ST,,,,N,,0.0,,39.17165812,-86.53484194,LOCAL/CITY RD,,,,URBAN,N,N,N,,DAYLIGHT,CLEAR,DRY,,FOUR-WAY INTERSECTION,,ASPHALT,UNSAFE BACKING,$1001 TO $2500,BACKING CRASH,W10THSTNCOLLEGEAVE,0,,2022-03-30 13:47:00,,,
BLOOMINGTON PD,B22-40363,MONROE,BLOOMINGTON,BLOOMINGTON,3,,2,0,0,,I-69,,,,,I-69,,,,,Y,,53.0,,39.18721858,-86.55528737,INTERSTATE,,,,URBAN,N,N,N,,DAYLIGHT,CLEAR,DRY,,INTERCHANGE,,ASPHALT,FOLLOWING TOO CLOSELY,$25001 TO $50000,REAR END,I-69,0,,2022-10-02 15:15:00,,,
MONROE SD,M22A19668,MONROE,PERRY,BLOOMINGTON,2,,0,0,0,,LARRY WAYNE DR,,,,,LARRY WAYNE DR,S SMITH RD,,,,N,,300.0,,39.1407869,-86.47873088,LOCAL/CITY RD,,,,RURAL,N,N,N,,DAYLIGHT,CLEAR,DRY,,NO JUNCTION INVOLVED,,ASPHALT,UNSAFE BACKING,$1001 TO $2500,BACKING CRASH,SSMITHRDLARRYWAYNEDR,0,,2022-08-12 10:25:00,,,
BLOOMINGTON PD,B22-14698,MONROE,BLOOMINGTON,BLOOMINGTON,2,,0,0,0,,E SOUTHERN DR,,,,,E SOUTHERN DR,S GRANT ST,,,,Y,,0.0,,39.14969538,-86.53020269,LOCAL/CITY RD,,,,URBAN,N,N,N,,DARK (NOT LIGHTED),CLEAR,DRY,,T-INTERSECTION,,ASPHALT,FAILURE TO MAINTAIN LN,UNDER $1001,SAME DIRECTION SIDESWIPE,SGRANTSTESOUTHERNDR,0,,2022-04-23 00:10:00,,,
DNR LAW ENFORCEMENT,06-22-02207,MONROE,SALT CREEK,BLOOMINGTON,2,,0,0,0,,PAYNETOWN RD,,,,,PAYNETOWN RD,,,,,N,,0.0,,39.08360326,-86.43445044,ST RD,,,,RURAL,N,N,N,,DAYLIGHT,CLEAR,DRY,,Y-INTERSECTION,,ASPHALT,FAILURE TO YIELD RIGHT OF WAY,$5001 TO $10000,LEFT TURN,PAYNETOWNRD,0,,2022-08-07 12:10:00,,,
BLOOMINGTON PD,B22-29276,MONROE,PERRY,BLOOMINGTON,2,,0,0,0,,E HILLSIDE DR,,,,,E HILLSIDE DR,S CLIFTON AVE,,,,Y,,0.0,,39.15046699,-86.5096175,LOCAL/CITY RD,,,,URBAN,N,N,N,,DAYLIGHT,CLEAR,DRY,,T-INTERSECTION,,ASPHALT,FAILURE TO YIELD RIGHT OF WAY,$2501 TO $5000,RIGHT ANGLE,SCLIFTONAVEEHILLSIDEDR,0,,2022-07-30 19:35:00,,,
MONROE SD,M22A13343,MONROE,PERRY,BLOOMINGTON,2,,0,0,0,,S ST RD 37,,,,,S ST RD 37,S ROGERS ST,,,,N,,739.0,,39.09842016,-86.53911757,,,,,RURAL,N,N,N,,DAYLIGHT,CLEAR,DRY,,T-INTERSECTION,,ASPHALT,OTHER (VEHICLE) - EXPLAIN IN NARRATIVE,$2501 TO $5000,SAME DIRECTION SIDESWIPE,SROGERSSTSOLDSTATERD37,0,,2022-06-07 12:28:00,,,
MONROE SD,M22A7562,MONROE,VAN BUREN,BLOOMINGTON,1,,0,0,0,,W ST RD 45,,,,,W ST RD 45,W ST RD 45,,,,N,,0.0,,39.11111235,-86.63822598,,,,,RURAL,N,N,N,,DAYLIGHT,CLEAR,DRY,,NO JUNCTION INVOLVED,,ASPHALT,DRIVER ILLNESS,$5001 TO $10000,RAN OFF RD,WSTATERD45 WSTATERD45,0,,2022-04-03 13:48:00,,,
MONROE SD,M22A2200,MONROE,VAN BUREN,BLOOMINGTON,2,,1,0,0,,W TAPP RD,,,,,W TAPP RD,HICKORY HEIGHTS TRLR PARK,,,,N,,0.0,,39.13703287,-86.57407548,COUNTY RD,,,,URBAN,N,N,N,,DAYLIGHT,SNOW,SNOW/SLUSH,,TRAFFIC CIRCLE/ROUNDABOUT,,ASPHALT,SPEED TOO FAST FOR WEATHER CONDITIONS,$5001 TO $10000,RIGHT ANGLE,WTAPPRDHICKORYHEIGHTSTRLRPARK,0,,2022-01-28 04:41:00,,,
MONROE SD,M22A4705,MONROE,RICHLAND,BLOOMINGTON,2,,0,0,0,,W ST RD 48,,,,,W ST RD 48,N OARD,,,,N,,0.0,,39.16489894,-86.62011223,ST RD,,,,RURAL,N,N,N,,DAYLIGHT,CLEAR,DRY,,T-INTERSECTION,,ASPHALT,UNSAFE SPEED,$5001 TO $10000,REAR END,WST RD 48NOARDRD,0,,2022-02-28 07:42:00,,,
INDIANA UNIV BLOOMINGTON PD,220670,MONROE,BLOOMINGTON,BLOOMINGTON,2,,0,0,0,,E 7TH ST,,,,,E 7TH ST,,,,,Y,,0.0,,39.16797957,-86.5218607,,,,,URBAN,N,N,N,,DAYLIGHT,CLEAR,DRY,,NO JUNCTION INVOLVED,,ASPHALT,IMPROPER TURNING,UNDER $1001,REAR END,E7THST,0,,2022-02-20 15:30:00,,,
MONROE SD,M22A18101,MONROE,PERRY,BLOOMINGTON,2,,0,0,0,,S ROCKPORT RD,,,,,S ROCKPORT RD,,,,,N,,0.0,,39.12464226,-86.56016387,LOCAL/CITY RD,,,,RURAL,N,N,N,,DAYLIGHT,CLEAR,DRY,,NO JUNCTION INVOLVED,,ASPHALT,FAILURE TO MAINTAIN LN,$5001 TO $10000,OPPOSITE DIRECTION SIDESWIPE,SROCKPORTRD,0,,2022-07-26 15:25:00,,,
INDIANA UNIV BLOOMINGTON PD,220863,MONROE,BLOOMINGTON,BLOOMINGTON,2,,0,0,0,,E 10TH ST,,,,,E 10TH ST,N WOODLAWN AVE,,,,Y,,0.0,,39.17163441,-86.523583,LOCAL/CITY RD,,,,URBAN,N,N,N,,DAYLIGHT,CLEAR,DRY,,FOUR-WAY INTERSECTION,,ASPHALT,FOLLOWING TOO CLOSELY,$2501 TO $5000,REAR END,N.WOODLAWNAVEE 10THST,0,,2022-03-06 11:10:00,,,
MONROE SD,M22A17751,MONROE,VAN BUREN,BLOOMINGTON,1,,0,0,0,3585,W ST RD 45,,,,,W ST RD 45,,,,,N,,0.0,,39.14160653,-86.57988102,PRIVATE DR,,,,RURAL,N,N,N,,DARK (LIGHTED),CLEAR,DRY,,NO JUNCTION INVOLVED,,ASPHALT,IMPROPER TURNING,$2501 TO $5000,SAME DIRECTION SIDESWIPE,WST RD 45,0,,2022-07-22 21:59:00,,,
BLOOMINGTON PD,B22-02022,MONROE,BLOOMINGTON,BLOOMINGTON,2,,0,0,0,,E KIRKWOOD AVE,,,,,E KIRKWOOD AVE,S GRANT ST,,,,Y,,0.0,,39.16654177,-86.52973599,LOCAL/CITY RD,,,,URBAN,N,N,N,,DAYLIGHT,CLOUDY,DRY,,FOUR-WAY INTERSECTION,,ASPHALT,FAILURE TO YIELD RIGHT OF WAY,UNDER $1001,OPPOSITE DIRECTION SIDESWIPE,SGRANTSTEKIRKWOODAVE,0,,2022-01-19 09:10:00,,,
INDIANA UNIV BLOOMINGTON PD,221150,MONROE,BLOOMINGTON,BLOOMINGTON,2,,0,0,0,,ST RD 45,,,,,ST RD 45,DISCOVERY,,,,Y,,0.0,,39.1751758,-86.5040814,ST RD,,,,URBAN,N,N,N,,DARK (NOT LIGHTED),CLEAR,DRY,,T-INTERSECTION,,ASPHALT,FAILURE TO YIELD RIGHT OF WAY,$5001 TO $10000,RIGHT ANGLE,STATERD45DISCOVERY,0,,2022-03-29 06:50:00,,,
INDIANA UNIV BLOOMINGTON PD,221866,MONROE,BLOOMINGTON,BLOOMINGTON,2,,0,0,0,,E AUTO MALL RD,,,,,E AUTO MALL RD,E COVENANTER DR,,,,Y,,0.0,,39.15541486,-86.49609543,LOCAL/CITY RD,,,,URBAN,N,N,N,,DAYLIGHT,CLEAR,DRY,,NO JUNCTION INVOLVED,,ASPHALT,UNSAFE BACKING,UNDER $1001,BACKING CRASH,ECOVENANTERDREAUTOMALLRD,0,,2022-05-13 13:05:00,,,