Agency,Local Code,County,Township,City,Vehicles Involved,Trailers Involved,Number Injured,Number Dead,Number Deer,House Number,Roadway Name,Roadway Suffix,Roadway Number,Roadway Interchange,Roadway Ramp,Roadway Id,Intersecting Road,Intersecting Road Number,Mile Marker,Interchange,Corporate Limits?,Property Type,Feet From,Direction,Latitude,Longitude,Roadway Class,Traffic Control Devices?,Aggressive Driving?,Hit and Run?,Locality,School Zone?,Rumble Strips?,Construction?,Construction Type,Light Condition,Weather Conditions,Surface Condition,Type of Median,Roadway Junction Type,Road Character,Roadway Surface,Primary Factor,Damage Estimate,Manner of Collision,Unique Location Id,State Property Damage?,Traffic Control,DateTime,Address Number,Cyclist Involved,Pedestrian Involved
BLOOMINGTON PD,B22-53113,MONROE,PERRY,BLOOMINGTON,2,,0,0,0,2317,S ROCKPORT RD: APT A,,,,,S ROCKPORT RD,,,,,Y,,0.0,,39.14329095,-86.54136423,PRIVATE DR,,,,URBAN,N,N,N,,DARK (NOT LIGHTED),CLEAR,DRY,,NO JUNCTION INVOLVED,,ASPHALT,UNSAFE BACKING,$1001 TO $2500,REAR TO REAR,SROCKPORTRD:APTA,0,,2022-12-21 23:12:00,,,
BLOOMINGTON PD,B22-43002,MONROE,BLOOMINGTON,BLOOMINGTON,2,,0,0,0,,I-69,,,,,I-69,,,121.0,,Y,,0.0,,39.19916654,-86.55404038,INTERSTATE,,,,URBAN,N,N,N,,DAYLIGHT,CLOUDY,DRY,,NO JUNCTION INVOLVED,,ASPHALT,BRAKE FAILURE OR DEFECTIVE,$5001 TO $10000,REAR END,I-69121,0,,2022-10-17 18:10:00,,,
BLOOMINGTON PD,B22-46564,MONROE,PERRY,BLOOMINGTON,1,,0,0,1,,I-69,,,,,I-69,,,,,Y,,528.0,,39.14646515,-86.57295469,INTERSTATE,,,,RURAL,N,N,N,,DARK (NOT LIGHTED),CLEAR,DRY,,NO JUNCTION INVOLVED,,ASPHALT,ANIMAL/OBJECT IN RDWAY,$2501 TO $5000,COLLISION WITH DEER,I-69,0,,2022-11-06 20:36:00,,,
BLOOMINGTON PD,B22-50617,MONROE,VAN BUREN,BLOOMINGTON,2,,0,0,0,,S LIBERTY DR,,,,,S LIBERTY DR,W ST RD 45,,,,Y,,370.0,,39.14565487,-86.57816742,LOCAL/CITY RD,,,,URBAN,N,N,N,,DAYLIGHT,CLOUDY,DRY,,T-INTERSECTION,,ASPHALT,FAILURE TO YIELD RIGHT OF WAY,$2501 TO $5000,RIGHT ANGLE,WSTATERD45SLIBERTYDR,0,,2022-12-06 12:19:00,,,
INDIANA UNIV BLOOMINGTON PD,223984,MONROE,BLOOMINGTON,BLOOMINGTON,2,,0,0,0,,E 10TH ST,,,,,E 10TH ST,N FEE LN,,,,Y,,0.0,,39.17164585,-86.51755742,LOCAL/CITY RD,,,,URBAN,N,N,N,,DARK (LIGHTED),CLOUDY,DRY,,NO JUNCTION INVOLVED,,ASPHALT,FOLLOWING TOO CLOSELY,$1001 TO $2500,REAR END,NFEELNE 10THST,0,,2022-10-17 17:30:00,,,
BLOOMINGTON PD,B2252791,MONROE,BLOOMINGTON,BLOOMINGTON,2,,0,0,0,,W 3RD ST,,,,,W 3RD ST,S JOHNSON AVE,,,,Y,,106.0,,39.16450378,-86.56479783,,,,,URBAN,N,N,N,,DAYLIGHT,CLEAR,DRY,,NO JUNCTION INVOLVED,,ASPHALT,UNSAFE LN MOVEMENT,UNDER $1001,SAME DIRECTION SIDESWIPE,W 3RDSTSJOHNSONAVE,0,,2022-12-20 12:52:00,,,
MONROE SD,M22A27758,MONROE,PERRY,BLOOMINGTON,1,,0,0,0,,E SCHACHT RD,,,,,E SCHACHT RD,S FAIRFAX RD,,,,N,,1500.0,,39.10823003,-86.5176418,,,,,RURAL,N,N,N,,DAYLIGHT,CLEAR,DRY,,NO JUNCTION INVOLVED,,ASPHALT,OTHER (DRIVER) - EXPLAIN IN NARRATIVE,$1001 TO $2500,RAN OFF RD,S.FAIRFAXRDESCHACHTRD,0,,2022-11-11 01:05:00,,,
BLOOMINGTON PD,B22-52051,MONROE,PERRY,BLOOMINGTON,2,,0,0,0,,HILLSIDE DR,,,,,HILLSIDE DR,HIGHLAND AVE,,,,N,,200.0,,,,LOCAL/CITY RD,,,,URBAN,N,N,N,,DAYLIGHT,CLOUDY,DRY,,NO JUNCTION INVOLVED,,ASPHALT,UNSAFE BACKING,$2501 TO $5000,BACKING CRASH,HILLSIDEDRHIGHLANDAVE,0,,2022-12-15 11:35:00,,,
MONROE SD,M22A26664,MONROE,VAN BUREN,BLOOMINGTON,2,,1,0,0,,W ST RD 45,,,,,W ST RD 45,S BREEDEN RD,,,,N,,0.0,,39.0867789,-86.67203036,ST RD,,,,RURAL,N,N,N,,DAYLIGHT,RAIN,WET,,T-INTERSECTION,,ASPHALT,FOLLOWING TOO CLOSELY,$5001 TO $10000,REAR END,WSTATERD45SBREEDENRD,0,,2022-10-30 14:42:00,,,
MONROE SD,M22A29066,MONROE,RICHLAND,BLOOMINGTON,2,,0,0,0,,W 3RD ST,,,,,W 3RD ST,S PROFILE PKWY,,,,Y,,0.0,,39.16482976,-86.59258239,ST RD,,,,URBAN,N,N,N,,DARK (NOT LIGHTED),RAIN,WET,,FOUR-WAY INTERSECTION,,ASPHALT,DISREGARD SIGNAL/REG SIGN,$25001 TO $50000,RIGHT ANGLE,W 3RDSTSPROFILEPKWY,0,,2022-11-27 18:37:00,,,
INDIANA UNIV BLOOMINGTON PD,224173,MONROE,BLOOMINGTON,BLOOMINGTON,2,,0,0,0,150,EAGLESON AVE,,,,,EAGLESON AVE,,,,,N,,0.0,,39.16733061,-86.51533968,PRIVATE DR,,,,URBAN,N,N,N,,DAYLIGHT,CLEAR,DRY,,NO JUNCTION INVOLVED,,CONCRETE,FAILURE TO YIELD RIGHT OF WAY,UNDER $1001,OTHER - EXPLAIN IN NARRATIVE,EAGLESONAVE,0,,2022-10-24 08:00:00,,,
MONROE SD,M22A27084,MONROE,INDIAN CREEK,BLOOMINGTON,1,,0,0,0,,I-69 S,,,,,I-69 S,,,69.0,,N,,845.0,,39.07102912,-86.66457864,INTERSTATE,,,,RURAL,N,N,N,,DARK (NOT LIGHTED),CLEAR,DRY,,NO JUNCTION INVOLVED,,ASPHALT,ANIMAL/OBJECT IN RDWAY,$2501 TO $5000,COLLISION WITH OBJECT IN RD,SINTERSTATE69,0,,2022-11-04 07:00:00,,,
BLOOMINGTON PD,B22-43707,MONROE,PERRY,BLOOMINGTON,2,,0,0,0,,W 3RD ST,,,,,W 3RD ST,S COLLEGE AVE,,,,Y,,0.0,,39.16463068,-86.53492794,LOCAL/CITY RD,,,,URBAN,N,N,N,,DAYLIGHT,CLEAR,DRY,,FOUR-WAY INTERSECTION,,ASPHALT,UNSAFE LN MOVEMENT,$5001 TO $10000,SAME DIRECTION SIDESWIPE,W 3RDSTSCOLLEGEAVE,0,,2022-10-21 10:40:00,,,
MONROE SD,M22A28509,MONROE,PERRY,BLOOMINGTON,1,,0,0,0,,W TAPP RD,,,,,W TAPP RD,ST RD 37,,,,Y,,0.0,,39.13677064,-86.57227875,LOCAL/CITY RD,,,,URBAN,N,N,N,,DARK (LIGHTED),CLEAR,DRY,,TRAFFIC CIRCLE/ROUNDABOUT,,ASPHALT,FAILURE TO MAINTAIN LN,UNDER $1001,RAN OFF RD,WTAPPRDSTATERD37,0,,2022-11-21 01:10:00,,,
BLOOMINGTON PD,B22-50826,MONROE,BLOOMINGTON,BLOOMINGTON,2,,0,0,0,,W 6TH ST,,,,,W 6TH ST,N COLLEGE AVE,,,,Y,,53.0,,39.1675773,-86.534708,LOCAL/CITY RD,,,,URBAN,N,N,N,,DAYLIGHT,CLOUDY,DRY,,FOUR-WAY INTERSECTION,,ASPHALT,UNSAFE BACKING,$2501 TO $5000,BACKING CRASH,W6THSTNCOLLEGEAVE,0,,2022-12-07 16:31:00,,,
ISP BLOOMINGTON 33,2.022E+11,MONROE,POLK,BLOOMINGTON,2,,0,0,0,4850,ST RD 446,,,,,ST RD 446,,,,,N,,0.0,,39.06661743,-86.4086788,OTHER,,,,RURAL,N,N,N,,DARK (LIGHTED),CLEAR,DRY,,NO JUNCTION INVOLVED,,ASPHALT,OTHER (VEHICLE) - EXPLAIN IN NARRATIVE,$2501 TO $5000,RIGHT ANGLE,ST RD 446,0,,2022-11-04 22:30:00,,,
MONROE SD,M22A30185,MONROE,CLEAR CREEK,BLOOMINGTON,2,,0,0,0,,S ST RD 37,,,,,S ST RD 37,S KETCHEM RD,,,,N,,0.0,,39.07517917,-86.53641078,ST RD,,,,RURAL,N,N,N,,DAYLIGHT,RAIN,WET,,NO JUNCTION INVOLVED,,ASPHALT,FAILURE TO MAINTAIN LN,UNDER $1001,SAME DIRECTION SIDESWIPE,S.KETCHEMRDSSTATERD37,0,,2022-12-09 16:12:00,,,
ISP BLOOMINGTON 33,2.022E+11,MONROE,RICHLAND,ELLETTSVILLE,2,,0,0,0,,W ASSOCIATION ST,,,,,W ASSOCIATION ST,S SALE ST,,,,Y,,0.0,,39.23307397,-86.62544895,LOCAL/CITY RD,,,,URBAN,N,N,N,,DAYLIGHT,CLEAR,DRY,,FOUR-WAY INTERSECTION,,ASPHALT,IMPROPER TURNING,$5001 TO $10000,LEFT TURN,WASSOCIATIONSTSSALEST,0,,2022-10-19 17:05:00,,,
INDIANA UNIV BLOOMINGTON PD,224123,MONROE,BLOOMINGTON,BLOOMINGTON,1,,1,0,0,,E 10TH ST,,,,,E 10TH ST,ACCESS DR TO HILLTOP GARDEN,,,,Y,,0.0,,39.17152836,-86.50676555,LOCAL/CITY RD,,,,URBAN,N,N,N,,DARK (LIGHTED),CLOUDY,WET,,NO JUNCTION INVOLVED,,ASPHALT,UNSAFE SPEED,$10001 TO $25000,RAN OFF RD,E 10THSTACCESSDRTOHILLTOPGARDEN,0,,2022-10-26 02:22:00,,,
BLOOMINGTON PD,B22-45363,MONROE,PERRY,BLOOMINGTON,3,,0,0,0,,S COLLEGE MALL RD,,,,,S COLLEGE MALL RD,E BUICK CADILLAC BLVD,,,,Y,,370.0,,39.15871143,-86.49788325,LOCAL/CITY RD,,,,URBAN,N,N,N,,DAYLIGHT,RAIN,WET,,NO JUNCTION INVOLVED,,ASPHALT,RDWAY SURFACE CONDITION,$10001 TO $25000,REAR END,SCOLLEGEMALLRDEBUICKCADILLACBLVD,0,,2022-10-30 14:37:00,,,
BLOOMINGTON PD,B22-45201,MONROE,BLOOMINGTON,BLOOMINGTON,2,,0,0,0,,N STONELAKE DR,,,,,N STONELAKE DR,ST RD 46,,,,Y,,0.0,,39.18701721,-86.54666823,ST RD,,,,URBAN,N,N,N,,DAYLIGHT,CLEAR,DRY,,T-INTERSECTION,,ASPHALT,FOLLOWING TOO CLOSELY,$1001 TO $2500,REAR END,STATERD46NSTONELAKEDR,0,,2022-10-29 16:21:00,,,
MONROE SD,M22A26698,MONROE,SALT CREEK,BLOOMINGTON,1,,0,0,0,,ST RD 46,,,,,ST RD 46,N UPPER BIRDIE GALYAN RD,,,,N,,0.0,,39.16241446,-86.4127831,ST RD,,,,RURAL,N,Y,N,,DARK (NOT LIGHTED),RAIN,WET,,NO JUNCTION INVOLVED,,ASPHALT,ANIMAL/OBJECT IN RDWAY,$10001 TO $25000,COLLISION WITH OBJECT IN RD,STATERD46NUPPERBIRDIEGALYANRD,0,,2022-10-31 05:46:00,,,
ELLETTSVILLE PD,E22-05232,MONROE,RICHLAND,ELLETTSVILLE,2,,0,0,0,,W MAIN ST,,,,,W MAIN ST,N SALE ST,,,,Y,,0.0,,39.23455354,-86.62281257,LOCAL/CITY RD,,,,URBAN,N,N,N,,DAYLIGHT,RAIN,WET,,NO JUNCTION INVOLVED,,CONCRETE,FOLLOWING TOO CLOSELY,$2501 TO $5000,REAR END,W.MAINSTN.SALEST,0,,2022-12-14 16:39:00,,,
BLOOMINGTON PD,B22-52119,MONROE,PERRY,BLOOMINGTON,2,,0,0,0,,S COLLEGE MALL RD,,,,,S COLLEGE MALL RD,E 3RD ST,,,,Y,,0.0,,39.16300287,-86.49806818,LOCAL/CITY RD,,,,URBAN,N,N,N,,DARK (NOT LIGHTED),SNOW,WET,,FOUR-WAY INTERSECTION,,ASPHALT,FAILURE TO YIELD RIGHT OF WAY,$2501 TO $5000,SAME DIRECTION SIDESWIPE,SCOLLEGEMALLRDE 3RDST,0,,2022-12-15 18:31:00,,,
BLOOMINGTON PD,B22-53130,MONROE,BLOOMINGTON,BLOOMINGTON,2,,0,0,0,,3201 W ST RD 45,,,,,W ST RD 45,,,,,Y,,0.0,,0.0,0.0,PRIVATE DR,,,,URBAN,N,N,N,,DAYLIGHT,RAIN,WET,,NO JUNCTION INVOLVED,,ASPHALT,UNSAFE BACKING,$5001 TO $10000,BACKING CRASH,3201WSTATERD45,0,,2022-12-22 15:18:00,3201.0,,
BLOOMINGTON PD,B22-53526,MONROE,PERRY,BLOOMINGTON,2,,0,0,0,3000,S WALNUT ST PK,,,,,S WALNUT ST PK,,,,,Y,,0.0,,39.1300553,-86.52822688,PRIVATE DR,,,,URBAN,N,N,N,,DAYLIGHT,CLEAR,WET,,T-INTERSECTION,,ASPHALT,FAILURE TO YIELD RIGHT OF WAY,$2501 TO $5000,RIGHT ANGLE,SWALNUTSTPK,0,,2022-12-27 13:31:00,,,
MONROE SD,M22A28865,MONROE,BLOOMINGTON,,1,,1,0,0,,N RUSSELL RD,,,,,N RUSSELL RD,,,,,N,,0.0,,39.19561142,-86.48873631,COUNTY RD,,,,RURAL,N,N,N,,DARK (NOT LIGHTED),RAIN,WET,,NO JUNCTION INVOLVED,,ASPHALT,SPEED TOO FAST FOR WEATHER CONDITIONS,$2501 TO $5000,RAN OFF RD,NRUSSELLRD,0,,2022-11-25 00:22:00,,,
BLOOMINGTON PD,B22-52131,MONROE,BLOOMINGTON,BLOOMINGTON,2,,0,0,0,,ST RD 46,,,,,ST RD 46,N KINSER PK,,,,Y,,0.0,,39.18657594,-86.53775877,ST RD,,,,URBAN,N,N,N,,DARK (LIGHTED),CLOUDY,DRY,,FOUR-WAY INTERSECTION,,ASPHALT,FOLLOWING TOO CLOSELY,$1001 TO $2500,REAR END,STATERD46NKINSERPK,0,,2022-12-15 20:14:00,,,
MONROE SD,M22A31305,MONROE,BENTON,BLOOMINGTON,1,,0,0,0,,E OLD MYERS RD,,,,,E OLD MYERS RD,,,,,N,,0.0,,39.22580406,-86.4830892,COUNTY RD,,,,RURAL,N,N,N,,DARK (NOT LIGHTED),CLEAR,SNOW/SLUSH,,NO JUNCTION INVOLVED,,ASPHALT,ANIMAL/OBJECT IN RDWAY,$5001 TO $10000,RAN OFF RD,EOLDMYERSRD,0,,2022-12-27 02:15:00,,,
MONROE SD,M22A25518,MONROE,VAN BUREN,BLOOMINGTON,2,,1,0,0,,W ST RD 45,,,,,W ST RD 45,S LEONARD SPRINGS,,,,N,,0.0,,39.14136605,-86.58380684,ST RD,,,,RURAL,N,N,N,,DAYLIGHT,CLEAR,DRY,,FOUR-WAY INTERSECTION,,ASPHALT,FOLLOWING TOO CLOSELY,$2501 TO $5000,REAR END,WST RD 45SLEONARDSPRINGS,0,,2022-10-17 16:05:00,,,
BLOOMINGTON PD,B22-44476,MONROE,BLOOMINGTON,BLOOMINGTON,2,,0,0,0,,E 1ST,,,,,E 1ST,S WALNUT ST,,,,Y,,0.0,,39.15936834,-86.53362698,LOCAL/CITY RD,,,,URBAN,N,N,N,,DARK (LIGHTED),RAIN,WET,,FOUR-WAY INTERSECTION,,ASPHALT,DISREGARD SIGNAL/REG SIGN,$10001 TO $25000,RIGHT ANGLE,SWALNUTSTE1STST,0,,2022-10-25 19:16:00,,,
MONROE SD,M22A30824,MONROE,PERRY,BLOOMINGTON,3,,0,0,0,,W GORDON PK,,,,,W GORDON PK,,,,,Y,,0.0,,39.12029553,-86.53516703,PRIVATE DR,,,,URBAN,N,N,N,,DARK (LIGHTED),CLOUDY,DRY,,NO JUNCTION INVOLVED,,ASPHALT,OTHER (VEHICLE) - EXPLAIN IN NARRATIVE,$1001 TO $2500,OTHER - EXPLAIN IN NARRATIVE,WGORDONPK,0,,2022-12-18 20:22:00,,,
MONROE SD,M22A30279,MONROE,CLEAR CREEK,BLOOMINGTON,1,,0,0,0,8305,S STRAIN RIDGE RD,,,,,S STRAIN RIDGE RD,,,,,N,,0.0,,39.0496975,-86.50786616,LOCAL/CITY RD,,,,RURAL,N,N,N,,DARK (NOT LIGHTED),CLEAR,WET,,NO JUNCTION INVOLVED,,ASPHALT,SPEED TOO FAST FOR WEATHER CONDITIONS,$1001 TO $2500,RAN OFF RD,SSTRAINRIDGERD,0,,2022-12-11 00:00:00,,,
BLOOMINGTON PD,B22-37368,MONROE,BLOOMINGTON,BLOOMINGTON,2,,1,0,0,,N ROGERS ST,,,,,N ROGERS ST,W 7TH ST,,,,Y,,0.0,,39.16836806,-86.53866397,LOCAL/CITY RD,,,,URBAN,N,N,N,,DARK (LIGHTED),CLEAR,DRY,,FOUR-WAY INTERSECTION,,ASPHALT,FAILURE TO MAINTAIN LN,$25001 TO $50000,SAME DIRECTION SIDESWIPE,W7THSTNROGERSST,0,,2022-09-15 21:34:00,,,
MONROE SD,M22A30703,MONROE,VAN BUREN,BLOOMINGTON,2,,0,0,0,3585,W ST RD 45 WALMART,,,,,W ST RD 45 WALMART,,,,,N,,0.0,,39.1431667,-86.57921901,PRIVATE DR,,,,RURAL,N,N,N,,DARK (LIGHTED),CLOUDY,DRY,,NO JUNCTION INVOLVED,,ASPHALT,FAILURE TO YIELD RIGHT OF WAY,$2501 TO $5000,LEFT TURN,WSTATERD45 WALMART,0,,2022-12-16 17:46:00,,,
BLOOMINGTON PD,B22-43905,MONROE,BLOOMINGTON,BLOOMINGTON,2,,0,0,0,,E 15TH ST,,,,,E 15TH ST,N DUNN ST,,,,Y,,0.0,,39.17697481,-86.52829117,LOCAL/CITY RD,,,,URBAN,N,N,N,,DAYLIGHT,CLEAR,DRY,,FOUR-WAY INTERSECTION,,ASPHALT,UNSAFE BACKING,UNDER $1001,BACKING CRASH,NDUNNSTE15THST,0,,2022-10-22 14:20:00,,,
MONROE SD,M22A26868,MONROE,SALT CREEK,BLOOMINGTON,2,,0,0,0,,SWARTZ RIDGE RD,,,,,SWARTZ RIDGE RD,,,,,N,,0.0,,39.11799342,-86.44820423,PRIVATE DR,,,,RURAL,N,N,N,,DAYLIGHT,CLEAR,DRY,,NO JUNCTION INVOLVED,,GRAVEL,UNSAFE BACKING,$5001 TO $10000,BACKING CRASH,SWARTZRIDGERD,0,,2022-11-01 16:40:00,,,
INDIANA UNIV BLOOMINGTON PD,224737,MONROE,BLOOMINGTON,BLOOMINGTON,3,,0,0,0,,E 10TH ST,,,,,E 10TH ST,N EAGLESON AVE,,,,Y,,0.0,,39.17158243,-86.5154881,LOCAL/CITY RD,,,,URBAN,N,N,N,,DARK (NOT LIGHTED),RAIN,WET,,FOUR-WAY INTERSECTION,,ASPHALT,FOLLOWING TOO CLOSELY,$2501 TO $5000,REAR END,NEAGLESON AVEAVEE 10THST,0,,2022-12-02 19:05:00,,,
BLOOMINGTON PD,B22-48154,MONROE,PERRY,BLOOMINGTON,2,,1,0,0,,W ST RD 45,,,,,W ST RD 45,I-69 SB ON RAMP,,,,Y,,0.0,,39.14679226,-86.57441981,ST RD,,,,URBAN,N,N,N,,DARK (LIGHTED),CLOUDY,DRY,,FOUR-WAY INTERSECTION,,ASPHALT,DISREGARD SIGNAL/REG SIGN,$5001 TO $10000,OPPOSITE DIRECTION SIDESWIPE,WSTATERD45I-69SBONRAMP,0,,2022-11-18 20:02:00,,,
INDIANA UNIV BLOOMINGTON PD,224176,MONROE,BLOOMINGTON,BLOOMINGTON,2,,1,0,0,,E LAW LN,,,,,E LAW LN,N FEE LN,,,,Y,,0.0,,39.17384894,-86.51795036,LOCAL/CITY RD,,,,URBAN,N,N,N,,DAYLIGHT,CLEAR,DRY,,T-INTERSECTION,,ASPHALT,FAILURE TO YIELD RIGHT OF WAY,$10001 TO $25000,RIGHT ANGLE,NFEELNELAWLN,0,,2022-10-28 13:40:00,,,
BLOOMINGTON PD,B22-47302,MONROE,PERRY,BLOOMINGTON,1,,0,0,1,,S MULLER PKWY,,,,,S MULLER PKWY,W 3RD ST,,,,Y,,0.0,,39.16438143,-86.56276231,LOCAL/CITY RD,,,,URBAN,N,N,N,,DAYLIGHT,SNOW,SNOW/SLUSH,,FOUR-WAY INTERSECTION,,ASPHALT,ANIMAL/OBJECT IN RDWAY,$2501 TO $5000,COLLISION WITH DEER,W 3RDSTSMULLERPKWY,0,,2022-11-12 08:10:00,,,
MONROE SD,M22A27606,MONROE,BEAN BLOSSOM,BLOOMINGTON,1,,0,0,1,,ST RD 46,,,,,ST RD 46,W CHAFIN CHAPEL RD,,,,N,,0.0,,39.25843305,-86.65690609,ST RD,,,,RURAL,N,N,N,,DAWN/DUSK,CLEAR,DRY,,NO JUNCTION INVOLVED,,ASPHALT,ANIMAL/OBJECT IN RDWAY,$5001 TO $10000,COLLISION WITH DEER,WCHAFINCHAPELRDSTATERD46,0,,2022-11-10 06:57:00,,,
INDIANA UNIV BLOOMINGTON PD,225031,MONROE,BLOOMINGTON,BLOOMINGTON,2,,2,0,0,,E 10TH ST,,,,,E 10TH ST,N SUNRISE DR,,,,Y,,0.0,,39.17156163,-86.5126302,LOCAL/CITY RD,,,,URBAN,N,N,N,,DAYLIGHT,CLOUDY,DRY,,FOUR-WAY INTERSECTION,,ASPHALT,FOLLOWING TOO CLOSELY,$10001 TO $25000,REAR END,NSUNRISEDRE 10THST,0,,2022-12-31 13:05:00,,,
BLOOMINGTON PD,B22-49771,MONROE,BLOOMINGTON,BLOOMINGTON,1,,0,0,0,,I-69,,,,,I-69,,,137.5,,Y,,0.0,,39.17445882,-86.56545114,INTERSTATE,,,,URBAN,N,N,N,,DARK (NOT LIGHTED),CLOUDY,DRY,,NO JUNCTION INVOLVED,,ASPHALT,ANIMAL/OBJECT IN RDWAY,$1001 TO $2500,COLLISION WITH OBJECT IN RD,I-69137.5,0,,2022-11-30 19:31:00,,,
BLOOMINGTON PD,B22-46122,MONROE,PERRY,BLOOMINGTON,2,,1,0,0,,W 3RD ST,,,,,W 3RD ST,W BENHAM LN,,,,Y,,0.0,,39.16448435,-86.5636919,LOCAL/CITY RD,,,,URBAN,N,N,N,,DARK (LIGHTED),CLEAR,DRY,,NO JUNCTION INVOLVED,,ASPHALT,UNSAFE LN MOVEMENT,$1001 TO $2500,SAME DIRECTION SIDESWIPE,WBENHAMLNW 3RDST,0,,2022-11-04 07:04:00,,,
MONROE SD,M22A29432,MONROE,BEAN BLOSSOM,STINESVILLE,1,,0,0,0,,JENNER DR,,,,,JENNER DR,JENNER DR,,,,N,,211.0,,39.2955746,-86.6312724,LOCAL/CITY RD,,,,RURAL,N,N,N,,DARK (NOT LIGHTED),CLEAR,ICE,,NO JUNCTION INVOLVED,,ASPHALT,SPEED TOO FAST FOR WEATHER CONDITIONS,$5001 TO $10000,RAN OFF RD,JENNERDRJENNERDR,0,,2022-12-01 07:00:00,,,
INDIANA UNIV BLOOMINGTON PD,224947,MONROE,BLOOMINGTON,BLOOMINGTON,2,,0,0,0,,E 3RD ST,,,,,E 3RD ST,S HIGHLAND AVE,,,,Y,,0.0,,39.16425519,-86.51722168,LOCAL/CITY RD,,,,RURAL,N,N,N,,DAYLIGHT,CLOUDY,DRY,,NO JUNCTION INVOLVED,,ASPHALT,IMPROPER LN USAGE,$1001 TO $2500,SAME DIRECTION SIDESWIPE,SHIGHLANDAVEE 3RDST,0,,2022-12-16 00:01:00,,,
INDIANA UNIV BLOOMINGTON PD,224577,MONROE,BLOOMINGTON,BLOOMINGTON,1,,0,0,0,701,E 17TH ST,,,,,E 17TH ST,,,,,Y,,0.0,,39.18181768,-86.52659524,PRIVATE DR,,,,URBAN,N,N,N,,DAYLIGHT,CLEAR,DRY,,NO JUNCTION INVOLVED,,CONCRETE,UNSAFE BACKING,UNDER $1001,BACKING CRASH,E17THST,0,,2022-11-21 12:05:00,,,
ISP BLOOMINGTON 33,2022-00510899,MONROE,RICHLAND,BLOOMINGTON,2,,0,0,0,,N GATES DR,,,,,N GATES DR,W JACOB DR,,,,Y,,0.0,,39.16548092,-86.57602298,LOCAL/CITY RD,,,,URBAN,N,N,N,,DAYLIGHT,CLEAR,DRY,,T-INTERSECTION,,CONCRETE,UNSAFE BACKING,$2501 TO $5000,BACKING CRASH,WJACOBDRNGATESDR,0,,2022-11-18 12:30:00,,,
BLOOMINGTON PD,B22-43951,MONROE,PERRY,BLOOMINGTON,1,,0,0,0,,W 2ND ST,,,,,W 2ND ST,S WALNUT ST,,,,Y,,264.0,,39.16137322,-86.53421731,LOCAL/CITY RD,,,,URBAN,N,N,N,,DARK (NOT LIGHTED),CLEAR,DRY,,NO JUNCTION INVOLVED,,CONCRETE,UNSAFE LN MOVEMENT,$5001 TO $10000,RAN OFF RD,W 2NDSTSWALNUTST,0,,2022-10-22 20:30:00,,,
BLOOMINGTON PD,B22-43204,MONROE,PERRY,BLOOMINGTON,1,,0,0,0,,901 S WALNUT ST,,,,,S WALNUT ST,,,,,Y,,0.0,,39.15645391,-86.53343392,PRIVATE DR,,,,URBAN,N,N,N,,DAYLIGHT,CLOUDY,DRY,,NO JUNCTION INVOLVED,,ASPHALT,IMPROPER TURNING,$1001 TO $2500,RAN OFF RD,901SWALNUTST,0,,2022-10-18 17:25:00,901.0,,
DNR LAW ENFORCEMENT,06-22-02905,MONROE,CLEAR CREEK,SMITHVILLE(MONROE),1,,0,0,0,,E SMITHVILLE RD,,,,,E SMITHVILLE RD,,,,,N,,0.0,,39.07036218,-86.53051784,,,,,RURAL,N,N,N,,DARK (NOT LIGHTED),RAIN,WET,,NO JUNCTION INVOLVED,,ASPHALT,RDWAY SURFACE CONDITION,$1001 TO $2500,RAN OFF RD,ESMITHVILLERD,0,,2022-10-30 20:33:00,,,
MONROE SD,M22A26650,MONROE,RICHLAND,BLOOMINGTON,2,,0,0,0,,N CURRY PK,,,,,N CURRY PK,W VERNAL PK,,,,N,,0.0,,39.17877004,-86.58308201,LOCAL/CITY RD,,,,URBAN,N,N,N,,DAWN/DUSK,RAIN,WET,,FOUR-WAY INTERSECTION,,ASPHALT,FAILURE TO YIELD RIGHT OF WAY,$5001 TO $10000,RIGHT ANGLE,WVERNALPKNCURRYPK,0,,2022-10-30 12:59:00,,,
BLOOMINGTON PD,B22-49927,MONROE,PERRY,BLOOMINGTON,3,,1,0,0,,W BLOOMFIELD RD,,,,,W BLOOMFIELD RD,S WEIMER RD,,,,N,,106.0,,39.15413961,-86.56449027,LOCAL/CITY RD,,,,URBAN,N,N,N,,DARK (NOT LIGHTED),CLEAR,DRY,,NO JUNCTION INVOLVED,,ASPHALT,FOLLOWING TOO CLOSELY,$1001 TO $2500,REAR END,WBLOOMFIELDRDSWEIMERRD,0,,2022-12-01 17:58:00,,,
INDIANA UNIV BLOOMINGTON PD,224655,MONROE,BLOOMINGTON,BLOOMINGTON,2,,0,0,0,,ST RD 45,,,,,ST RD 45,,,,,N,,0.0,,39.17693912,-86.504985,ST RD,,,,URBAN,N,N,N,,DARK (LIGHTED),CLOUDY,WET,,NO JUNCTION INVOLVED,,ASPHALT,FOLLOWING TOO CLOSELY,$1001 TO $2500,REAR END,STATERD45,0,,2022-11-28 11:17:00,,,