Agency,Local Code,County,Township,City,Vehicles Involved,Trailers Involved,Number Injured,Number Dead,Number Deer,House Number,Roadway Name,Roadway Suffix,Roadway Number,Roadway Interchange,Roadway Ramp,Roadway Id,Intersecting Road,Intersecting Road Number,Mile Marker,Interchange,Corporate Limits?,Property Type,Feet From,Direction,Latitude,Longitude,Roadway Class,Traffic Control Devices?,Aggressive Driving?,Hit and Run?,Locality,School Zone?,Rumble Strips?,Construction?,Construction Type,Light Condition,Weather Conditions,Surface Condition,Type of Median,Roadway Junction Type,Road Character,Roadway Surface,Primary Factor,Damage Estimate,Manner of Collision,Unique Location Id,State Property Damage?,Traffic Control,DateTime,Address Number,Cyclist Involved,Pedestrian Involved
ELLETTSVILLE PD,E22-02611,MONROE,RICHLAND,ELLETTSVILLE,2,,0,0,0,,N SMITH PK,,,,,N SMITH PK,W ST RD 46,,,,Y,,0.0,,39.20989389,-86.58282086,LOCAL/CITY RD,,,,RURAL,N,N,N,,DAYLIGHT,CLEAR,DRY,,NO JUNCTION INVOLVED,,ASPHALT,OTHER (DRIVER) - EXPLAIN IN NARRATIVE,UNDER $1001,REAR END,WSTATERD46NSMITHPK,0,,2022-07-13 15:07:00,,,
MONROE SD,M22A18826,MONROE,PERRY,BLOOMINGTON,2,,0,0,0,,S ST RD 37,,,,,S ST RD 37,S VICTOR PK,,,,N,,0.0,,39.1055865,-86.551363,ST RD,,,,RURAL,N,Y,N,,DAYLIGHT,CLEAR,DRY,,T-INTERSECTION,,ASPHALT,DISREGARD SIGNAL/REG SIGN,$25001 TO $50000,RIGHT ANGLE,SVICTORPKSST RD 37,0,,2022-08-03 12:50:00,,,
MONROE SD,M22A9320,MONROE,PERRY,,2,,0,0,0,,S ROGERS ST,,,,,S ROGERS ST,W GREEN RD,,,,N,,0.0,,39.13111026,-86.53856298,,,,,URBAN,N,N,N,,DAYLIGHT,CLEAR,DRY,,T-INTERSECTION,,ASPHALT,OTHER (DRIVER) - EXPLAIN IN NARRATIVE,$5001 TO $10000,RIGHT ANGLE,WGREENRDSROGERSST,0,,2022-04-24 10:01:00,,,
MONROE SD,M22A24810,MONROE,PERRY,BLOOMINGTON,1,,0,0,1,,W TAPP RD,,,,,W TAPP RD,S DEBORAH DR.,,,,N,,655.0,,39.13674119,-86.56939201,LOCAL/CITY RD,,,,URBAN,N,N,N,,DARK (LIGHTED),CLEAR,DRY,,NO JUNCTION INVOLVED,,ASPHALT,ANIMAL/OBJECT IN RDWAY,$2501 TO $5000,COLLISION WITH DEER,WTAPPRDSDEBORAHDR.,0,,2022-10-09 19:52:00,,,
BLOOMINGTON PD,B22-06022,MONROE,PERRY,BLOOMINGTON,2,,2,0,0,,E MOORES PK,,,,,E MOORES PK,S RENWICK BLVD,,,,Y,,0.0,,39.15045414,-86.50030394,,,,,URBAN,N,N,N,,DAWN/DUSK,CLEAR,DRY,,NO JUNCTION INVOLVED,,ASPHALT,FOLLOWING TOO CLOSELY,$1001 TO $2500,REAR END,SRENWICKBLVDEMOORESPK,0,,2022-02-23 07:15:00,,,
BLOOMINGTON PD,B22-34450,MONROE,BLOOMINGTON,BLOOMINGTON,2,,0,0,0,,W 17TH ST,,,,,W 17TH ST,N KINSER PK,,,,Y,,300.0,,39.17903968,-86.5384809,LOCAL/CITY RD,,,,URBAN,N,N,N,,DAYLIGHT,CLEAR,DRY,,FOUR-WAY INTERSECTION,,ASPHALT,FAILURE TO YIELD RIGHT OF WAY,$5001 TO $10000,RIGHT ANGLE,W17THSTNKINSERPK,0,,2022-08-30 13:15:00,,,
MONROE SD,M22A25077,MONROE,RICHLAND,BLOOMINGTON,2,,0,0,0,,LOUDEN RD,,,,,LOUDEN RD,W RATLIFF RD,,,,N,,0.0,,39.21664983,-86.63990803,COUNTY RD,,,,RURAL,N,N,N,,DAYLIGHT,CLOUDY,DRY,,FOUR-WAY INTERSECTION,,ASPHALT,DISREGARD SIGNAL/REG SIGN,$10001 TO $25000,RIGHT ANGLE,WRATLIFFRDLOUDENRD,0,,2022-10-12 15:00:00,,,
BLOOMINGTON PD,B22-27150,MONROE,BLOOMINGTON,BLOOMINGTON,2,,1,0,0,,N COLLEGE AVE,,,,,N COLLEGE AVE,W 11TH ST,,,,Y,,0.0,,39.17327591,-86.53485113,LOCAL/CITY RD,,,,URBAN,N,N,N,,DARK (LIGHTED),CLOUDY,WET,,T-INTERSECTION,,ASPHALT,DISREGARD SIGNAL/REG SIGN,$10001 TO $25000,RIGHT ANGLE,W11THSTNCOLLEGEAVE,0,,2022-07-15 23:30:00,,,
BLOOMINGTON PD,B22-39882,MONROE,PERRY,BLOOMINGTON,1,,0,0,0,,S HENDERSON ST,,,,,S HENDERSON ST,E GRAHAM PL,,,,Y,,0.0,,39.13940539,-86.52698155,PRIVATE DR,,,,URBAN,N,N,N,,DARK (NOT LIGHTED),CLOUDY,DRY,,FOUR-WAY INTERSECTION,,ASPHALT,OTHER (DRIVER) - EXPLAIN IN NARRATIVE,$10001 TO $25000,OTHER - EXPLAIN IN NARRATIVE,SHENDERSONSTEGRAHAMPL,0,,2022-09-29 11:16:00,,,
BLOOMINGTON PD,B22-37141,MONROE,BLOOMINGTON,BLOOMINGTON,1,,0,0,0,,W ST RD 45/46,,,,,W ST RD 45/46,I-69 NB ON RAMP,,,,Y,,53.0,,39.18694956,-86.55139573,ST RD,,,,URBAN,N,N,N,,DAYLIGHT,CLEAR,DRY,,NO JUNCTION INVOLVED,,CONCRETE,OTHER (VEHICLE) - EXPLAIN IN NARRATIVE,$5001 TO $10000,OTHER - EXPLAIN IN NARRATIVE,WSTRD45/46BYPASSI-69 NBONRAMP,0,,2022-09-14 14:30:00,,,
BLOOMINGTON PD,B22-14516,MONROE,BLOOMINGTON,BLOOMINGTON,3,,0,0,0,,E 3RD ST,,,,,E 3RD ST,ST RD 46,,,,Y,,0.0,,39.16430407,-86.47206583,LOCAL/CITY RD,,,,URBAN,N,N,N,,DAYLIGHT,CLEAR,DRY,,FOUR-WAY INTERSECTION,,ASPHALT,FOLLOWING TOO CLOSELY,$2501 TO $5000,REAR END,STATERD46E 3RDST,0,,2022-04-23 18:06:00,,,
BLOOMINGTON PD,B22-14103,MONROE,BLOOMINGTON,BLOOMINGTON,1,,0,0,0,,E 3RD ST,,,,,E 3RD ST,S KINGSTON DR,,,,Y,,475.0,,39.16429235,-86.49200446,LOCAL/CITY RD,,,,URBAN,N,N,N,,DAYLIGHT,CLEAR,DRY,,NO JUNCTION INVOLVED,,ASPHALT,DRIVER DISTRACTED - EXPLAIN IN NARRATIVE,$50001 TO $100000,RAN OFF RD,SKINGSTONDRE 3RDST,0,,2022-04-21 19:28:00,,,
BLOOMINGTON PD,B22-17553,MONROE,BLOOMINGTON,BLOOMINGTON,2,,0,0,0,,N COLLEGE AVE,,,,,N COLLEGE AVE,W 12TH ST,,,,Y,,0.0,,39.17486961,-86.53478312,PRIVATE DR,,,,URBAN,N,N,N,,DAYLIGHT,CLEAR,DRY,,NO JUNCTION INVOLVED,,ASPHALT,UNSAFE BACKING,UNDER $1001,BACKING CRASH,W12THSTNCOLLEGEAVE,0,,2022-05-13 12:53:00,,,
BLOOMINGTON PD,B22-02718,MONROE,,BLOOMINGTON,2,,0,0,0,,E 11TH ST,,,,,E 11TH ST,N PARK AVE,,,,Y,,0.0,,39.173432,-86.524688,LOCAL/CITY RD,,,,URBAN,N,N,N,,DAYLIGHT,CLEAR,DRY,,FOUR-WAY INTERSECTION,,ASPHALT,FAILURE TO YIELD RIGHT OF WAY,$2501 TO $5000,RIGHT ANGLE,NPARKAVEE11THST,0,,2022-01-25 12:51:00,,,
BLOOMINGTON PD,B22-41922,MONROE,PERRY,BLOOMINGTON,2,,0,0,0,,W 3RD ST,,,,,W 3RD ST,W MULLER PKWY,,,,Y,,100.0,,39.1644458,-86.56246261,LOCAL/CITY RD,,,,URBAN,N,N,N,,DAYLIGHT,CLEAR,DRY,,NO JUNCTION INVOLVED,,ASPHALT,FOLLOWING TOO CLOSELY,$10001 TO $25000,REAR END,WMULLERPKWYW 3RDST,0,,2022-10-11 08:46:00,,,
ISP BLOOMINGTON 33,2.022E+11,MONROE,RICHLAND,ELLETTSVILLE,2,,1,0,0,,ST RD 46,,,,,ST RD 46,N LAKEVIEW DR,,,,Y,,0.0,,39.22145753,-86.6061386,ST RD,,,,URBAN,N,N,N,,DAYLIGHT,CLEAR,DRY,,NO JUNCTION INVOLVED,,ASPHALT,FAILURE TO YIELD RIGHT OF WAY,$2501 TO $5000,RIGHT ANGLE,STATERD46NLAKEVIEWDR,0,,2022-01-20 14:52:00,,,
BLOOMINGTON PD,B22-37517,MONROE,BLOOMINGTON,BLOOMINGTON,2,,0,0,0,,E 10TH ST,,,,,E 10TH ST,N PETE LLIS DR,,,,Y,,0.0,,39.17145606,-86.49530178,LOCAL/CITY RD,,,,URBAN,N,N,N,,DAYLIGHT,CLEAR,DRY,,FOUR-WAY INTERSECTION,,ASPHALT,FOLLOWING TOO CLOSELY,$2501 TO $5000,REAR END,NPETEELLISDRE 10THST,0,,2022-09-16 18:14:00,,,
BLOOMINGTON PD,B22-11176,MONROE,BLOOMINGTON,BLOOMINGTON,3,,2,0,0,,ST RD 45 46,,,,,ST RD 45 46,N DUNN,,,,Y,,0.0,,39.18631388,-86.52843007,ST RD,,,,URBAN,N,N,N,,DAYLIGHT,CLEAR,DRY,,FOUR-WAY INTERSECTION,,ASPHALT,UNSAFE SPEED,$5001 TO $10000,REAR END,STATERD4546NDUNN,0,,2022-04-01 14:30:00,,,
ELLETTSVILLE PD,E22-02340,MONROE,RICHLAND,ELLETTSVILLE,2,,2,0,0,,N MATHEWS DR,,,,,N MATHEWS DR,W MCNEELEY ST,,,,Y,,0.0,,39.23806688,-86.62396626,LOCAL/CITY RD,,,,URBAN,N,N,N,,DAYLIGHT,CLEAR,DRY,,NO JUNCTION INVOLVED,,ASPHALT,FAILURE TO YIELD RIGHT OF WAY,$10001 TO $25000,RIGHT ANGLE,WMCNEELEYSTNMATHEWSDR,0,,2022-06-23 19:20:00,,,
INDIANA UNIV BLOOMINGTON PD,220855,MONROE,BLOOMINGTON,BLOOMINGTON,1,,1,0,0,,E 10TH ST,,,,,E 10TH ST,N SUNRISE DR,,,,Y,,0.0,,39.17157723,-86.51248134,LOCAL/CITY RD,,,,URBAN,N,N,N,,DAYLIGHT,CLEAR,DRY,,FOUR-WAY INTERSECTION,,ASPHALT,IMPROPER PASSING,$1001 TO $2500,LEFT TURN,NSUNRISEDRE 10THST,1,,2022-03-05 17:20:00,,,True
MONROE SD,M22A7390,MONROE,BENTON,BLOOMINGTON,1,,0,0,0,,ST RD 45,,,,,ST RD 45,BENT PINE DR,,,,N,,634.0,,39.21367677,-86.45707328,ST RD,,,,RURAL,N,N,N,,UNKNOWN,RAIN,WET,,NO JUNCTION INVOLVED,,ASPHALT,LEFT OF CENTER,$2501 TO $5000,RAN OFF RD,STATERD45BENTPINEDR,0,,2022-04-01 07:24:00,,,
MONROE SD,M22A17109,MONROE,PERRY,BLOOMINGTON,2,,0,0,0,,E SCHACHT RD,,,,,E SCHACHT RD,S HARRELL RD,,,,N,,3800.0,,,,LOCAL/CITY RD,,,,RURAL,N,N,N,,DAYLIGHT,CLEAR,DRY,,NO JUNCTION INVOLVED,,ASPHALT,LEFT OF CENTER,$2501 TO $5000,OPPOSITE DIRECTION SIDESWIPE,SHARRELLRDESCHACHTRD,0,,2022-07-16 15:48:00,,,
BLOOMINGTON PD,B22-28183,MONROE,BLOOMINGTON,BLOOMINGTON,2,,0,0,0,,I-69 SB OFF-RAMP,,,99,C,I-69 SB OFF-RAMP,W BLOOMFIELD RD,,,,Y,,0.0,,39.14702662,-86.57483478,INTERSTATE,,,,URBAN,N,N,N,,DAYLIGHT,CLEAR,DRY,,RAMP,,ASPHALT,FOLLOWING TOO CLOSELY,$2501 TO $5000,REAR END,WBLOOMFIELDRDI-69SBOFF-RAMP099C,0,,2022-07-22 17:25:00,,,
BLOOMINGTON PD,B22-10158,MONROE,PERRY,BLOOMINGTON,2,,0,0,0,,W BLOOMFIELD RD,,,,,W BLOOMFIELD RD,S LANDMARK AVE,,,,Y,,0.0,,39.159933,-86.55386,LOCAL/CITY RD,,,,URBAN,N,N,N,,DAYLIGHT,CLOUDY,DRY,,FOUR-WAY INTERSECTION,,ASPHALT,FOLLOWING TOO CLOSELY,$2501 TO $5000,REAR END,WBLOOMFIELDRDSLANDMARKAVE,0,,2022-03-25 11:22:00,,,
BLOOMINGTON PD,B22-19245,MONROE,VAN BUREN,BLOOMINGTON,1,,1,0,0,,4685 S LEONARD SPRINGS RD,,,,,S LEONARD SPRINGS RD,,,,,Y,,0.0,,39.11828793,-86.591577,PRIVATE DR,,,,RURAL,N,N,N,,DAYLIGHT,CLOUDY,DRY,,NO JUNCTION INVOLVED,,GRAVEL,OVERCORRECTING/OVERSTEERING,$1001 TO $2500,RAN OFF RD,4685SLEONARDSPRINGSRD,0,,2022-05-25 09:40:00,4685.0,,
BLOOMINGTON PD,B22-33068,MONROE,BLOOMINGTON,BLOOMINGTON,2,,0,0,0,,E 12TH ST,,,,,E 12TH ST,N GRANT,,,,Y,,150.0,,39.17439269,-86.52897484,,,,,URBAN,N,N,N,,DAWN/DUSK,CLEAR,DRY,,T-INTERSECTION,,ASPHALT,FAILURE TO YIELD RIGHT OF WAY,$1001 TO $2500,RIGHT ANGLE,NGRANTE12THST,0,,2022-08-22 20:32:00,,,
ELLETTSVILLE PD,E2203287,MONROE,RICHLAND,ELLETTSVILLE,2,0.0,0,0,0,4444,W ST RD 46,RD,,,,W ST RD 46,,,,,Y,,,,39.215124,-86.591774,OTHER,,N,N,URBAN,N,N,N,,DAYLIGHT,CLOUDY,DRY,,NO JUNCTION INVOLVED,NON-RDWAY CRASH,ASPHALT,UNSAFE BACKING,$1001 TO $2500,BACKING CRASH,WESTSTATERD46RD,0,NONE,2022-08-29 18:05:00,,,
INDIANA UNIV BLOOMINGTON PD,223798,MONROE,BLOOMINGTON,BLOOMINGTON,3,,1,0,0,,E 3RD ST,,,,,E 3RD ST,S FESS AVE,,,,Y,,0.0,,39.16429582,-86.52531034,LOCAL/CITY RD,,,,URBAN,N,N,N,,DAYLIGHT,CLEAR,DRY,,NO JUNCTION INVOLVED,,ASPHALT,FOLLOWING TOO CLOSELY,$5001 TO $10000,REAR END,SFESSAVEE 3RDST,0,,2022-10-07 15:00:00,,,
MONROE SD,M22A2727,MONROE,PERRY,BLOOMINGTON,1,,0,0,0,,I-69,,,,,I-69,S ST RD 37,,114.5,,N,,0.0,,39.11107904,-86.5602005,ST RD,,,,RURAL,N,N,N,,DAYLIGHT,CLOUDY,SNOW/SLUSH,,INTERCHANGE,,ASPHALT,RDWAY SURFACE CONDITION,$5001 TO $10000,RAN OFF RD,SOUTHSTATERD37INTERSTATE69,0,,2022-02-04 02:10:00,,,
ISP BLOOMINGTON 33,2.022E+11,MONROE,POLK,BLOOMINGTON,2,,0,0,1,,ST RD 446,,,,,ST RD 446,TOWER RIDGE RD,,,,N,,500.0,,39.01822677,-86.40204562,ST RD,,,,RURAL,N,N,N,,DAYLIGHT,CLEAR,DRY,,NO JUNCTION INVOLVED,,ASPHALT,ANIMAL/OBJECT IN RDWAY,$5001 TO $10000,COLLISION WITH DEER,TOWERRIDGERDSTATERD446,0,,2022-08-30 17:20:00,,,
BLOOMINGTON PD,B22-32089,MONROE,PERRY,BLOOMINGTON,2,,0,0,0,1717,S WALNUT ST,,,,,S WALNUT ST,,,,,Y,,0.0,,39.14787656,-86.5324331,PRIVATE DR,,,,URBAN,N,N,N,,DAYLIGHT,CLEAR,DRY,,NO JUNCTION INVOLVED,,ASPHALT,UNSAFE BACKING,$1001 TO $2500,BACKING CRASH,S.WALNUTST,0,,2022-08-17 13:54:00,,,
INDIANA UNIV BLOOMINGTON PD,223676,MONROE,BLOOMINGTON,BLOOMINGTON,2,,0,0,0,,N FEE LN,,,,,N FEE LN,ST RD 45,,,,Y,,0.0,,39.18579579,-86.51971526,LOCAL/CITY RD,,,,URBAN,N,N,N,,DAYLIGHT,CLEAR,DRY,,NO JUNCTION INVOLVED,,ASPHALT,DRIVER DISTRACTED - EXPLAIN IN NARRATIVE,UNDER $1001,REAR END,STATERD45NFEELN,0,,2022-09-30 14:55:00,,,
BLOOMINGTON PD,B22-22692,MONROE,PERRY,BLOOMINGTON,2,,0,0,0,,S WALNUT ST,,,,,S WALNUT ST,E HILLSIDE DR,,,,Y,,0.0,,,,LOCAL/CITY RD,,,,URBAN,N,N,N,,DAYLIGHT,CLOUDY,DRY,,FOUR-WAY INTERSECTION,,ASPHALT,FOLLOWING TOO CLOSELY,$5001 TO $10000,REAR END,S.WALNUTSTEHILLSIDEDR,0,,2022-06-17 07:55:00,,,
MONROE SD,M22A23248,MONROE,VAN BUREN,BLOOMINGTON,2,,0,0,0,,W BELLE AVE,,,,,W BELLE AVE,S CURRY PK,,,,N,,0.0,,39.16328263,-86.58286053,COUNTY RD,,,,RURAL,N,N,N,,DAYLIGHT,CLEAR,DRY,,T-INTERSECTION,,ASPHALT,FOLLOWING TOO CLOSELY,$2501 TO $5000,REAR END,WBELLEAVESCURRYPK,0,,2022-09-21 16:20:00,,,
BLOOMINGTON PD,B22-41789,MONROE,RICHLAND,BLOOMINGTON,2,,0,0,0,,380 N JACOB DR,,,,,N JACOB DR,,,,,Y,,0.0,,0.0,0.0,PRIVATE DR,,,,URBAN,N,N,N,,DAYLIGHT,CLEAR,DRY,,NO JUNCTION INVOLVED,,ASPHALT,UNSAFE BACKING,$2501 TO $5000,BACKING CRASH,380N.JACOBDR,0,,2022-10-10 12:25:00,380.0,,
BLOOMINGTON PD,B22-35773,MONROE,BLOOMINGTON,BLOOMINGTON,2,,1,0,0,,N LINCOLN ST,,,,,N LINCOLN ST,E 7TH ST,,,,Y,,0.0,,39.16858248,-86.53105921,LOCAL/CITY RD,,,,URBAN,N,N,N,,DAYLIGHT,CLEAR,DRY,,FOUR-WAY INTERSECTION,,ASPHALT,FAILURE TO YIELD RIGHT OF WAY,$2501 TO $5000,RIGHT ANGLE,NLINCOLNSTE7THST,0,,2022-09-06 19:03:00,,,
MONROE SD,M22A13670,MONROE,PERRY,BLOOMINGTON,2,,2,0,0,,S FAIRFAX RD,,,,,S FAIRFAX RD,E SCHACHT RD,,,,N,,0.0,,39.10697482,-86.52404971,LOCAL/CITY RD,,,,RURAL,N,N,N,,DAYLIGHT,CLEAR,DRY,,T-INTERSECTION,,ASPHALT,LEFT OF CENTER,$25001 TO $50000,HEAD ON BETWEEN TWO MOTOR VEHICLES,S.FAIRFAXRDESCHACHTRD,0,,2022-06-10 15:07:00,,,
MONROE SD,M22A22463,MONROE,RICHLAND,BLOOMINGTON,1,,0,0,0,,W VERNAL PK,,,,,W VERNAL PK,N THOMAS RD,,,,N,,0.0,,39.18907778,-86.63013843,COUNTY RD,,,,URBAN,N,N,N,,DAYLIGHT,CLEAR,DRY,,NO JUNCTION INVOLVED,,ASPHALT,OTHER (DRIVER) - EXPLAIN IN NARRATIVE,$5001 TO $10000,RAN OFF RD,WVERNALPKNTHOMASRD,0,,2022-09-12 15:01:00,,,
ELLETTSVILLE PD,E2201821,MONROE,RICHLAND,ELLETTSVILLE,2,0.0,0,0,0,,,,ST RD 46 W,,,ST RD 46 W,DEPOT,,,,Y,,300.0,E,39.232376,-86.62008998,ST RD,,N,N,URBAN,N,N,N,,DAYLIGHT,CLOUDY,DRY,,NO JUNCTION INVOLVED,CURVE/LEVEL,ASPHALT,UNSAFE LN MOVEMENT,$2501 TO $5000,SAME DIRECTION SIDESWIPE,DEPOTRDST RD 46 W,0,NONE,2022-05-11 17:41:00,,,
BLOOMINGTON PD,B22-17935,MONROE,VAN BUREN,BLOOMINGTON,1,,0,0,0,,S CURRY PK,,,,,S CURRY PK,W ST RD 45,,,,Y,,100.0,,39.14201541,-86.58255406,ST RD,,,,URBAN,N,N,N,,DAYLIGHT,CLEAR,WET,,FOUR-WAY INTERSECTION,,ASPHALT,UNDER STEERING/UNDER CORRECTING,$1001 TO $2500,RAN OFF RD,WSTATERD45SCURRYPK,0,,2022-05-16 09:46:00,,,
BLOOMINGTON PD,B22-03809,MONROE,BLOOMINGTON,BLOOMINGTON,1,,0,0,0,,S LINCOLN ST,,,,,S LINCOLN ST,E 4TH ST,,,,Y,,0.0,,39.16577511,-86.53105563,LOCAL/CITY RD,,,,URBAN,N,N,N,,DARK (LIGHTED),SNOW,SNOW/SLUSH,,NO JUNCTION INVOLVED,,ASPHALT,RDWAY SURFACE CONDITION,$2501 TO $5000,RAN OFF RD,SLINCOLNSTE4THST,0,,2022-02-03 06:18:00,,,
ISP BLOOMINGTON 33,2022-00195178,MONROE,VAN BUREN,BLOOMINGTON,1,,1,0,0,,W MAY RD,,,,,W MAY RD,S ROCKPORT RD,,,,N,,370.0,,39.09331654,-86.5875505,COUNTY RD,,,,RURAL,N,N,N,,DAYLIGHT,CLEAR,DRY,,NO JUNCTION INVOLVED,,ASPHALT,UNSAFE LN MOVEMENT,$2501 TO $5000,,WMAYRDSROCKPORTRD,0,,2022-05-01 13:15:00,,,
ISP BLOOMINGTON 33,2.022E+11,MONROE,PERRY,BLOOMINGTON,2,,0,0,0,,W 3RD ST,,,,,W 3RD ST,I-69,,,,Y,,0.0,,39.16475153,-86.5738302,INTERSTATE,,,,URBAN,N,N,N,,DAYLIGHT,RAIN,WET,,INTERCHANGE,,ASPHALT,SPEED TOO FAST FOR WEATHER CONDITIONS,$2501 TO $5000,REAR END,W 3RDSTINTERSTATE69,0,,2022-04-30 19:43:00,,,
BLOOMINGTON PD,B22-22936,MONROE,BLOOMINGTON,BLOOMINGTON,1,,0,0,1,,N MONROE ST,,,,,N MONROE ST,ST RD 46,,,,Y,,0.0,,39.18680028,-86.54716979,,,,,URBAN,N,N,N,,DARK (NOT LIGHTED),CLEAR,DRY,,FOUR-WAY INTERSECTION,,ASPHALT,ANIMAL/OBJECT IN RDWAY,$1001 TO $2500,COLLISION WITH DEER,STATERD46NMONROEST,0,,2022-06-18 22:00:00,,,
BLOOMINGTON PD,B22-02756,MONROE,PERRY,BLOOMINGTON,2,,0,0,0,,S PATTERSON DR,,,,,S PATTERSON DR,W BLOOMFIELD RD,,,,Y,,0.0,,39.16057635,-86.54836539,LOCAL/CITY RD,,,,URBAN,N,N,N,,DAYLIGHT,CLEAR,DRY,,FOUR-WAY INTERSECTION,,ASPHALT,FAILURE TO YIELD RIGHT OF WAY,$2501 TO $5000,SAME DIRECTION SIDESWIPE,WBLOOMFIELDRDSPATTERSONDR,0,,2022-01-25 18:16:00,,,
BLOOMINGTON PD,B22-37726,MONROE,BLOOMINGTON,BLOOMINGTON,1,,0,1,0,,N WALNUT ST,,,,,N WALNUT ST,E 12TH ST,,,,Y,,0.0,,39.1742856,-86.53356976,LOCAL/CITY RD,,,,URBAN,N,N,N,,DARK (LIGHTED),CLEAR,DRY,,FOUR-WAY INTERSECTION,,ASPHALT,OTHER (DRIVER) - EXPLAIN IN NARRATIVE,$1001 TO $2500,OTHER - EXPLAIN IN NARRATIVE,NWALNUTSTE12THST,1,,2022-09-18 01:49:00,,,True
BLOOMINGTON PD,B22-08080,MONROE,PERRY,BLOOMINGTON,1,,0,0,0,,S ROGERS ST,,,,,S ROGERS ST,W RALSTON DR,,,,Y,,211.0,,39.13871602,-86.53853363,LOCAL/CITY RD,,,,URBAN,N,N,N,,DARK (NOT LIGHTED),CLEAR,DRY,,T-INTERSECTION,,ASPHALT,UNSAFE LN MOVEMENT,$2501 TO $5000,OTHER - EXPLAIN IN NARRATIVE,WRALSTONDRSROGERSST,0,,2022-03-11 02:52:00,,,
ELLETTSVILLE PD,E2201384,MONROE,RICHLAND,ELLETTSVILLE,1,0.0,0,0,1,,,,ST RD 46 W,,,ST RD 46 W,DEER PARK,,,,Y,,100.0,W,39.21215347,-86.58752598,ST RD,,N,N,URBAN,N,N,N,,DARK (LIGHTED),CLOUDY,DRY,,NO JUNCTION INVOLVED,STRAIGHT/LEVEL,ASPHALT,ANIMAL/OBJECT IN RDWAY,UNDER $1001,COLLISION WITH DEER,DEERPARKDRST RD 46 W,0,NONE,2022-04-15 20:45:00,,,
BLOOMINGTON PD,B22-40148,MONROE,PERRY,BLOOMINGTON,2,,0,0,0,,W COUNTRY CLUB DR,,,,,W COUNTRY CLUB DR,S MADISON ST,,,,Y,,0.0,,39.13598344,-86.53636057,PRIVATE DR,,,,URBAN,N,N,N,,DARK (NOT LIGHTED),CLEAR,DRY,,NO JUNCTION INVOLVED,,ASPHALT,UNSAFE BACKING,$1001 TO $2500,BACKING CRASH,WCOUNTRYCLUBDRSMADISONST,0,,2022-10-01 00:01:00,,,
BLOOMINGTON PD,B22-03682,MONROE,PERRY,BLOOMINGTON,2,,1,0,0,,S KINGSTON DR,,,,,S KINGSTON DR,E 3RD ST,,,,N,,0.0,,39.16346549,-86.49310838,LOCAL/CITY RD,,,,URBAN,N,N,N,,DAYLIGHT,RAIN,WET,,FOUR-WAY INTERSECTION,,ASPHALT,FAILURE TO YIELD RIGHT OF WAY,$1001 TO $2500,RIGHT ANGLE,SKINGSTONDRE 3RDST,0,,2022-02-02 14:45:00,,,
BLOOMINGTON PD,B22-29358,MONROE,PERRY,BLOOMINGTON,2,,0,0,0,,S CLARIZZ BLVD,,,,,S CLARIZZ BLVD,E COVENANTER DR,,,,Y,,0.0,,39.15298991,-86.49065909,LOCAL/CITY RD,,,,URBAN,N,N,N,,DAYLIGHT,CLEAR,DRY,,NO JUNCTION INVOLVED,,ASPHALT,UNSAFE LN MOVEMENT,$1001 TO $2500,SAME DIRECTION SIDESWIPE,SCLARIZZBLVDECOVENANTERDR,0,,2022-07-31 14:03:00,,,
BLOOMINGTON PD,B22-19586,MONROE,PERRY,BLOOMINGTON,2,,0,0,0,350,S LANDMARK AVE,,,,,S LANDMARK AVE,,,,,Y,,0.0,,39.16362564,-86.55630815,PRIVATE DR,,,,URBAN,N,N,N,,DAYLIGHT,CLOUDY,WET,,NO JUNCTION INVOLVED,,ASPHALT,UNSAFE BACKING,UNDER $1001,BACKING CRASH,SLANDMARKAVE,0,,2022-05-27 15:30:00,,,
BLOOMINGTON PD,B22-25860,MONROE,PERRY,BLOOMINGTON,2,,0,0,0,,S ROGERS ST,,,,,S ROGERS ST,W COUNTRY CLUB DR,,,,Y,,0.0,,39.13604436,-86.53825514,LOCAL/CITY RD,,,,URBAN,N,N,N,,DAYLIGHT,RAIN,WET,,FOUR-WAY INTERSECTION,,ASPHALT,FOLLOWING TOO CLOSELY,$1001 TO $2500,REAR END,WCOUNTRYCLUBDRSROGERSST,0,,2022-07-07 15:52:00,,,
INDIANA UNIV BLOOMINGTON PD,223704,MONROE,BLOOMINGTON,BLOOMINGTON,2,,0,0,0,1100,E 13TH ST,,,,,E 13TH ST,,,,,Y,,0.0,,39.17493915,-86.52088468,PRIVATE DR,,,,URBAN,N,N,N,,DAYLIGHT,CLEAR,DRY,,NO JUNCTION INVOLVED,,ASPHALT,UNSAFE BACKING,$1001 TO $2500,BACKING CRASH,E13THST,0,,2022-10-02 15:00:00,,,
ISP BLOOMINGTON 33,2.022E+11,MONROE,WASHINGTON,BLOOMINGTON,1,,0,0,0,,RAMP I-69-125-G,,,125,G,RAMP I-69-125-G,,,,,N,,0.0,,39.267204,-86.52376122,INTERSTATE,,,,RURAL,N,N,N,,DAYLIGHT,CLEAR,DRY,,RAMP,,ASPHALT,INSECURE/LEAKY LOAD,OVER $100000,OTHER - EXPLAIN IN NARRATIVE,RAMPI-69-125-G125G,0,,2022-05-31 11:08:00,,,
BLOOMINGTON PD,B22-18743,MONROE,PERRY,BLOOMINGTON,2,,0,0,0,,W COUNTRY CLUB DR,,,,,W COUNTRY CLUB DR,S MADISON ST,,,,Y,,150.0,,39.13597668,-86.5369091,LOCAL/CITY RD,,,,URBAN,N,N,N,,DAYLIGHT,CLOUDY,DRY,,NO JUNCTION INVOLVED,,ASPHALT,FOLLOWING TOO CLOSELY,$1001 TO $2500,REAR END,WCOUNTRYCLUBDRSMADISONST,0,,2022-05-21 19:58:00,,,