Agency,Local Code,County,Township,City,Vehicles Involved,Trailers Involved,Number Injured,Number Dead,Number Deer,House Number,Roadway Name,Roadway Suffix,Roadway Number,Roadway Interchange,Roadway Ramp,Roadway Id,Intersecting Road,Intersecting Road Number,Mile Marker,Interchange,Corporate Limits?,Property Type,Feet From,Direction,Latitude,Longitude,Roadway Class,Traffic Control Devices?,Aggressive Driving?,Hit and Run?,Locality,School Zone?,Rumble Strips?,Construction?,Construction Type,Light Condition,Weather Conditions,Surface Condition,Type of Median,Roadway Junction Type,Road Character,Roadway Surface,Primary Factor,Damage Estimate,Manner of Collision,Unique Location Id,State Property Damage?,Traffic Control,DateTime,Address Number,Cyclist Involved,Pedestrian Involved
BLOOMINGTON PD,B22-26317,MONROE,BLOOMINGTON,BLOOMINGTON,2,,0,0,0,,N WALNUT ST,,,,,N WALNUT ST,N FRITZ DR,,,,Y,,0.0,,,,LOCAL/CITY RD,,,,URBAN,N,N,N,,DAYLIGHT,CLEAR,DRY,,T-INTERSECTION,,ASPHALT,FOLLOWING TOO CLOSELY,$5001 TO $10000,REAR END,N.WALNUTSTN.FRITZDR,0,,2022-07-10 05:47:00,,,
BLOOMINGTON PD,B22-12045,MONROE,PERRY,BLOOMINGTON,2,,0,0,0,,S COLLEGE AVE,,,,,S COLLEGE AVE,W 1ST,,,,Y,,0.0,,39.15933506,-86.53497166,LOCAL/CITY RD,,,,URBAN,N,N,N,,DAYLIGHT,CLOUDY,WET,,FOUR-WAY INTERSECTION,,ASPHALT,DISREGARD SIGNAL/REG SIGN,$5001 TO $10000,RIGHT ANGLE,W1STSTSCOLLEGEAVE,0,,2022-04-07 15:55:00,,,
ELLETTSVILLE PD,E2201010,MONROE,RICHLAND,ELLETTSVILLE,2,0.0,0,0,0,,,,ST RD 46 W,,,ST RD 46 W,FOREST PARK,,,,Y,,,,39.212048,-86.5872,ST RD,,N,N,RURAL,N,N,N,,DAYLIGHT,CLEAR,DRY,,NO JUNCTION INVOLVED,STRAIGHT/LEVEL,ASPHALT,FAILURE TO YIELD RIGHT OF WAY,$10001 TO $25000,LEFT TURN,FORESTPARKDRST RD 46 W,0,LN CONTROL,2022-03-21 13:30:00,,,
BLOOMINGTON PD,B22-36748,MONROE,BLOOMINGTON,BLOOMINGTON,2,,0,0,0,,N COLLEGE AVE,,,,,N COLLEGE AVE,9TH ST,,,,Y,,200.0,,39.170455,-86.534838,LOCAL/CITY RD,,,,URBAN,N,N,N,,DAYLIGHT,CLOUDY,DRY,,NO JUNCTION INVOLVED,,ASPHALT,UNSAFE LN MOVEMENT,$2501 TO $5000,SAME DIRECTION SIDESWIPE,N.COLLEGEAVE9THST,0,,2022-09-12 13:09:00,,,
MONROE SD,M22A4881,MONROE,VAN BUREN,BLOOMINGTON,2,,0,0,0,1285,S LIBERTY DR,,,,,S LIBERTY DR,,,,,N,,0.0,,39.15848096,-86.57754368,PRIVATE DR,,,,RURAL,N,N,N,,DAYLIGHT,CLEAR,DRY,,NO JUNCTION INVOLVED,,ASPHALT,UNSAFE BACKING,UNDER $1001,BACKING CRASH,SLIBERTYDR,0,,2022-03-01 17:58:00,,,
BLOOMINGTON PD,B22-05131,MONROE,BLOOMINGTON,BLOOMINGTON,2,,1,0,0,,E 3RD ST,,,,,E 3RD ST,ST RD 446,,,,Y,,150.0,,39.16439043,-86.47211676,LOCAL/CITY RD,,,,URBAN,N,N,N,,DAYLIGHT,CLEAR,DRY,,NO JUNCTION INVOLVED,,ASPHALT,FOLLOWING TOO CLOSELY,$2501 TO $5000,REAR END,STATERD446E 3RDST,0,,2022-02-15 04:40:00,,,
MONROE SD,M22A19282,MONROE,SALT CREEK,BLOOMINGTON,2,,0,0,0,,ST RD 46,,,,,ST RD 46,LOWER BIRDIE GALYAN RD,,,,N,,0.0,,39.1626939,-86.41335115,ST RD,,,,RURAL,N,N,N,,DAWN/DUSK,CLEAR,DRY,,T-INTERSECTION,,ASPHALT,IMPROPER TURNING,UNDER $1001,HEAD ON BETWEEN TWO MOTOR VEHICLES,STATERD46LOWERBIRDIEGALYANRD,0,,2022-08-08 08:44:00,,,
BLOOMINGTON PD,B22-14245,MONROE,BLOOMINGTON,BLOOMINGTON,2,,0,0,0,2796,N ST RD 37,,,,,N ST RD 37,,,,,N,,0.0,,39.19805241,-86.53680272,PRIVATE DR,,,,URBAN,N,N,N,,DAYLIGHT,CLEAR,DRY,,NO JUNCTION INVOLVED,,ASPHALT,UNSAFE BACKING,$1001 TO $2500,REAR END,NOLDSTATERD37,0,,2022-04-22 16:31:00,,,
BLOOMINGTON PD,B22-39225,MONROE,WASHINGTON,BLOOMINGTON,2,,0,0,0,,I-69,,,,,I-69,,,,,N,,0.0,,39.32921846,-86.51542372,INTERSTATE,,,,RURAL,N,Y,N,,DARK (NOT LIGHTED),CLEAR,DRY,,NO JUNCTION INVOLVED,,ASPHALT,UNDER STEERING/UNDER CORRECTING,$10001 TO $25000,SAME DIRECTION SIDESWIPE,I-69,0,,2022-09-27 05:15:00,,,
BLOOMINGTON PD,B22-17799,MONROE,PERRY,BLOOMINGTON,1,,0,0,0,,S WALNUT ST,,,,,S WALNUT ST,,,,,N,,0.0,,39.14830307,-86.5330414,PRIVATE DR,,,,URBAN,N,N,N,,DARK (NOT LIGHTED),CLOUDY,WET,,NO JUNCTION INVOLVED,,ASPHALT,UNSAFE LN MOVEMENT,$1001 TO $2500,RAN OFF RD,SWALNUTST,0,,2022-05-15 01:48:00,,,
MONROE SD,M22A16599,MONROE,BEAN BLOSSOM,ELLETTSVILLE,1,,1,0,0,,W CHAFIN CHAPEL RD,,,,,W CHAFIN CHAPEL RD,RODEO DR,,,,N,,0.0,,39.25960195,-86.64515262,LOCAL/CITY RD,,,,RURAL,N,N,N,,DAYLIGHT,CLEAR,DRY,,T-INTERSECTION,,ASPHALT,PEDESTRIAN ACTION,UNDER $1001,OTHER - EXPLAIN IN NARRATIVE,WCHAFINCHAPELRDRODEODR,1,,2022-07-11 12:25:00,,,True
BLOOMINGTON PD,B22-05826,MONROE,BLOOMINGTON,BLOOMINGTON,2,,2,1,0,,N KINSER PK,,,,,N KINSER PK,ST RD 46,,,,Y,,0.0,,39.18642964,-86.53773147,LOCAL/CITY RD,,,,URBAN,N,N,N,,DAYLIGHT,CLEAR,DRY,,FOUR-WAY INTERSECTION,,CONCRETE,FAILURE TO YIELD RIGHT OF WAY,$10001 TO $25000,RIGHT ANGLE,STATERD46NKINSERPK,0,,2022-02-21 15:36:00,,,
BLOOMINGTON PD,B22-28520,MONROE,BLOOMINGTON,BLOOMINGTON,2,,0,0,0,,W 3RD ST,,,,,W 3RD ST,I-69 NB OFFRAMP,,,,Y,,0.0,,39.16444074,-86.57212754,ST RD,,,,URBAN,N,N,N,,DAYLIGHT,CLEAR,DRY,,FOUR-WAY INTERSECTION,,ASPHALT,FOLLOWING TOO CLOSELY,$2501 TO $5000,REAR END,W 3RDSTI-69 NBOFFRAMP,0,,2022-07-25 19:05:00,,,
BLOOMINGTON PD,B22-32265,MONROE,BLOOMINGTON,BLOOMINGTON,2,,0,0,0,,W 10TH ST,,,,,W 10TH ST,N COLLEGE AVE,,,,Y,,0.0,,39.17166281,-86.53488429,,,,,URBAN,N,N,N,,DAYLIGHT,CLEAR,DRY,,NO JUNCTION INVOLVED,,ASPHALT,UNSAFE LN MOVEMENT,$2501 TO $5000,SAME DIRECTION SIDESWIPE,W10THSTNCOLLEGEAVE,0,,2022-08-18 14:14:00,,,
ISP BLOOMINGTON 33,2.022E+11,MONROE,BEAN BLOSSOM,STINESVILLE,1,,0,0,0,,ST RD 46,,,,,ST RD 46,,,,,N,,0.0,,39.26313864,-86.66174156,ST RD,,,,RURAL,N,N,N,,DAYLIGHT,CLEAR,DRY,,NO JUNCTION INVOLVED,,ASPHALT,TIRE FAILURE OR DEFECTIVE,$1001 TO $2500,RAN OFF RD,STATERD46,0,,2022-06-29 17:45:00,,,
MONROE SD,M22A5950,MONROE,PERRY,BLOOMINGTON,2,,0,0,0,,S ST RD 37,,,,,S ST RD 37,,,,,N,,0.0,,39.12070278,-86.53068992,PRIVATE DR,,,,RURAL,N,N,N,,DAYLIGHT,CLEAR,DRY,,NO JUNCTION INVOLVED,,ASPHALT,UNSAFE BACKING,$2501 TO $5000,BACKING CRASH,SOLDSTATERD37,0,,2022-03-15 14:03:00,,,
BLOOMINGTON PD,B22-38920,MONROE,BLOOMINGTON,BLOOMINGTON,3,,0,0,0,,S ROCKPORT RD,,,,,S ROCKPORT RD,W TAPP RD,,,,Y,,0.0,,39.136332,-86.548756,LOCAL/CITY RD,,,,URBAN,N,N,N,,DAYLIGHT,CLEAR,DRY,,FOUR-WAY INTERSECTION,,ASPHALT,DISREGARD SIGNAL/REG SIGN,$10001 TO $25000,RIGHT ANGLE,WTAPPRDSROCKPORTRD,0,,2022-09-25 12:55:00,,,
BLOOMINGTON PD,B22-14278,MONROE,BLOOMINGTON,BLOOMINGTON,2,,0,0,0,1425,N DUNN ST,,,,,N DUNN ST,,,,,Y,,0.0,,39.1802208,-86.53007033,PRIVATE DR,,,,URBAN,N,N,N,,DAYLIGHT,CLEAR,DRY,,NO JUNCTION INVOLVED,,ASPHALT,FAILURE TO YIELD RIGHT OF WAY,$1001 TO $2500,OTHER - EXPLAIN IN NARRATIVE,NDUNNST,0,,2022-04-22 18:08:00,,,
ELLETTSVILLE PD,E22-02131,MONROE,RICHLAND,ELLETTSVILLE,2,,1,0,0,,W ST RD 46,,,,,W ST RD 46,N BRIAR GATE,,,,Y,,50.0,,39.216569,-86.596334,ST RD,,,,URBAN,N,N,N,,DAYLIGHT,CLEAR,DRY,,NO JUNCTION INVOLVED,,ASPHALT,DRIVER DISTRACTED - EXPLAIN IN NARRATIVE,$5001 TO $10000,REAR END,WESTSTATERD46NBRIARGATE,0,,2022-06-09 11:24:00,,,
BLOOMINGTON PD,B22-37601,MONROE,BLOOMINGTON,BLOOMINGTON,2,,0,0,0,,E 3RD ST,,,,,E 3RD ST,S PARK RIDGE RD,,,,Y,,792.0,,39.16427366,-86.47803637,LOCAL/CITY RD,,,,URBAN,N,N,N,,DAYLIGHT,CLEAR,DRY,,NO JUNCTION INVOLVED,,ASPHALT,FOLLOWING TOO CLOSELY,$5001 TO $10000,REAR END,SPARKRIDGERDE 3RDST,0,,2022-09-17 11:35:00,,,
INDIANA UNIV BLOOMINGTON PD,222726,MONROE,BLOOMINGTON,BLOOMINGTON,2,,0,0,0,,N KINSER PK,,,,,N KINSER PK,ST RD 46,,,,Y,,0.0,,39.18653795,-86.53724596,ST RD,,,,URBAN,N,N,N,,DARK (LIGHTED),CLEAR,DRY,,NO JUNCTION INVOLVED,,ASPHALT,UNSAFE LN MOVEMENT,$2501 TO $5000,SAME DIRECTION SIDESWIPE,STATERD46NKINSERPK,0,,2022-08-20 21:49:00,,,
BLOOMINGTON PD,B22-40287,MONROE,BLOOMINGTON,BLOOMINGTON,2,,0,0,0,,N DUNN ST,,,,,N DUNN ST,E 9TH ST,,,,Y,,0.0,,39.17042737,-86.52824975,,,,,URBAN,N,N,N,,DARK (LIGHTED),CLEAR,DRY,,FOUR-WAY INTERSECTION,,ASPHALT,OTHER (DRIVER) - EXPLAIN IN NARRATIVE,$2501 TO $5000,SAME DIRECTION SIDESWIPE,NDUNNSTE9THST,0,,2022-10-02 00:00:00,,,
MONROE SD,M22A4980,MONROE,BLOOMINGTON,BLOOMINGTON,2,,0,0,0,,W VERNAL PK,,,,,W VERNAL PK,W INDUSTRIAL PARK DR,,,,Y,,0.0,,39.17896338,-86.56075857,LOCAL/CITY RD,,,,RURAL,N,N,N,,DAWN/DUSK,CLEAR,DRY,,T-INTERSECTION,,ASPHALT,FAILURE TO YIELD RIGHT OF WAY,$2501 TO $5000,LEFT TURN,WESTVERNALPKWESTINDUSTRIALPARKDR,0,,2022-03-02 18:05:00,,,
MONROE SD,M22A21100,MONROE,SALT CREEK,BLOOMINGTON,1,,1,0,0,,ST RD 46,,,,,ST RD 46,,,,,N,,0.0,,39.16369842,-86.41856125,ST RD,,,,RURAL,N,N,N,,DAYLIGHT,CLEAR,DRY,,NO JUNCTION INVOLVED,,ASPHALT,DRIVER DISTRACTED - EXPLAIN IN NARRATIVE,$2501 TO $5000,OTHER - EXPLAIN IN NARRATIVE,STATERD46,0,,2022-08-28 03:16:00,,,
BLOOMINGTON PD,B22-03798,MONROE,BLOOMINGTON,BLOOMINGTON,1,,0,0,0,,W 9TH ST,,,,,W 9TH ST,N COLLEGE AVE,,,,Y,,0.0,,39.17042712,-86.53490422,LOCAL/CITY RD,,,,URBAN,N,N,N,,DAYLIGHT,CLEAR,SNOW/SLUSH,,FOUR-WAY INTERSECTION,,ASPHALT,OVERCORRECTING/OVERSTEERING,$2501 TO $5000,OTHER - EXPLAIN IN NARRATIVE,W9THSTNCOLLEGEAVE,0,,2022-02-03 16:57:00,,,
MONROE SD,M22A16174,MONROE,CLEAR CREEK,BLOOMINGTON,1,,0,0,0,,ST RD 37,,,,,ST RD 37,,,,,N,,0.0,,39.06650404,-86.53608864,ST RD,,,,RURAL,N,Y,N,,DAYLIGHT,CLEAR,DRY,,NO JUNCTION INVOLVED,,ASPHALT,DRIVER ASLEEP OR FATIGUED,$10001 TO $25000,RAN OFF RD,STATERD37,0,,2022-07-06 15:36:00,,,
INDIANA UNIV BLOOMINGTON PD,220320,MONROE,BLOOMINGTON,BLOOMINGTON,2,,0,0,0,,E 10TH ST,,,,,E 10TH ST,E 10TH ST,,,,N,,0.0,,39.17165764,-86.50223842,,,,,URBAN,N,N,N,,DARK (LIGHTED),CLEAR,DRY,,FOUR-WAY INTERSECTION,,ASPHALT,FOLLOWING TOO CLOSELY,$1001 TO $2500,REAR END,E 10THSTE 10THST,0,,2022-01-29 12:15:00,,,
BLOOMINGTON PD,B22-03246,MONROE,PERRY,BLOOMINGTON,1,,1,0,0,1300,S PATTERSON DR,,,,,S PATTERSON DR,,,,,Y,,0.0,,39.152462,-86.543128,LOCAL/CITY RD,,,,URBAN,N,N,N,,DAYLIGHT,CLEAR,DRY,,NO JUNCTION INVOLVED,,ASPHALT,DRIVER ILLNESS,$1001 TO $2500,RAN OFF RD,SPATTERSONDR,0,,2022-01-29 12:05:00,,,
INDIANA UNIV BLOOMINGTON PD,223781,MONROE,BLOOMINGTON,BLOOMINGTON,2,,0,0,0,,S HAWTHORNE DR,,,,,S HAWTHORNE DR,,,,,Y,,0.0,,39.1637468,-86.52021951,PRIVATE DR,,,,URBAN,N,N,N,,DARK (LIGHTED),CLEAR,DRY,,NO JUNCTION INVOLVED,,ASPHALT,UNSAFE BACKING,$1001 TO $2500,BACKING CRASH,SHAWTHORNEDR,0,,2022-10-06 18:40:00,,,
ISP BLOOMINGTON 33,2.022E+11,MONROE,PERRY,BLOOMINGTON,2,,1,0,0,,FAIRFAX RD,,,,,FAIRFAX RD,WALNUT ST PK,,,,Y,,0.0,,39.10718295,-86.52649159,LOCAL/CITY RD,,,,URBAN,N,N,N,,DAYLIGHT,RAIN,WET,,T-INTERSECTION,,ASPHALT,SPEED TOO FAST FOR WEATHER CONDITIONS,$2501 TO $5000,REAR END,WALNUTSTPKFAIRFAXRD,0,,2022-06-08 12:30:00,,,
ELLETTSVILLE PD,E2202260,MONROE,RICHLAND,ELLETTSVILLE,1,0.0,0,0,0,,SHELLY,DR,,,,SHELLY,MCNEELY,,,,Y,,,,,,LOCAL/CITY RD,,N,N,RURAL,N,N,N,,DAYLIGHT,CLEAR,DRY,,T-INTERSECTION,STRAIGHT/GRADE,ASPHALT,IMPROPER TURNING,$5001 TO $10000,RAN OFF RD,MCNEELYSTSHELLYDR,0,STOP SIGN,2022-06-17 17:23:00,,,
MONROE SD,M22A2188,MONROE,PERRY,BLOOMINGTON,1,,0,0,0,,S ADAMS ST,,,,,S ADAMS ST,W MILLENIUM PARK,,,,N,,0.0,,39.15297039,-86.55249953,,,,,RURAL,N,N,N,,DAYLIGHT,SNOW,SNOW/SLUSH,,T-INTERSECTION,,ASPHALT,RDWAY SURFACE CONDITION,$5001 TO $10000,RAN OFF RD,WMILLENIUMPARKSADAMSST,0,,2022-01-28 14:58:00,,,
MONROE SD,M22A6000,MONROE,VAN BUREN,BLOOMINGTON,1,,0,0,1,,S ROCKPORT RD,,,,,S ROCKPORT RD,W SHAW RD,,,,N,,100.0,,39.11362653,-86.57126205,LOCAL/CITY RD,,,,URBAN,N,N,N,,DARK (NOT LIGHTED),CLEAR,DRY,,NO JUNCTION INVOLVED,,ASPHALT,ANIMAL/OBJECT IN RDWAY,$5001 TO $10000,COLLISION WITH DEER,WSHAWRDSROCKPORTRD,0,,2022-03-16 05:30:00,,,
BLOOMINGTON PD,B22-11512,MONROE,BLOOMINGTON,BLOOMINGTON,2,,0,0,0,,N WALNUT ST,,,,,N WALNUT ST,,,,,Y,,0.0,,39.17515512,-86.53354992,PRIVATE DR,,,,URBAN,N,N,N,,DARK (LIGHTED),CLEAR,DRY,,NO JUNCTION INVOLVED,,ASPHALT,IMPROPER TURNING,UNDER $1001,BACKING CRASH,NWALNUTST,0,,2022-04-03 20:50:00,,True,
BLOOMINGTON PD,B22-08077,MONROE,BLOOMINGTON,BLOOMINGTON,2,,0,0,0,,E 11TH ST,,,,,E 11TH ST,N GRANT ST,,,,Y,,0.0,,39.17350168,-86.52979016,,,,,URBAN,N,N,N,,DARK (NOT LIGHTED),CLEAR,DRY,,FOUR-WAY INTERSECTION,,ASPHALT,FAILURE TO MAINTAIN LN,$10001 TO $25000,REAR END,NGRANTSTE11THST,0,,2022-03-11 01:20:00,,,
INDIANA UNIV BLOOMINGTON PD,223309,MONROE,BLOOMINGTON,BLOOMINGTON,2,,0,0,0,,S EAGLESON AVE,,,,,S EAGLESON AVE,E JONES AVE,,,,Y,,0.0,,39.1655311,-86.51649661,LOCAL/CITY RD,,,,URBAN,N,N,N,,DAYLIGHT,CLEAR,DRY,,NO JUNCTION INVOLVED,,ASPHALT,FOLLOWING TOO CLOSELY,UNDER $1001,SAME DIRECTION SIDESWIPE,SEAGLESONAVEEJONESAVE,0,,2022-09-14 04:35:00,,,
INDIANA UNIV BLOOMINGTON PD,222392,MONROE,BLOOMINGTON,BLOOMINGTON,1,,0,0,0,,N EAGLESON AVE,,,,,N EAGLESON AVE,E 10TH ST,,,,Y,,0.0,,39.17094717,-86.51601783,PRIVATE DR,,,,URBAN,N,N,N,,DAYLIGHT,CLEAR,DRY,,NO JUNCTION INVOLVED,,CONCRETE,OTHER (DRIVER) - EXPLAIN IN NARRATIVE,UNDER $1001,OTHER - EXPLAIN IN NARRATIVE,NEAGLESON AVEAVEE 10THST,0,,2022-07-14 10:00:00,,,
MONROE SD,M22A22358,MONROE,PERRY,BLOOMINGTON,2,,0,0,0,,I-69,,,,,I-69,N ST RD 37,,,,N,,1109.0,,39.23464097,-86.54023021,INTERSTATE,,,,RURAL,N,Y,N,,DAYLIGHT,CLEAR,DRY,,NO JUNCTION INVOLVED,,ASPHALT,UNSAFE LN MOVEMENT,$5001 TO $10000,SAME DIRECTION SIDESWIPE,NBUSINESS37I-69,0,,2022-09-11 10:05:00,,,
BLOOMINGTON PD,B22-27136,MONROE,BLOOMINGTON,BLOOMINGTON,2,,0,0,0,,N WALNUT ST,,,,,N WALNUT ST,ST RD 46,,,,Y,,0.0,,39.18623008,-86.53462572,ST RD,,,,URBAN,N,N,N,,DARK (LIGHTED),CLEAR,DRY,,FOUR-WAY INTERSECTION,,ASPHALT,DISREGARD SIGNAL/REG SIGN,$2501 TO $5000,RIGHT ANGLE,STATERD46NWALNUTST,0,,2022-07-15 21:30:00,,,
BLOOMINGTON PD,B22-30642,MONROE,PERRY,BLOOMINGTON,2,,0,0,0,,E N DR,,,,,E N DR,S HENDERSON DR,,,,Y,,0.0,,39.14456933,-86.52877541,LOCAL/CITY RD,,,,URBAN,Y,N,N,,DAYLIGHT,CLEAR,DRY,,NO JUNCTION INVOLVED,,ASPHALT,FAILURE TO YIELD RIGHT OF WAY,$2501 TO $5000,RIGHT ANGLE,SHENDERSONDRENORTHDR,0,,2022-08-08 14:57:00,,,
MONROE SD,M22A9374,MONROE,PERRY,,2,,0,0,0,,S ST RD 37,,,,,S ST RD 37,E RHORER RD,,,,N,,0.0,,39.1203263,-86.53133372,,,,,RURAL,N,N,N,,DAYLIGHT,RAIN,WET,,NO JUNCTION INVOLVED,,ASPHALT,FOLLOWING TOO CLOSELY,$1001 TO $2500,REAR END,SOLDSTATERD37ERHORERRD,0,,2022-04-25 07:48:00,,,
BLOOMINGTON PD,B22-32301,MONROE,PERRY,BLOOMINGTON,1,,1,0,0,,W 1ST,,,,,W 1ST,S WALNUT ST,,,,Y,,0.0,,39.15935447,-86.53371102,LOCAL/CITY RD,,,,URBAN,N,N,N,,DAYLIGHT,CLEAR,DRY,,FOUR-WAY INTERSECTION,,ASPHALT,PEDESTRIAN ACTION,$1001 TO $2500,RIGHT ANGLE,W1STSTSWALNUTST,1,,2022-08-18 17:00:00,,,True
INDIANA UNIV BLOOMINGTON PD,223101,MONROE,BLOOMINGTON,BLOOMINGTON,2,,0,0,0,,N UNION ST,,,,,N UNION ST,N UNION CT,,,,Y,,0.0,,39.17473585,-86.51049841,LOCAL/CITY RD,,,,URBAN,N,N,N,,UNKNOWN,CLEAR,DRY,,NO JUNCTION INVOLVED,,ASPHALT,UNSAFE BACKING,$2501 TO $5000,SAME DIRECTION SIDESWIPE,NUNIONSTNUNIONCT,0,,2022-08-26 19:00:00,,,
MONROE SD,M22A19129,MONROE,VAN BUREN,,1,,1,0,0,,W ST RD 45,,,,,W ST RD 45,,,,,N,,0.0,,39.11784416,-86.62203137,ST RD,,,,RURAL,N,Y,N,,DARK (NOT LIGHTED),CLEAR,DRY,,NO JUNCTION INVOLVED,,ASPHALT,UNSAFE SPEED,$5001 TO $10000,RAN OFF RD,WSTATERD45,0,,2022-08-06 01:55:00,,,
BLOOMINGTON PD,B22-09831,MONROE,VAN BUREN,BLOOMINGTON,2,,0,0,0,,3415 W 3RD ST,,,,,W 3RD ST,,,,,Y,,0.0,,0.0,0.0,PRIVATE DR,,,,URBAN,N,N,N,,DAYLIGHT,CLOUDY,DRY,,NO JUNCTION INVOLVED,,ASPHALT,OVERCORRECTING/OVERSTEERING,$2501 TO $5000,BACKING CRASH,3415W.3RDST,0,,2022-03-23 12:18:00,3415.0,,
BLOOMINGTON PD,B22-12912,MONROE,BLOOMINGTON,BLOOMINGTON,2,,0,0,0,,N KINSER PK,,,,,N KINSER PK,W 17TH ST,,,,Y,,0.0,,39.17906287,-86.53780271,LOCAL/CITY RD,,,,URBAN,N,N,N,,DAYLIGHT,CLEAR,DRY,,FOUR-WAY INTERSECTION,,ASPHALT,FAILURE TO YIELD RIGHT OF WAY,$2501 TO $5000,RIGHT ANGLE,W17THSTNKINSERPK,0,,2022-04-13 16:27:00,,,
INDIANA UNIV BLOOMINGTON PD,223269,MONROE,BLOOMINGTON,BLOOMINGTON,2,,0,0,0,,EAGLESON AVE,,,,,EAGLESON AVE,17TH ST,,,,Y,,300.0,,39.1777715,-86.51237941,,,,,URBAN,N,N,N,,DAYLIGHT,CLEAR,DRY,,NO JUNCTION INVOLVED,,ASPHALT,OTHER (DRIVER) - EXPLAIN IN NARRATIVE,$10001 TO $25000,BACKING CRASH,EAGLESONAVE17THST,0,,2022-09-13 15:24:00,,,
MONROE SD,M22A20094,MONROE,BEAN BLOSSOM,BLOOMINGTON,1,,0,0,0,,N BOTTOM RD,,,,,N BOTTOM RD,N MOUNT PLEASANT RD,,,,N,,0.0,,39.29515791,-86.57439636,LOCAL/CITY RD,,,,RURAL,N,N,N,,DARK (NOT LIGHTED),CLEAR,DRY,,NO JUNCTION INVOLVED,,ASPHALT,BRAKE FAILURE OR DEFECTIVE,$2501 TO $5000,RAN OFF RD,NMOUNTPLEASANTRDNBOTTOMRD,0,,2022-08-17 04:00:00,,,
BLOOMINGTON PD,B22-23728,MONROE,BLOOMINGTON,BLOOMINGTON,2,,0,0,0,,E 4TH ST,,,,,E 4TH ST,S GRANT ST,,,,Y,,0.0,,39.16556938,-86.52987293,LOCAL/CITY RD,,,,URBAN,N,N,Y,LN CLOSURE,DAYLIGHT,CLEAR,DRY,,FOUR-WAY INTERSECTION,,ASPHALT,DRIVER DISTRACTED - EXPLAIN IN NARRATIVE,$1001 TO $2500,SAME DIRECTION SIDESWIPE,SGRANTSTE4THST,0,,2022-06-24 13:11:00,,,
INDIANA UNIV BLOOMINGTON PD,220558,MONROE,BLOOMINGTON,BLOOMINGTON,2,,0,0,0,,N UNION ST,,,,,N UNION ST,E 10TH ST,,,,Y,,0.0,,39.17158196,-86.50945924,LOCAL/CITY RD,,,,URBAN,N,N,N,,DAYLIGHT,SNOW,WET,,FOUR-WAY INTERSECTION,,ASPHALT,UNSAFE BACKING,$5001 TO $10000,BACKING CRASH,NUNIONSTE 10THST,0,,2022-02-13 17:25:00,,,
BLOOMINGTON PD,B22-06138,MONROE,BLOOMINGTON,BLOOMINGTON,2,,0,0,0,,N WALNUT ST,,,,,N WALNUT ST,E COTTAGE GROVE AVE,,,,Y,,0.0,,39.17212494,-86.53361079,LOCAL/CITY RD,,,,URBAN,N,N,N,,DARK (LIGHTED),RAIN,WET,,NO JUNCTION INVOLVED,,ASPHALT,FAILURE TO MAINTAIN LN,$5001 TO $10000,REAR END,NWALNUTSTECOTTAGEGROVEAVE,0,,2022-02-24 00:53:00,,,
BLOOMINGTON PD,B22-31392,MONROE,CLEAR CREEK,BLOOMINGTON,2,,0,0,0,,S HENDERSON ST,,,,,S HENDERSON ST,S BRANDON CT,,,,Y,,0.0,,39.1371158,-86.52634252,PRIVATE DR,,,,RURAL,N,N,N,,DAYLIGHT,CLOUDY,DRY,,NO JUNCTION INVOLVED,,ASPHALT,OTHER (DRIVER) - EXPLAIN IN NARRATIVE,$1001 TO $2500,OTHER - EXPLAIN IN NARRATIVE,SHENDERSONSTSBRANDONCT,0,,2022-08-09 00:00:00,,,
MONROE SD,M22A9637,MONROE,PERRY,BLOOMINGTON,2,,0,0,0,,S FAIRFAX RD,,,,,S FAIRFAX RD,E SCHACHT RD,,,,N,,0.0,,39.10686383,-86.52368868,LOCAL/CITY RD,,,,RURAL,N,N,N,,DAYLIGHT,CLEAR,DRY,,T-INTERSECTION,,ASPHALT,FAILURE TO YIELD RIGHT OF WAY,$5001 TO $10000,REAR END,SFAIRFAXRDESCHACHTRD,0,,2022-04-28 09:02:00,,,
MONROE SD,M22A9596,MONROE,PERRY,BLOOMINGTON,1,,0,0,0,,E LORELEI WAY,,,,,E LORELEI WAY,S SMITH RD,,,,N,,0.0,,39.14662461,-86.48043908,LOCAL/CITY RD,,,,RURAL,N,N,N,,DAYLIGHT,CLEAR,DRY,,T-INTERSECTION,,ASPHALT,DRIVER ILLNESS,$2501 TO $5000,RAN OFF RD,SSMITHRDELORELEIWAY,0,,2022-04-27 07:27:00,,,
ELLETTSVILLE PD,E22-03231,MONROE,RICHLAND,ELLETTSVILLE,2,,0,0,0,,ST RD 46,,,,,ST RD 46,N LAKEVIEW DR,,,,Y,,581.0,,39.22164547,-86.60644349,ST RD,,,,RURAL,N,N,N,,DARK (NOT LIGHTED),CLEAR,DRY,,NO JUNCTION INVOLVED,,ASPHALT,FAILURE TO YIELD RIGHT OF WAY,$5001 TO $10000,RIGHT ANGLE,STATERD46NLAKEVIEWDR,0,,2022-08-26 21:35:00,,,