Agency,Local Code,County,Township,City,Vehicles Involved,Trailers Involved,Number Injured,Number Dead,Number Deer,House Number,Roadway Name,Roadway Suffix,Roadway Number,Roadway Interchange,Roadway Ramp,Roadway Id,Intersecting Road,Intersecting Road Number,Mile Marker,Interchange,Corporate Limits?,Property Type,Feet From,Direction,Latitude,Longitude,Roadway Class,Traffic Control Devices?,Aggressive Driving?,Hit and Run?,Locality,School Zone?,Rumble Strips?,Construction?,Construction Type,Light Condition,Weather Conditions,Surface Condition,Type of Median,Roadway Junction Type,Road Character,Roadway Surface,Primary Factor,Damage Estimate,Manner of Collision,Unique Location Id,State Property Damage?,Traffic Control,DateTime,Address Number,Cyclist Involved,Pedestrian Involved
ISP BLOOMINGTON 33,2.02201E+11,MONROE,BLOOMINGTON,BLOOMINGTON,2,,0,0,0,,ST RD 48,,,,,ST RD 48,I-69 - 118 - C,,,,Y,,50.0,,39.1646452,-86.57375855,ST RD,,,,URBAN,N,N,N,,DAYLIGHT,CLEAR,DRY,,NO JUNCTION INVOLVED,,CONCRETE,FAILURE TO YIELD RIGHT OF WAY,$10001 TO $25000,REAR END,ST RD 48I-69-118-C,0,,2022-12-15 11:29:00,,,
BLOOMINGTON PD,B22-50774,MONROE,VAN BUREN,BLOOMINGTON,2,,0,0,0,,W ST RD 45,,,,,W ST RD 45,S HICKORY LEAF DR,,,,Y,,300.0,,39.14437552,-86.5789984,ST RD,,,,URBAN,N,N,N,,DAYLIGHT,CLOUDY,DRY,,NO JUNCTION INVOLVED,,ASPHALT,UNSAFE LN MOVEMENT,$5001 TO $10000,SAME DIRECTION SIDESWIPE,WSTATERD45SHICKORYLEAFDR,0,,2022-12-07 11:18:00,,,
BLOOMINGTON PD,B22-46094,MONROE,BLOOMINGTON,BLOOMINGTON,3,,0,0,0,,W COUNTRY CLUB DR,,,,,W COUNTRY CLUB DR,S ROGERS ST,,,,Y,,0.0,,39.13604892,-86.53849072,LOCAL/CITY RD,,,,URBAN,N,N,N,,DARK (LIGHTED),CLEAR,DRY,,FOUR-WAY INTERSECTION,,ASPHALT,FAILURE TO YIELD RIGHT OF WAY,$2501 TO $5000,HEAD ON BETWEEN TWO MOTOR VEHICLES,WCOUNTRYCLUBDRSROGERSST,0,,2022-11-03 21:49:00,,,
BLOOMINGTON PD,B22-51128,MONROE,BLOOMINGTON,BLOOMINGTON,1,,0,0,0,,1150 S CLARIZZ BLVD,,,,,S CLARIZZ BLVD,,,,,Y,,0.0,,39.15159097,-86.49183727,PRIVATE DR,,,,URBAN,N,N,N,,DAYLIGHT,CLOUDY,WET,,NO JUNCTION INVOLVED,,ASPHALT,UNSAFE SPEED,$10001 TO $25000,RAN OFF RD,1150SCLARIZZBLVD,0,,2022-12-09 14:02:00,1150.0,,
BLOOMINGTON PD,B22-49982,MONROE,PERRY,BLOOMINGTON,1,,0,0,0,,S ROGERS ST,,,,,S ROGERS ST,W 3RD ST,,,,Y,,0.0,,39.16439443,-86.5386682,LOCAL/CITY RD,,,,URBAN,N,N,N,,DARK (NOT LIGHTED),CLEAR,DRY,,FOUR-WAY INTERSECTION,,ASPHALT,UNSAFE SPEED,$25001 TO $50000,RAN OFF RD,W 3RDSTSROGERSST,0,,2022-12-02 01:44:00,,,
MONROE SD,M22A30500,MONROE,RICHLAND,BLOOMINGTON,2,,0,0,0,,N DANIELS WAY,,,,,N DANIELS WAY,W ZENITH DR,,,,N,,0.0,,39.16984005,-86.59831552,COUNTY RD,,,,RURAL,N,N,N,,DARK (LIGHTED),RAIN,WET,,T-INTERSECTION,,ASPHALT,FOLLOWING TOO CLOSELY,$5001 TO $10000,REAR END,WZENITHDRNDANIELSWAY,0,,2022-12-14 05:55:00,,,
BLOOMINGTON PD,B22-47018,MONROE,PERRY,BLOOMINGTON,2,,0,0,0,2894,E 3RD ST; ORANGE THEORY FITNES,,,,,E 3RD ST,,,,,Y,,0.0,,39.16269443,-86.49655073,PRIVATE DR,,,,URBAN,N,N,N,,DAYLIGHT,CLEAR,DRY,,NO JUNCTION INVOLVED,,ASPHALT,FAILURE TO YIELD RIGHT OF WAY,$1001 TO $2500,RIGHT ANGLE,E 3RDST;ORANGETHEORYFITNESS,0,,2022-11-10 14:23:00,,,
MONROE SD,M22A31519,MONROE,BLOOMINGTON,BLOOMINGTON,2,,0,0,0,,S LIBERTY DR,,,,,S LIBERTY DR,,,,,N,,0.0,,39.15897001,-86.57790638,PRIVATE DR,,,,RURAL,N,N,N,,DAYLIGHT,CLEAR,DRY,,NO JUNCTION INVOLVED,,ASPHALT,INSECURE/LEAKY LOAD,$1001 TO $2500,OTHER - EXPLAIN IN NARRATIVE,SLIBERTYDR,0,,2022-12-29 12:15:00,,,
BLOOMINGTON PD,B22-43801,MONROE,PERRY,BLOOMINGTON,2,,0,0,0,,E 3RD ST,,,,,E 3RD ST,S PETE LLIS DR,,,,Y,,0.0,,39.16422406,-86.49488452,LOCAL/CITY RD,,,,URBAN,N,N,N,,DAYLIGHT,CLEAR,DRY,,FOUR-WAY INTERSECTION,,ASPHALT,FAILURE TO YIELD RIGHT OF WAY,$2501 TO $5000,RIGHT ANGLE,SPETEELLISDRE 3RDST,0,,2022-10-21 19:50:00,,,
MONROE SD,M22A28126,MONROE,PERRY,BLOOMINGTON,2,,1,0,0,,E MOORES CREEK RD,,,,,E MOORES CREEK RD,S HUGHES LN,,,,N,,1500.0,,39.11720978,-86.4770501,COUNTY RD,,,,RURAL,N,N,N,,DAYLIGHT,CLOUDY,WET,,NO JUNCTION INVOLVED,,ASPHALT,LEFT OF CENTER,$10001 TO $25000,OPPOSITE DIRECTION SIDESWIPE,S.HUGHESLNEMOORESCREEKRD,0,,2022-11-16 08:59:00,,,
INDIANA UNIV BLOOMINGTON PD,224750,MONROE,BLOOMINGTON,BLOOMINGTON,2,,0,0,0,,N UNION ST,,,,,N UNION ST,,,,,Y,,0.0,,39.17390411,-86.51095103,PRIVATE DR,,,,URBAN,N,N,N,,DAYLIGHT,CLEAR,DRY,,NO JUNCTION INVOLVED,,ASPHALT,UNSAFE BACKING,$1001 TO $2500,BACKING CRASH,NUNIONST,0,,2022-11-30 16:14:00,,,
BLOOMINGTON PD,B22-53281,MONROE,BLOOMINGTON,BLOOMINGTON,1,,0,0,0,,W KIRKWOOD AVE,,,,,W KIRKWOOD AVE,S ADAMS ST,,,,Y,,0.0,,39.16668474,-86.54966973,LOCAL/CITY RD,,,,URBAN,N,N,N,,DARK (LIGHTED),BLOWING SAND/SOIL/SNOW,SNOW/SLUSH,,FOUR-WAY INTERSECTION,,ASPHALT,SPEED TOO FAST FOR WEATHER CONDITIONS,$5001 TO $10000,RAN OFF RD,WKIRKWOODAVESADAMSST,0,,2022-12-23 23:33:00,,,
MONROE SD,M22A30164,MONROE,VAN BUREN,BLOOMINGTON,2,,0,0,0,,W 3RD ST,,,,,W 3RD ST,N WAYNES LN,,,,N,,0.0,,39.16473327,-86.59249279,,,,,RURAL,N,N,N,,DAYLIGHT,CLOUDY,WET,,FOUR-WAY INTERSECTION,,ASPHALT,FOLLOWING TOO CLOSELY,$2501 TO $5000,REAR END,W 3RDSTNWAYNESLN,0,,2022-12-09 01:11:00,,,
MONROE SD,M22A26402,MONROE,PERRY,BLOOMINGTON,2,,0,0,0,,S ST RD 37,,,,,S ST RD 37,S FAIRFAX RD,,,,N,,0.0,,39.10727388,-86.53147144,LOCAL/CITY RD,,,,URBAN,N,N,N,,DAYLIGHT,CLEAR,DRY,,NO JUNCTION INVOLVED,,ASPHALT,IMPROPER TURNING,$10001 TO $25000,LEFT/RIGHT TURN,SOLDSTATERD37SFAIRFAXRD,0,,2022-10-27 14:14:00,,,
BLOOMINGTON PD,B22-50489,MONROE,PERRY,BLOOMINGTON,2,,0,0,0,2718,E 3RD ST,,,,,E 3RD ST,,,,,Y,,0.0,,39.16395401,-86.49757338,PRIVATE DR,,,,URBAN,N,N,N,,DAYLIGHT,CLOUDY,DRY,,NO JUNCTION INVOLVED,,ASPHALT,OTHER (DRIVER) - EXPLAIN IN NARRATIVE,$2501 TO $5000,HEAD ON BETWEEN TWO MOTOR VEHICLES,E 3RDST,0,,2022-12-05 13:53:00,,,
BLOOMINGTON PD,B22-51432,MONROE,PERRY,BLOOMINGTON,2,,0,0,0,,W MILIEU DR,,,,,W MILIEU DR,S DOLIMAH AVE,,,,Y,,0.0,,39.16252309,-86.55231726,LOCAL/CITY RD,,,,URBAN,N,N,N,,DAYLIGHT,CLOUDY,DRY,,FOUR-WAY INTERSECTION,,ASPHALT,FAILURE TO YIELD RIGHT OF WAY,UNDER $1001,LEFT TURN,WMILIEUDRSDOLIMAHAVE,0,,2022-12-11 14:18:00,,,
MONROE SD,M22A29952,MONROE,CLEAR CREEK,BLOOMINGTON,2,,0,0,0,315,W GORDON PK,,,,,W GORDON PK,,,,,N,,0.0,,39.11536,-86.539423,,,,,RURAL,N,N,N,,DAYLIGHT,RAIN,WET,,NO JUNCTION INVOLVED,,ASPHALT,UNSAFE BACKING,$2501 TO $5000,BACKING CRASH,W.GORDONPK,0,,2022-12-07 09:24:00,,,
INDIANA UNIV BLOOMINGTON PD,224875,MONROE,BLOOMINGTON,BLOOMINGTON,2,,1,0,0,,S EAGLESON AVE,,,,,S EAGLESON AVE,E 3RD ST,,,,Y,,0.0,,39.1640629,-86.51648588,LOCAL/CITY RD,,,,URBAN,N,N,N,,DAYLIGHT,CLEAR,DRY,,T-INTERSECTION,,ASPHALT,FAILURE TO YIELD RIGHT OF WAY,$5001 TO $10000,RIGHT ANGLE,SEAGLESON AVEAVEE 3RDST,0,,2022-12-12 14:45:00,,,
MONROE SD,M22A26167,MONROE,POLK,,1,,0,0,1,,ST RD 446,,,,,ST RD 446,ALLENS CREEK,,,,N,,0.0,,39.03404058,-86.40830867,ST RD,,,,RURAL,N,N,N,,DARK (NOT LIGHTED),CLOUDY,DRY,,NO JUNCTION INVOLVED,,ASPHALT,ANIMAL/OBJECT IN RDWAY,$5001 TO $10000,COLLISION WITH DEER,STATERD446ALLENSCREEK,0,,2022-10-25 06:34:00,,,
MONROE SD,M22A26485,MONROE,PERRY,BLOOMINGTON,2,,0,0,0,,S ST RD 37,,,,,S ST RD 37,S FAIRFAX RD,,,,N,,0.0,,39.10725528,-86.5314924,ST RD,,,,RURAL,N,N,N,,DAYLIGHT,CLEAR,DRY,,FOUR-WAY INTERSECTION,,ASPHALT,FOLLOWING TOO CLOSELY,UNDER $1001,REAR END,SOLDSTATERD37SFAIRFAXRD,0,,2022-10-28 14:52:00,,,
MONROE SD,M22A27773,MONROE,CLEAR CREEK,BLOOMINGTON,1,,0,0,0,,S ST RD 37,,,,,S ST RD 37,,,,,N,,0.0,,39.07474348,-86.54428519,ST RD,,,,RURAL,N,N,N,,DARK (NOT LIGHTED),CLEAR,DRY,,NO JUNCTION INVOLVED,,ASPHALT,ANIMAL/OBJECT IN RDWAY,$2501 TO $5000,COLLISION WITH DEER,SOLDSTATERD37,0,,2022-11-11 18:35:00,,,
BLOOMINGTON PD,B22-47862,MONROE,PERRY,BLOOMINGTON,2,,1,0,0,,W 3RD ST,,,,,W 3RD ST,S MULLER PKWY,,,,Y,,0.0,,39.16450159,-86.56262875,LOCAL/CITY RD,,,,URBAN,N,N,N,,DAYLIGHT,CLOUDY,DRY,,NO JUNCTION INVOLVED,,ASPHALT,FAILURE TO MAINTAIN LN,UNDER $1001,SAME DIRECTION SIDESWIPE,W 3RDSTSMULLERPKWY,0,,2022-11-16 18:00:00,,,
BLOOMINGTON PD,B22-47781,MONROE,BLOOMINGTON,BLOOMINGTON,2,,0,0,0,,N WALNUT ST,,,,,N WALNUT ST,W 9TH ST,,,,Y,,0.0,,39.17047386,-86.53360518,LOCAL/CITY RD,,,,URBAN,N,N,N,,DAYLIGHT,CLOUDY,WET,,FOUR-WAY INTERSECTION,,ASPHALT,UNSAFE LN MOVEMENT,$5001 TO $10000,LEFT TURN,W9THSTNWALNUTST,0,,2022-11-16 08:58:00,,,
ELLETTSVILLE PD,E22-05038,MONROE,RICHLAND,ELLETTSVILLE,1,,0,0,1,,ST RD 46,,,,,ST RD 46,,,,,N,,0.0,,39.24729477,-86.64625272,,,,,RURAL,N,N,N,,DARK (NOT LIGHTED),CLOUDY,DRY,,NO JUNCTION INVOLVED,,ASPHALT,ANIMAL/OBJECT IN RDWAY,$5001 TO $10000,COLLISION WITH DEER,STATERD46,0,,2022-12-02 21:30:00,,,
MONROE SD,M22A31710,MONROE,BLOOMINGTON,BLOOMINGTON,1,,0,0,0,,S MADISON ST,,,,,S MADISON ST,W TELL ST,,,,Y,,0.0,,39.12813798,-86.53664376,,,,,URBAN,N,N,N,,DAYLIGHT,CLEAR,DRY,,NO JUNCTION INVOLVED,,ASPHALT,OTHER (DRIVER) - EXPLAIN IN NARRATIVE,UNDER $1001,BACKING CRASH,WTELLSTSMADISONST,0,,2022-12-31 15:52:00,,,
MONROE SD,M22A28984,MONROE,BLOOMINGTON,BLOOMINGTON,2,,0,0,0,301,N COLLEGE AVE,,,,,N COLLEGE AVE,,,,,Y,,0.0,,39.168888,-86.53527,PRIVATE DR,,,,URBAN,N,N,N,,DARK (LIGHTED),RAIN,WET,,NO JUNCTION INVOLVED,,ASPHALT,VIEW OBSTRUCTED,$2501 TO $5000,BACKING CRASH,NCOLLEGEAVE,0,,2022-11-27 00:24:00,,,
INDIANA UNIV BLOOMINGTON PD,223769,MONROE,BLOOMINGTON,BLOOMINGTON,2,,0,0,0,,E LAW LN,,,,,E LAW LN,N EAGLESON AVE,,,,Y,,200.0,,39.17351209,-86.51624984,LOCAL/CITY RD,,,,URBAN,N,N,N,,DAYLIGHT,CLOUDY,DRY,,NO JUNCTION INVOLVED,,ASPHALT,IMPROPER TURNING,$1001 TO $2500,SAME DIRECTION SIDESWIPE,N.EAGLESONAVEELAWLN,0,,2022-10-06 10:50:00,,,
MONROE SD,M22A27685,MONROE,RICHLAND,BLOOMINGTON,2,,0,0,0,,W ARLINGTON RD,,,,,W ARLINGTON RD,W CAYDEN LN,,,,Y,,581.0,,39.19014753,-86.55186018,COUNTY RD,,,,URBAN,N,N,N,,DAYLIGHT,CLEAR,DRY,,NO JUNCTION INVOLVED,,ASPHALT,FAILURE TO YIELD RIGHT OF WAY,$10001 TO $25000,RIGHT ANGLE,WCAYDENLNWARLINGTONRD,0,,2022-11-10 17:07:00,,,
BLOOMINGTON PD,B22-43885,MONROE,PERRY,BLOOMINGTON,1,,0,0,1,,I-69 N,,,100,1,I-69 N,,,,,Y,,0.0,,39.1612788,-86.57294707,INTERSTATE,,,,URBAN,N,N,N,,DAYLIGHT,CLEAR,DRY,,NO JUNCTION INVOLVED,,ASPHALT,ANIMAL/OBJECT IN RDWAY,$2501 TO $5000,COLLISION WITH DEER,I-69 N100118,0,,2022-10-22 12:04:00,,,
MONROE SD,M22A25302,MONROE,VAN BUREN,BLOOMINGTON,1,,0,0,0,,W ST RD 45,,,,,W ST RD 45,S RENDY LN,,,,N,,1003.0,,39.1208551,-86.61648807,ST RD,,,,RURAL,N,N,N,,DARK (NOT LIGHTED),CLEAR,DRY,,NO JUNCTION INVOLVED,,ASPHALT,ANIMAL/OBJECT IN RDWAY,$5001 TO $10000,RAN OFF RD,WSTATERD45SRENDYLN,0,,2022-10-15 05:33:00,,,
INDIANA UNIV BLOOMINGTON PD,224707,MONROE,BLOOMINGTON,BLOOMINGTON,2,,0,0,0,1000,N EAGLESON AVE,,,,,N EAGLESON AVE,,,,,Y,,0.0,,39.17470146,-86.51347107,PRIVATE DR,,,,URBAN,N,N,N,,DAYLIGHT,CLEAR,DRY,,NO JUNCTION INVOLVED,,ASPHALT,FAILURE TO YIELD RIGHT OF WAY,$1001 TO $2500,SAME DIRECTION SIDESWIPE,NEAGLESON AVEAVE,0,,2022-11-29 13:00:00,,,
BLOOMINGTON PD,B22-44440,MONROE,PERRY,BLOOMINGTON,2,,0,0,0,,W TAPP RD,,,,,W TAPP RD,S ADAMS ST,,,,Y,,0.0,,39.13648937,-86.5545224,,,,,URBAN,N,N,N,,DAYLIGHT,RAIN,WET,,TRAFFIC CIRCLE/ROUNDABOUT,,ASPHALT,FOLLOWING TOO CLOSELY,$5001 TO $10000,REAR END,WTAPPRDSADAMSST,0,,2022-10-25 15:44:00,,,
MONROE SD,M22A29918,MONROE,BEAN BLOSSOM,BLOOMINGTON,3,,1,0,0,,ST RD 46,,,,,ST RD 46,,,,,N,,0.0,,39.28069767,-86.68091063,ST RD,,,,RURAL,N,N,N,,DARK (NOT LIGHTED),RAIN,WET,,NO JUNCTION INVOLVED,,ASPHALT,FOLLOWING TOO CLOSELY,$10001 TO $25000,REAR TO REAR,STATERD46,0,,2022-12-06 18:17:00,,,
BLOOMINGTON PD,B22-46693,MONROE,BLOOMINGTON,BLOOMINGTON,2,,0,0,0,,N MONROE ST,,,,,N MONROE ST,ST RD 46,,,,Y,,0.0,,39.18679948,-86.54667961,ST RD,,,,URBAN,N,N,N,,DARK (NOT LIGHTED),CLEAR,DRY,,NO JUNCTION INVOLVED,,ASPHALT,FOLLOWING TOO CLOSELY,$2501 TO $5000,REAR END,STATERD46NMONROEST,0,,2022-11-07 18:27:00,,,
BLOOMINGTON PD,B22-44425,MONROE,VAN BUREN,BLOOMINGTON,2,,0,0,0,,S LIBERTY DR,,,,,S LIBERTY DR,W 3RD ST,,,,Y,,0.0,,39.16364127,-86.57913949,,,,,URBAN,N,N,N,,DAYLIGHT,RAIN,WET,,FOUR-WAY INTERSECTION,,ASPHALT,FAILURE TO YIELD RIGHT OF WAY,$10001 TO $25000,RIGHT TURN,W 3RDSTSLIBERTYDR,0,,2022-10-25 14:56:00,,,
BLOOMINGTON PD,B22-51011,MONROE,BLOOMINGTON,BLOOMINGTON,2,,0,0,0,,N WALNUT ST,,,,,N WALNUT ST,ST RD 45/46 BYPASS,,,,Y,,0.0,,39.18652759,-86.53445215,ST RD,,,,URBAN,N,N,N,,DAWN/DUSK,RAIN,WET,,NO JUNCTION INVOLVED,,ASPHALT,IMPROPER LN USAGE,$1001 TO $2500,SAME DIRECTION SIDESWIPE,STATERD45/46BYPASSNWALNUTST,0,,2022-12-08 17:23:00,,,
BLOOMINGTON PD,B22-48018,MONROE,BLOOMINGTON,BLOOMINGTON,2,,2,0,0,,N WALNUT ST,,,,,N WALNUT ST,N ST RD 37,,,,Y,,0.0,,39.18336473,-86.53417058,LOCAL/CITY RD,,,,URBAN,N,N,N,,DARK (LIGHTED),CLEAR,DRY,,FOUR-WAY INTERSECTION,,ASPHALT,FAILURE TO YIELD RIGHT OF WAY,$25001 TO $50000,RIGHT ANGLE,NWALNUTSTNOLDSTATERD37,0,,2022-11-17 20:50:00,,,
ELLETTSVILLE PD,E22-04647,MONROE,RICHLAND,ELLETTSVILLE,2,,0,0,0,,W ST RD 46,,,,,W ST RD 46,W FORREST PARK DR,,,,Y,,0.0,,39.212096,-86.587196,ST RD,,,,URBAN,N,N,N,,DARK (NOT LIGHTED),CLEAR,DRY,,T-INTERSECTION,,ASPHALT,FAILURE TO YIELD RIGHT OF WAY,$10001 TO $25000,LEFT TURN,WSTATERD46 WFORRESTPARKDR,0,,2022-11-09 19:20:00,,,
ELLETTSVILLE PD,E22-04790,MONROE,RICHLAND,ELLETTSVILLE,2,,0,0,0,,WATER ST,,,,,WATER ST,S POPLAR DR,,,,Y,,0.0,,39.23687882,-86.62987898,LOCAL/CITY RD,,,,URBAN,N,N,N,,DAYLIGHT,CLOUDY,DRY,,INTERCHANGE,,ASPHALT,UNSAFE BACKING,$2501 TO $5000,BACKING CRASH,WATERSTSPOPLARDR,0,,2022-11-18 10:55:00,,,
INDIANA UNIV BLOOMINGTON PD,225022,MONROE,BLOOMINGTON,BLOOMINGTON,1,,0,0,0,,N WALNUT GROVE AVE,,,,,N WALNUT GROVE AVE,,,,,Y,,0.0,,39.17335752,-86.5205359,PRIVATE DR,,,,URBAN,N,N,N,,DAWN/DUSK,CLEAR,WET,,NO JUNCTION INVOLVED,,ASPHALT,UNSAFE BACKING,UNDER $1001,BACKING CRASH,NWALNUTGROVEAVE,0,,2022-12-29 07:33:00,,,
BLOOMINGTON PD,B22-46339,MONROE,BLOOMINGTON,BLOOMINGTON,2,,0,0,0,,S LINCOLN ST,,,,,S LINCOLN ST,E 4TH ST,,,,Y,,0.0,,39.16560497,-86.53110388,LOCAL/CITY RD,,,,URBAN,N,N,N,,DAYLIGHT,CLOUDY,WET,,FOUR-WAY INTERSECTION,,ASPHALT,FAILURE TO YIELD RIGHT OF WAY,$2501 TO $5000,RIGHT TURN,SLINCOLNSTE4THST,0,,2022-11-05 11:23:00,,,
BLOOMINGTON PD,B22-50228,MONROE,VAN BUREN,BLOOMINGTON,2,,1,0,0,,S LIBERTY DR,,,,,S LIBERTY DR,W 3RD ST,,,,Y,,0.0,,39.16479416,-86.5791637,LOCAL/CITY RD,,,,URBAN,N,N,N,,DAYLIGHT,CLEAR,DRY,,FOUR-WAY INTERSECTION,,ASPHALT,FOLLOWING TOO CLOSELY,$1001 TO $2500,REAR END,W 3RDSTSLIBERTYDR,0,,2022-12-03 15:44:00,,,
BLOOMINGTON PD,B22-47657,MONROE,BLOOMINGTON,BLOOMINGTON,2,,0,0,0,,E 3RD ST,,,,,E 3RD ST,S KINGSTON DR,,,,Y,,0.0,,39.16422373,-86.49305768,LOCAL/CITY RD,,,,URBAN,N,N,Y,LN CLOSURE,DAYLIGHT,CLOUDY,DRY,,FOUR-WAY INTERSECTION,,ASPHALT,FAILURE TO YIELD RIGHT OF WAY,$25001 TO $50000,RIGHT ANGLE,SKINGSTONDRE 3RDST,0,,2022-11-15 13:13:00,,,
INDIANA UNIV BLOOMINGTON PD,224149,MONROE,BLOOMINGTON,BLOOMINGTON,2,,0,0,0,,E 7TH ST,,,,,E 7TH ST,,,,,Y,,0.0,,39.16795585,-86.52221239,LOCAL/CITY RD,,,,URBAN,N,N,N,,DAYLIGHT,CLEAR,DRY,,NO JUNCTION INVOLVED,,ASPHALT,IMPROPER PASSING,$1001 TO $2500,SAME DIRECTION SIDESWIPE,E7THST,0,,2022-10-27 12:50:00,,,
BLOOMINGTON PD,B22-53779,MONROE,VAN BUREN,BLOOMINGTON,2,,0,0,0,,3620 W 3RD ST,,,,,W 3RD ST,,,,,Y,,0.0,,39.16556549,-86.57894645,PRIVATE DR,,,,URBAN,N,N,N,,DAYLIGHT,CLOUDY,DRY,,NO JUNCTION INVOLVED,,ASPHALT,OTHER (DRIVER) - EXPLAIN IN NARRATIVE,$10001 TO $25000,RAN OFF RD,3620W 3RDST,0,,2022-12-29 14:30:00,3620.0,,
BLOOMINGTON PD,B22-44685,MONROE,PERRY,BLOOMINGTON,1,,0,0,1,,W BLOOMFIELD RD,,,,,W BLOOMFIELD RD,S WEIMER RD,,,,Y,,0.0,,39.15417985,-86.56436825,LOCAL/CITY RD,,,,URBAN,N,N,N,,DARK (NOT LIGHTED),CLEAR,DRY,,Y-INTERSECTION,,ASPHALT,ANIMAL/OBJECT IN RDWAY,$5001 TO $10000,COLLISION WITH DEER,WBLOOMFIELDRDSWEIMERRD,0,,2022-10-26 22:30:00,,,
ELLETTSVILLE PD,E22-05490,MONROE,RICHLAND,ELLETTSVILLE,1,,1,0,0,,ST RD 46,,,,,ST RD 46,DEPOT RD,,,,Y,,0.0,,39.2441275,-86.634351,ST RD,,,,URBAN,N,N,N,,DARK (LIGHTED),RAIN,WET,,NO JUNCTION INVOLVED,,ASPHALT,OVERCORRECTING/OVERSTEERING,$5001 TO $10000,RAN OFF RD,STATERD46DEPOTRD,0,,2022-12-30 17:20:00,,,
ELLETTSVILLE PD,E22-05509,MONROE,RICHLAND,ELLETTSVILLE,2,,1,0,0,,ST RD 46,,,,,ST RD 46,LAKEVIEW DR,,,,Y,,0.0,,39.22102,-86.605405,ST RD,,,,URBAN,N,N,N,,DAYLIGHT,CLOUDY,DRY,,T-INTERSECTION,,ASPHALT,FOLLOWING TOO CLOSELY,$1001 TO $2500,REAR END,STATERD46LAKEVIEWDR,0,,2022-12-31 10:08:00,,,
BLOOMINGTON PD,B22-43935,MONROE,PERRY,BLOOMINGTON,2,,0,0,0,,S COLLEGE AVE,,,,,S COLLEGE AVE,W 1ST,,,,Y,,0.0,,39.15933382,-86.53495736,LOCAL/CITY RD,,,,URBAN,N,N,N,,DAYLIGHT,CLEAR,DRY,,FOUR-WAY INTERSECTION,,ASPHALT,UNSAFE LN MOVEMENT,$2501 TO $5000,SAME DIRECTION SIDESWIPE,W1STSTSCOLLEGEAVE,0,,2022-10-22 18:41:00,,,
BLOOMINGTON PD,B22-48171,MONROE,BLOOMINGTON,BLOOMINGTON,2,,0,0,0,,W 4TH ST,,,,,W 4TH ST,B-LINE TRL,,,,Y,,0.0,,39.16560101,-86.53646714,,,,,URBAN,N,N,N,,DARK (LIGHTED),CLEAR,DRY,,NO JUNCTION INVOLVED,,ASPHALT,FAILURE TO MAINTAIN LN,$2501 TO $5000,SAME DIRECTION SIDESWIPE,W4THSTB-LINETRL,0,,2022-11-18 22:30:00,,,
BLOOMINGTON PD,B22-49552,MONROE,BLOOMINGTON,BLOOMINGTON,2,,0,0,0,,W 14TH ST,,,,,W 14TH ST,N WOODBURN AVE,,,,Y,,0.0,,39.17596885,-86.5359868,LOCAL/CITY RD,,,,URBAN,N,N,N,,DAYLIGHT,CLEAR,DRY,,FOUR-WAY INTERSECTION,,ASPHALT,FAILURE TO YIELD RIGHT OF WAY,$2501 TO $5000,RIGHT ANGLE,W14THSTNWOODBURNAVE,0,,2022-11-29 15:54:00,,,
INDIANA UNIV BLOOMINGTON PD,223966,MONROE,BLOOMINGTON,BLOOMINGTON,2,,0,0,0,,E 10TH ST,,,,,E 10TH ST,N SUNRISE DR,,,,Y,,0.0,,39.17157099,-86.51159621,LOCAL/CITY RD,,,,URBAN,N,N,N,,DAYLIGHT,CLOUDY,DRY,,NO JUNCTION INVOLVED,,ASPHALT,FAILURE TO YIELD RIGHT OF WAY,$2501 TO $5000,RIGHT ANGLE,NSUNRISEDRE 10THST,0,,2022-10-17 11:25:00,,,
BLOOMINGTON PD,B22-51936,MONROE,BLOOMINGTON,BLOOMINGTON,2,,0,0,0,,N WALNUT ST,,,,,N WALNUT ST,ST RD 45/46,,,,Y,,350.0,,39.18470297,-86.53441451,LOCAL/CITY RD,,,,URBAN,N,N,N,,DARK (LIGHTED),RAIN,WET,,NO JUNCTION INVOLVED,,ASPHALT,IMPROPER PASSING,$1001 TO $2500,SAME DIRECTION SIDESWIPE,STATERD45/46NWALNUTST,0,,2022-12-14 17:34:00,,,
BLOOMINGTON PD,B22-51818,MONROE,VAN BUREN,BLOOMINGTON,1,,1,0,0,,W 3RD ST,,,,,W 3RD ST,LIBERTY DR,,,,Y,,0.0,,42.84314669,-87.85616998,LOCAL/CITY RD,,,,URBAN,N,N,N,,DARK (LIGHTED),RAIN,WET,,FOUR-WAY INTERSECTION,,ASPHALT,IMPROPER TURNING,UNDER $1001,RIGHT TURN,W 3RDSTLIBERTYDR,1,,2022-12-14 05:51:00,,True,
MONROE SD,M22A29605,MONROE,POLK,BLOOMINGTON,1,,0,0,1,,ST RD 446,,,,,ST RD 446,OLD DUTCH RIDGE RD,,,,N,,0.0,,39.00491001,-86.39775825,ST RD,,,,RURAL,N,N,N,,DARK (NOT LIGHTED),RAIN,WET,,NO JUNCTION INVOLVED,,ASPHALT,ANIMAL/OBJECT IN RDWAY,$5001 TO $10000,COLLISION WITH DEER,STATERD446OLDDUTCHRIDGERD,0,,2022-12-03 12:03:00,,,
MONROE SD,M22A26696,MONROE,PERRY,BLOOMINGTON,1,,0,0,1,,ST RD 37,,,,,ST RD 37,,,,,N,,0.0,,39.10655578,-86.5524382,ST RD,,,,RURAL,N,N,N,,DARK (LIGHTED),CLOUDY,WET,,NO JUNCTION INVOLVED,,ASPHALT,ANIMAL/OBJECT IN RDWAY,$2501 TO $5000,COLLISION WITH DEER,STATERD37,0,,2022-10-31 04:48:00,,,