Agency,Local Code,County,Township,City,Vehicles Involved,Trailers Involved,Number Injured,Number Dead,Number Deer,House Number,Roadway Name,Roadway Suffix,Roadway Number,Roadway Interchange,Roadway Ramp,Roadway Id,Intersecting Road,Intersecting Road Number,Mile Marker,Interchange,Corporate Limits?,Property Type,Feet From,Direction,Latitude,Longitude,Roadway Class,Traffic Control Devices?,Aggressive Driving?,Hit and Run?,Locality,School Zone?,Rumble Strips?,Construction?,Construction Type,Light Condition,Weather Conditions,Surface Condition,Type of Median,Roadway Junction Type,Road Character,Roadway Surface,Primary Factor,Damage Estimate,Manner of Collision,Unique Location Id,State Property Damage?,Traffic Control,DateTime,Address Number,Cyclist Involved,Pedestrian Involved
BLOOMINGTON PD,B22-01033,MONROE,BLOOMINGTON,BLOOMINGTON,2,,0,0,0,,N RANGE RD,,,,,N RANGE RD,,,,,N,,0.0,,39.1760738,-86.5029139,,,,,URBAN,N,N,N,,DAYLIGHT,CLEAR,DRY,,T-INTERSECTION,,ASPHALT,FAILURE TO YIELD RIGHT OF WAY,$2501 TO $5000,SAME DIRECTION SIDESWIPE,NRANGERD,0,,2022-01-10 12:10:00,,,
ISP BLOOMINGTON 33,2.022E+11,MONROE,BLOOMINGTON,BLOOMINGTON,2,,0,0,0,,ST RD 48,,,,,ST RD 48,S CURRY PK,,,,N,,0.0,,39.16463937,-86.58296282,ST RD,,,,URBAN,N,N,N,,DARK (LIGHTED),CLEAR,DRY,,FOUR-WAY INTERSECTION,,ASPHALT,OTHER (DRIVER) - EXPLAIN IN NARRATIVE,$5001 TO $10000,RIGHT ANGLE,ST RD 48SCURRYPK,0,,2022-01-07 06:35:00,,,
BLOOMINGTON PD,B22-01969,MONROE,PERRY,BLOOMINGTON,1,,1,0,0,,E THORNTON DR,,,,,E THORNTON DR,S TROY CT,,,,Y,,0.0,,39.14901133,-86.52384888,LOCAL/CITY RD,,,,URBAN,N,N,N,,DARK (LIGHTED),CLEAR,DRY,,NO JUNCTION INVOLVED,,ASPHALT,UNSAFE SPEED,$2501 TO $5000,RAN OFF RD,STROYCTETHORNTONDR,0,,2022-01-18 08:50:00,,,
INDIANA UNIV BLOOMINGTON PD,220177,MONROE,BLOOMINGTON,BLOOMINGTON,2,,0,0,0,,E 17TH ST,,,,,E 17TH ST,N FESS AVE,,,,Y,,0.0,,39.1790454,-86.52636607,LOCAL/CITY RD,,,,URBAN,N,N,N,,DARK (NOT LIGHTED),CLEAR,DRY,,T-INTERSECTION,,ASPHALT,FOLLOWING TOO CLOSELY,$2501 TO $5000,REAR END,NFESSAVEE17THST,0,,2022-01-19 18:09:00,,,
MONROE SD,M22A1993,MONROE,SALT CREEK,BLOOMINGTON,1,,0,0,0,,5000 E LAMPKINS RIDGE RD,,,,,E LAMPKINS RIDGE RD,,,,,N,,0.0,,0.0,0.0,LOCAL/CITY RD,,,,URBAN,N,N,N,,DARK (NOT LIGHTED),CLEAR,DRY,,NO JUNCTION INVOLVED,,ASPHALT,ANIMAL/OBJECT IN RDWAY,$25001 TO $50000,RAN OFF RD,5000ELAMPKINSRIDGERD,0,,2022-01-27 06:10:00,5000.0,,
BLOOMINGTON PD,B22-00288,MONROE,PERRY,BLOOMINGTON,2,,0,0,0,,E GRIMES LN,,,,,E GRIMES LN,S WALNUT ST,,,,Y,,0.0,,39.15336096,-86.53371735,LOCAL/CITY RD,,,,URBAN,N,N,N,,DAYLIGHT,CLEAR,DRY,,FOUR-WAY INTERSECTION,,ASPHALT,FOLLOWING TOO CLOSELY,$2501 TO $5000,REAR END,SWALNUTSTEGRIMESLN,0,,2022-01-04 10:50:00,,,
BLOOMINGTON PD,B22-01369,MONROE,BLOOMINGTON,BLOOMINGTON,2,,0,0,0,,ST RD 46,,,,,ST RD 46,EASTGATE LN,,,,Y,,317.0,,39.17063536,-86.50158745,LOCAL/CITY RD,,,,URBAN,N,N,N,,DAYLIGHT,CLEAR,DRY,,FOUR-WAY INTERSECTION,,ASPHALT,BRAKE FAILURE OR DEFECTIVE,$2501 TO $5000,REAR END,STATERD46EASTGATELN,0,,2022-01-13 16:27:00,,,
BLOOMINGTON PD,B22-21552,MONROE,BLOOMINGTON,BLOOMINGTON,2,,0,0,0,,W 3RD ST,,,,,W 3RD ST,I-69 NB EXIT 118 OFF-RAMP,,,,Y,,0.0,,39.16465421,-86.57384224,ST RD,,,,URBAN,N,N,N,,DAYLIGHT,CLOUDY,DRY,,FOUR-WAY INTERSECTION,,ASPHALT,DISREGARD SIGNAL/REG SIGN,$5001 TO $10000,RIGHT ANGLE,W 3RDSTI-69 NBEXIT118OFF-RAMP,0,,2022-06-09 16:12:00,,,
BLOOMINGTON PD,B22-00916,MONROE,PERRY,BLOOMINGTON,1,,0,0,1,,E MOORES PK,,,,,E MOORES PK,S OLCOTT BLVD,,,,Y,,0.0,,39.15019301,-86.48503585,LOCAL/CITY RD,,,,URBAN,N,N,N,,DARK (NOT LIGHTED),RAIN,WET,,T-INTERSECTION,,ASPHALT,ANIMAL/OBJECT IN RDWAY,$1001 TO $2500,COLLISION WITH DEER,SOLCOTTBLVDEMOORESPK,0,,2022-01-09 07:02:00,,,
BLOOMINGTON PD,B22-00902,MONROE,BLOOMINGTON,BLOOMINGTON,1,,0,0,0,,W ARLINGTON RD,,,,,W ARLINGTON RD,W 17TH ST,,,,Y,,0.0,,39.17932523,-86.54718592,LOCAL/CITY RD,,,,URBAN,N,N,N,,DARK (LIGHTED),RAIN,WET,,TRAFFIC CIRCLE/ROUNDABOUT,,ASPHALT,OTHER (DRIVER) - EXPLAIN IN NARRATIVE,$1001 TO $2500,NON-COLLISION,WARLINGTONRDW17THST,0,,2022-01-09 01:00:00,,,
BLOOMINGTON PD,B22-01353,MONROE,PERRY,BLOOMINGTON,2,,0,0,0,,3200 E 3RD ST,,,,,E 3RD ST,,,,,Y,,0.0,,39.16403517,-86.49271256,,,,,URBAN,N,N,N,,DAYLIGHT,CLEAR,DRY,,NO JUNCTION INVOLVED,,CONCRETE,UNSAFE BACKING,$1001 TO $2500,BACKING CRASH,3200E 3RDST,0,,2022-01-13 02:23:00,3200.0,,
ELLETTSVILLE PD,E22-01653,MONROE,RICHLAND,ELLETTSVILLE,2,,0,0,0,,S EDGEWOOD DR,,,,,S EDGEWOOD DR,W TEMPERANCE ST,,,,Y,,0.0,,39.23626957,-86.62846667,ST RD,,,,URBAN,Y,N,N,,DAWN/DUSK,RAIN,WET,,T-INTERSECTION,,ASPHALT,IMPROPER TURNING,$5001 TO $10000,LEFT/RIGHT TURN,WTEMPERANCESTSEDGEWOODDR,0,,2022-05-03 07:24:00,,,
BLOOMINGTON PD,B22-23475,MONROE,PERRY,BLOOMINGTON,2,,0,0,0,2894,E 3RD ST,,,,,E 3RD ST,,,,,Y,,0.0,,39.16245716,-86.49649422,PRIVATE DR,,,,URBAN,N,N,N,,DAYLIGHT,CLEAR,DRY,,NO JUNCTION INVOLVED,,ASPHALT,UNSAFE BACKING,$1001 TO $2500,REAR TO REAR,E 3RDST,0,,2022-06-22 19:37:00,,,
ELLETTSVILLE PD,E2201858,MONROE,RICHLAND,ELLETTSVILLE,1,0.0,0,0,0,,,,ST RD 46 W,,,ST RD 46 W,LAKEVIEW,,,,Y,,,,39.221152,-86.6056,ST RD,,N,N,URBAN,N,N,N,,DAYLIGHT,RAIN,WET,,NO JUNCTION INVOLVED,STRAIGHT/LEVEL,ASPHALT,SPEED TOO FAST FOR WEATHER CONDITIONS,$5001 TO $10000,RAN OFF RD,LAKEVIEWDRST RD 46 W,0,NONE,2022-05-18 13:03:00,,,
BLOOMINGTON PD,B22-17747,MONROE,PERRY,BLOOMINGTON,2,,1,0,0,,E 3RD ST,,,,,E 3RD ST,S PETE LLIS DR,,,,Y,,0.0,,39.16420554,-86.49489623,LOCAL/CITY RD,,,,URBAN,N,N,N,,DAYLIGHT,CLOUDY,WET,,FOUR-WAY INTERSECTION,,ASPHALT,FOLLOWING TOO CLOSELY,$2501 TO $5000,REAR END,SPETEELLISDRE 3RDST,0,,2022-05-14 16:14:00,,,
MONROE SD,M22A23413,MONROE,BLOOMINGTON,BLOOMINGTON,1,,1,0,0,,N KINSER PK,,,,,N KINSER PK,,,,,N,,0.0,,39.22763742,-86.54643006,COUNTY RD,,,,RURAL,N,N,N,,DAYLIGHT,CLEAR,DRY,,NO JUNCTION INVOLVED,,ASPHALT,UNSAFE SPEED,$5001 TO $10000,RAN OFF RD,NKINSERPK,0,,2022-09-23 10:18:00,,,
BLOOMINGTON PD,B22-34626,MONROE,VAN BUREN,BLOOMINGTON,2,,0,0,0,,W 3RD ST,,,,,W 3RD ST,N GATES DR,,,,Y,,0.0,,39.16459547,-86.57625716,LOCAL/CITY RD,,,,URBAN,N,N,N,,DAYLIGHT,CLEAR,DRY,,FOUR-WAY INTERSECTION,,ASPHALT,DRIVER DISTRACTED - EXPLAIN IN NARRATIVE,UNDER $1001,REAR END,W 3RDSTNGATESDR,0,,2022-08-31 11:31:00,,,
BLOOMINGTON PD,B22-21670,MONROE,PERRY,BLOOMINGTON,1,,0,0,0,,E BILL MALLORY BLVD,,,,,E BILL MALLORY BLVD,S GRAYWELL DR,,,,Y,,0.0,,,,,,,,URBAN,N,N,N,,DAYLIGHT,CLOUDY,DRY,,T-INTERSECTION,,ASPHALT,OTHER (DRIVER) - EXPLAIN IN NARRATIVE,$5001 TO $10000,OTHER - EXPLAIN IN NARRATIVE,SGRAYWELLDREBILLMALLORYBLVD,0,,2022-06-10 11:53:00,,,
BLOOMINGTON PD,B22-03112,MONROE,PERRY,BLOOMINGTON,2,,0,0,0,1150,S CLARIZZ BLVD: THE MONROE,,,,,S CLARIZZ BLVD,,,,,Y,,0.0,,39.15382652,-86.49292385,LOCAL/CITY RD,,,,URBAN,N,N,N,,DAYLIGHT,SNOW,SNOW/SLUSH,,NO JUNCTION INVOLVED,,ASPHALT,OTHER (ENVIRONMENTAL) - EXPLAIN IN NARR,$1001 TO $2500,REAR END,SCLARIZZBLVD:THEMONROE,0,,2022-01-28 13:35:00,,,
BLOOMINGTON PD,B22-29197,MONROE,PERRY,BLOOMINGTON,2,,0,0,0,,E WINDSOR DR,,,,,E WINDSOR DR,S WILTON DR,,,,Y,,200.0,,39.14675277,-86.51221686,LOCAL/CITY RD,,,,URBAN,N,N,N,,DAYLIGHT,CLOUDY,DRY,,NO JUNCTION INVOLVED,,ASPHALT,UNSAFE BACKING,$1001 TO $2500,BACKING CRASH,SWILTONDREWINDSORDR,0,,2022-07-30 09:33:00,,,
MONROE SD,M22A22988,MONROE,BLOOMINGTON,BLOOMINGTON,1,,0,0,0,,ST RD 46,,,,,ST RD 46,,,,,N,,0.0,,39.1882739,-86.56685776,ST RD,,,,RURAL,N,Y,N,,DARK (NOT LIGHTED),CLEAR,DRY,,NO JUNCTION INVOLVED,,ASPHALT,UNSAFE SPEED,$25001 TO $50000,RAN OFF RD,STATERD46,0,,2022-09-18 21:41:00,,,
MONROE SD,M22A12313,MONROE,VAN BUREN,BLOOMINGTON,1,,0,0,0,,S GARRISON CHAPEL RD,,,,,S GARRISON CHAPEL RD,W HENDRICKS RD,,,,N,,1000.0,,39.16034187,-86.64847591,COUNTY RD,,,,RURAL,N,N,N,,DAYLIGHT,RAIN,WATER (STANDING OR MOVING),,NO JUNCTION INVOLVED,,ASPHALT,SPEED TOO FAST FOR WEATHER CONDITIONS,$5001 TO $10000,RAN OFF RD,WHENDRICKSRDSGARRISONCHAPELRD,0,,2022-05-27 09:43:00,,,
MONROE SD,M22A24058,MONROE,VAN BUREN,BLOOMINGTON,3,,1,0,0,,S CURRY PK,,,,,S CURRY PK,W DOYLE AVE,,,,N,,0.0,,39.1580385,-86.58263644,LOCAL/CITY RD,,,,URBAN,N,N,N,,DAYLIGHT,CLEAR,DRY,,FOUR-WAY INTERSECTION,,ASPHALT,FOLLOWING TOO CLOSELY,$25001 TO $50000,REAR END,WDOYLEAVESCURRYPK,0,,2022-09-30 13:10:00,,,
MONROE SD,M22A2833,MONROE,POLK,BLOOMINGTON,1,,0,0,1,,ST RD 446,,,,,ST RD 446,E TOWER RIDGE,,,,Y,,75.0,,39.01286365,-86.40122858,ST RD,,,,RURAL,N,N,N,,DARK (NOT LIGHTED),CLEAR,DRY,,NO JUNCTION INVOLVED,,ASPHALT,ANIMAL/OBJECT IN RDWAY,$5001 TO $10000,COLLISION WITH DEER,STATERD446ETOWERRIDGE,0,,2022-02-06 04:44:00,,,
ISP BLOOMINGTON 33,2.022E+11,MONROE,RICHLAND,ELLETTSVILLE,1,,0,0,0,,ST RD 46,,,,,ST RD 46,DEER PARK DR,,,,Y,,400.0,,39.21218664,-86.58748288,ST RD,,,,URBAN,N,N,N,,DAYLIGHT,RAIN,WET,,NO JUNCTION INVOLVED,,ASPHALT,,$5001 TO $10000,RAN OFF RD,ST RD 46DEERPARKDR,0,,2022-03-22 18:24:00,,,
INDIANA UNIV BLOOMINGTON PD,222536,MONROE,BLOOMINGTON,BLOOMINGTON,2,,1,0,0,,ST RD 45,,,,,ST RD 45,E 10TH ST,,,,Y,,0.0,,39.1720898,-86.50263495,ST RD,,,,URBAN,N,N,N,,DAYLIGHT,CLEAR,DRY,,FOUR-WAY INTERSECTION,,ASPHALT,FOLLOWING TOO CLOSELY,UNDER $1001,REAR END,STATERD45E 10THST,0,,2022-08-03 10:53:00,,,
INDIANA UNIV BLOOMINGTON PD,220489,MONROE,BLOOMINGTON,BLOOMINGTON,4,,0,0,0,,E 3RD ST,,,,,E 3RD ST,S ARBUTUS DR,,,,Y,,0.0,,39.16426255,-86.51160426,LOCAL/CITY RD,,,,URBAN,N,N,N,,DAYLIGHT,CLEAR,DRY,,NO JUNCTION INVOLVED,,ASPHALT,FOLLOWING TOO CLOSELY,$25001 TO $50000,REAR END,SARBUTUSDRE 3RDST,0,,2022-02-08 04:05:00,,,
MONROE SD,M22A16434,MONROE,RICHLAND,BLOOMINGTON,2,,0,0,0,,ST RD 46,,,,,ST RD 46,N CENTENNIAL DR,,,,N,,0.0,,39.2100146,-86.58272184,ST RD,,,,URBAN,N,N,N,,DAYLIGHT,CLOUDY,WET,,FOUR-WAY INTERSECTION,,ASPHALT,INSECURE/LEAKY LOAD,UNDER $1001,OTHER - EXPLAIN IN NARRATIVE,STATERD46NCENTENNIALDR,0,,2022-07-09 09:28:00,,,
BLOOMINGTON PD,B22-35443,MONROE,BLOOMINGTON,BLOOMINGTON,2,,0,0,0,218,W COUNTRY CLUB DR,,,,,W COUNTRY CLUB DR,,,,,N,,0.0,,39.1355685,-86.5319166,,,,,URBAN,N,N,N,,DAYLIGHT,CLOUDY,DRY,,NO JUNCTION INVOLVED,,ASPHALT,IMPROPER TURNING,$2501 TO $5000,LEFT/RIGHT TURN,WCOUNTRYCLUBDR,0,,2022-09-04 16:30:00,,,
BLOOMINGTON PD,B22-09123,MONROE,VAN BUREN,BLOOMINGTON,1,,0,0,0,,4023 W 3RD ST,,,,,W 3RD ST,,,,,Y,,0.0,,0.0,0.0,PRIVATE DR,,,,URBAN,N,N,N,,DAYLIGHT,CLOUDY,DRY,,NO JUNCTION INVOLVED,,ASPHALT,OTHER (DRIVER) - EXPLAIN IN NARRATIVE,$1001 TO $2500,OTHER - EXPLAIN IN NARRATIVE,4023W.3RDST,0,,2022-03-18 10:55:00,4023.0,,
INDIANA UNIV BLOOMINGTON PD,222779,MONROE,PERRY,BLOOMINGTON,2,,0,0,0,,E 3RD ST,,,,,E 3RD ST,S WOODLAWN AVE,,,,Y,,317.0,,39.16429561,-86.52334954,LOCAL/CITY RD,,,,URBAN,N,N,N,,DAYLIGHT,CLEAR,DRY,,T-INTERSECTION,,ASPHALT,FOLLOWING TOO CLOSELY,$5001 TO $10000,REAR END,SWOODLAWNAVEE 3RDST,0,,2022-08-23 13:30:00,,,
BLOOMINGTON PD,B22-25923,MONROE,BLOOMINGTON,BLOOMINGTON,1,,0,0,0,,1421 N WILLIS DR,,,,,N WILLIS DR,,,,,Y,,0.0,,39.18252992,-86.54533553,PRIVATE DR,,,,URBAN,N,N,N,,DARK (LIGHTED),CLEAR,WET,,NO JUNCTION INVOLVED,,ASPHALT,OTHER (DRIVER) - EXPLAIN IN NARRATIVE,$1001 TO $2500,BACKING CRASH,1421NWILLISDR,0,,2022-07-07 23:00:00,1421.0,,
BLOOMINGTON PD,B22-37895,MONROE,BLOOMINGTON,BLOOMINGTON,2,,0,0,0,,W 15TH ST,,,,,W 15TH ST,N MADISON ST,,,,Y,,300.0,,39.176587,-86.537705,LOCAL/CITY RD,,,,URBAN,N,N,N,,DAYLIGHT,CLOUDY,WET,,NO JUNCTION INVOLVED,,ASPHALT,FAILURE TO YIELD RIGHT OF WAY,$2501 TO $5000,RIGHT ANGLE,W.15THSTN.MADISONST,0,,2022-09-19 08:55:00,,,
MONROE SD,M22A9933,MONROE,BLOOMINGTON,BLOOMINGTON,1,,0,0,0,,7590 S BREEDEN RD,,,,,S BREEDEN RD,,,,,N,,0.0,,0.0,0.0,COUNTY RD,,,,RURAL,N,N,N,,DARK (NOT LIGHTED),CLOUDY,DRY,,NO JUNCTION INVOLVED,,ASPHALT,UNSAFE SPEED,$5001 TO $10000,RAN OFF RD,7590SBREEDENRD,0,,2022-05-02 00:30:00,7590.0,,
BLOOMINGTON PD,B22-26760,MONROE,BLOOMINGTON,BLOOMINGTON,2,,1,0,0,,W 3RD ST,,,,,W 3RD ST,S KIMBLE DR,,,,Y,,211.0,,39.16461677,-86.56842596,LOCAL/CITY RD,,,,URBAN,N,N,N,,DAYLIGHT,CLEAR,DRY,,NO JUNCTION INVOLVED,,ASPHALT,FAILURE TO YIELD RIGHT OF WAY,$2501 TO $5000,RIGHT ANGLE,W 3RDSTSKIMBLEDR,0,,2022-07-13 15:41:00,,,
BLOOMINGTON PD,B22-42354,MONROE,PERRY,BLOOMINGTON,2,,0,0,0,528,S COLLEGE AVE,,,,,S COLLEGE AVE,,,,,Y,,0.0,,39.16118339,-86.53561177,PRIVATE DR,,,,URBAN,N,N,N,,DAYLIGHT,CLEAR,DRY,,NO JUNCTION INVOLVED,,ASPHALT,DISREGARD SIGNAL/REG SIGN,$1001 TO $2500,SAME DIRECTION SIDESWIPE,SCOLLEGEAVE,0,,2022-10-13 15:11:00,,,
MONROE SD,M22A20700,MONROE,CLEAR CREEK,BLOOMINGTON,1,,0,0,1,,S STRAIN RIDGE RD,,,,,S STRAIN RIDGE RD,E MORNING BROOK LN,,,,N,,0.0,,39.02918848,-86.52134824,COUNTY RD,,,,RURAL,N,N,N,,DARK (NOT LIGHTED),FOG/SMOKE/SMOG,DRY,,T-INTERSECTION,,ASPHALT,ANIMAL/OBJECT IN RDWAY,$10001 TO $25000,COLLISION WITH DEER,SSTRAINRIDGERDEMORNINGBROOKLN,0,,2022-08-24 03:40:00,,,
BLOOMINGTON PD,B22-36073,MONROE,PERRY,BLOOMINGTON,2,,0,0,0,,E 3RD ST,,,,,E 3RD ST,S KINGSTON DR,,,,Y,,0.0,,39.164238,-86.493068,LOCAL/CITY RD,,,,URBAN,N,N,Y,LN CLOSURE,DAYLIGHT,CLEAR,DRY,,FOUR-WAY INTERSECTION,,ASPHALT,FOLLOWING TOO CLOSELY,$2501 TO $5000,REAR END,S.KINGSTONDRE 3RDST,0,,2022-09-08 12:58:00,,,
MONROE SD,M22A25085,MONROE,VAN BUREN,BLOOMINGTON,2,,0,0,0,,W ST RD 45,,,,,W ST RD 45,S DINSMORE RD,,,,N,,0.0,,39.11321016,-86.63476057,ST RD,,,,RURAL,N,N,N,,DAYLIGHT,CLOUDY,DRY,,Y-INTERSECTION,,ASPHALT,DRIVER DISTRACTED - EXPLAIN IN NARRATIVE,$25001 TO $50000,REAR END,WSTATERD45SDINSMORERD,0,,2022-10-12 15:58:00,,,
INDIANA UNIV BLOOMINGTON PD,223621,MONROE,BLOOMINGTON,BLOOMINGTON,2,,0,0,0,,ST RD 46,,,,,ST RD 46,E 10TH ST,,,,Y,,0.0,,39.17092533,-86.50199122,ST RD,,,,URBAN,N,N,N,,DAYLIGHT,CLEAR,DRY,,FOUR-WAY INTERSECTION,,ASPHALT,FOLLOWING TOO CLOSELY,$2501 TO $5000,REAR END,STATERD46E 10THST,0,,2022-09-28 09:30:00,,,
BLOOMINGTON PD,B22-14324,MONROE,BLOOMINGTON,BLOOMINGTON,2,,0,0,0,,S GRANT ST,,,,,S GRANT ST,E 4TH ST,,,,Y,,0.0,,39.16529403,-86.5298397,LOCAL/CITY RD,,,,URBAN,N,N,N,,DARK (LIGHTED),CLEAR,DRY,,NO JUNCTION INVOLVED,,ASPHALT,UNSAFE BACKING,$2501 TO $5000,BACKING CRASH,SGRANTSTE4THST,0,,2022-04-22 09:35:00,,,
MONROE SD,M22A3364,MONROE,VAN BUREN,BLOOMINGTON,2,,0,0,0,3585,W ST RD 45,,,,,W ST RD 45,,,,,N,,0.0,,39.14347573,-86.58053686,ST RD,,,,URBAN,N,N,N,,DAYLIGHT,CLOUDY,DRY,,NO JUNCTION INVOLVED,,ASPHALT,OTHER (DRIVER) - EXPLAIN IN NARRATIVE,UNDER $1001,OTHER - EXPLAIN IN NARRATIVE,WSTATERD45,0,,2022-02-12 12:47:00,,,
MONROE SD,M22A10046,MONROE,BLOOMINGTON,BLOOMINGTON,2,,0,0,0,,ST RD 46,,,,,ST RD 46,,,,,N,,0.0,,39.18749506,-86.56486876,,,,,URBAN,N,Y,N,,DAYLIGHT,RAIN,WET,,NO JUNCTION INVOLVED,,ASPHALT,UNSAFE LN MOVEMENT,$2501 TO $5000,SAME DIRECTION SIDESWIPE,STATERD46,0,,2022-05-03 09:10:00,,,
BLOOMINGTON PD,B22-40901,MONROE,PERRY,BLOOMINGTON,2,,0,0,0,,W PATTERSON DR,,,,,W PATTERSON DR,S FAIRVIEW ST,,,,Y,,0.0,,39.15381449,-86.54010863,LOCAL/CITY RD,,,,URBAN,N,N,N,,DAYLIGHT,CLEAR,DRY,,FOUR-WAY INTERSECTION,,ASPHALT,IMPROPER LN USAGE,$2501 TO $5000,RIGHT ANGLE,WPATTERSONDRSFAIRVIEWST,0,,2022-10-05 16:15:00,,,
BLOOMINGTON PD,B22-06071,MONROE,PERRY,BLOOMINGTON,2,,1,0,0,,S HIGH ST,,,,,S HIGH ST,E COVENANTER DR,,,,Y,,0.0,,39.15364182,-86.50841422,LOCAL/CITY RD,,,,URBAN,N,N,N,,DAYLIGHT,CLOUDY,DRY,,FOUR-WAY INTERSECTION,,ASPHALT,FAILURE TO YIELD RIGHT OF WAY,$10001 TO $25000,RIGHT ANGLE,SHIGHSTECOVENANTERDR,0,,2022-02-23 15:25:00,,,
MONROE SD,M22A24772,MONROE,PERRY,BLOOMINGTON,2,,0,0,0,,S VICTOR PK,,,,,S VICTOR PK,ST RD 37,,,,N,,0.0,,39.10579282,-86.55115078,ST RD,,,,RURAL,N,N,N,,DARK (NOT LIGHTED),CLEAR,DRY,,FOUR-WAY INTERSECTION,,ASPHALT,DRIVER ASLEEP OR FATIGUED,$10001 TO $25000,REAR END,STATERD37SVICTORPK,0,,2022-10-09 00:22:00,,,
ELLETTSVILLE PD,E22-04153,MONROE,RICHLAND,ELLETTSVILLE,2,,2,0,0,,ST RD 46,,,,,ST RD 46,FLATWOODS RD,,,,Y,,1380.0,,39.24965935,-86.65069585,ST RD,,,,RURAL,N,N,N,,DARK (NOT LIGHTED),CLEAR,DRY,,NO JUNCTION INVOLVED,,ASPHALT,OTHER (DRIVER) - EXPLAIN IN NARRATIVE,$5001 TO $10000,RAN OFF RD,STATERD46FLATWOODSRD,0,,2022-10-11 23:34:00,,,
INDIANA UNIV BLOOMINGTON PD,220624,MONROE,BLOOMINGTON,BLOOMINGTON,2,,0,0,0,,E COTTAGE GROVE AVE,,,,,E COTTAGE GROVE AVE,N WALNUT GROVE AVE,,,,Y,,50.0,,39.1724932,-86.52160353,LOCAL/CITY RD,,,,URBAN,N,N,N,,DAYLIGHT,RAIN,WET,,T-INTERSECTION,,ASPHALT,FAILURE TO YIELD RIGHT OF WAY,UNDER $1001,RIGHT ANGLE,NWALNUTGROVEAVEECOTTAGEGROVEAVE,0,,2022-02-17 14:30:00,,,
ISP BLOOMINGTON 33,2.022E+11,MONROE,INDIAN CREEK,BLOOMINGTON,1,,1,0,0,,I-69,,,,,I-69,,,105.5,,N,,0.0,,39.05725945,-86.68119317,INTERSTATE,,,,RURAL,N,N,N,,DAYLIGHT,CLOUDY,DRY,,NO JUNCTION INVOLVED,,CONCRETE,,$10001 TO $25000,RAN OFF RD,I-69105.5,0,,2022-04-16 10:31:00,,,
ISP BLOOMINGTON 33,2.022E+11,MONROE,WASHINGTON,BLOOMINGTON,1,,0,0,0,,I-69,,,,,I-69,,,129.5,,N,,0.0,,39.32633393,-86.51495595,INTERSTATE,,,,RURAL,N,N,N,,DAWN/DUSK,CLOUDY,WET,,NO JUNCTION INVOLVED,,ASPHALT,,$2501 TO $5000,RAN OFF RD,I-69129.5,0,,2022-04-16 07:03:00,,,
MONROE SD,M22A16825,MONROE,BENTON,BLOOMINGTON,2,,0,0,0,,ST RD 45,,,,,ST RD 45,E RATLIFF RD,,,,N,,0.0,,39.20628481,-86.46334713,ST RD,,,,RURAL,N,N,N,,DAYLIGHT,CLEAR,DRY,,T-INTERSECTION,,ASPHALT,FAILURE TO YIELD RIGHT OF WAY,$10001 TO $25000,LEFT TURN,STATERD45ERATLIFFRD,0,,2022-07-13 16:48:00,,,
BLOOMINGTON PD,B2203164,MONROE,CLEAR CREEK,BLOOMINGTON,1,,0,0,0,,E GARDEN PATH,,,,,E GARDEN PATH,,,,,Y,,0.0,,0.0,0.0,LOCAL/CITY RD,,,,URBAN,N,N,N,,DAWN/DUSK,SNOW,ICE,,TRAFFIC CIRCLE/ROUNDABOUT,,ASPHALT,RDWAY SURFACE CONDITION,$2501 TO $5000,RAN OFF RD,EGARDENPATH,0,,2022-01-28 17:26:00,,,
BLOOMINGTON PD,B22-06459,MONROE,RICHLAND,,2,,0,0,0,3870,W 3RD ST,,,,,W 3RD ST,,,,,Y,,0.0,,39.16684562,-86.58235154,PRIVATE DR,,,,URBAN,N,N,N,,DAYLIGHT,CLEAR,DRY,,NO JUNCTION INVOLVED,,ASPHALT,UNSAFE BACKING,$1001 TO $2500,BACKING CRASH,WEST3RDST,0,,2022-02-26 15:45:00,,,
BLOOMINGTON PD,B22-08488,MONROE,VAN BUREN,BLOOMINGTON,2,,0,0,0,,W BLOOMFIELD RD,,,,,W BLOOMFIELD RD,S ROLLING RIDGE WAY,,,,Y,,0.0,,39.15498405,-86.56326003,LOCAL/CITY RD,,,,URBAN,N,N,N,,DAYLIGHT,CLEAR,DRY,,FOUR-WAY INTERSECTION,,ASPHALT,FAILURE TO MAINTAIN LN,UNDER $1001,SAME DIRECTION SIDESWIPE,WBLOOMFIELDRDSROLLINGRIDGEWAY,0,,2022-03-14 11:00:00,,,
MONROE SD,M22A24829,MONROE,BLOOMINGTON,BLOOMINGTON,1,,0,0,0,3715,E XETER LN,,,,,E XETER LN,,,,,N,,0.0,,39.18331964,-86.48780935,LOCAL/CITY RD,,,,URBAN,N,N,N,,DARK (NOT LIGHTED),CLEAR,DRY,,NO JUNCTION INVOLVED,,ASPHALT,OTHER (DRIVER) - EXPLAIN IN NARRATIVE,$25001 TO $50000,RAN OFF RD,EEXETERLN,0,,2022-10-10 05:56:00,,,
ISP BLOOMINGTON 33,2.022E+11,MONROE,BLOOMINGTON,BLOOMINGTON,2,,0,0,0,,W 3RD ST,,,,,W 3RD ST,I-69 - 118 - B,,,,Y,,50.0,,39.16449046,-86.57182735,LOCAL/CITY RD,,,,URBAN,N,N,N,,DAYLIGHT,CLEAR,DRY,,NO JUNCTION INVOLVED,,CONCRETE,UNSAFE SPEED,$1001 TO $2500,REAR END,W 3RDSTI-69-118-B,0,,2022-08-12 13:25:00,,,