Agency,Local Code,County,Township,City,Vehicles Involved,Trailers Involved,Number Injured,Number Dead,Number Deer,House Number,Roadway Name,Roadway Suffix,Roadway Number,Roadway Interchange,Roadway Ramp,Roadway Id,Intersecting Road,Intersecting Road Number,Mile Marker,Interchange,Corporate Limits?,Property Type,Feet From,Direction,Latitude,Longitude,Roadway Class,Traffic Control Devices?,Aggressive Driving?,Hit and Run?,Locality,School Zone?,Rumble Strips?,Construction?,Construction Type,Light Condition,Weather Conditions,Surface Condition,Type of Median,Roadway Junction Type,Road Character,Roadway Surface,Primary Factor,Damage Estimate,Manner of Collision,Unique Location Id,State Property Damage?,Traffic Control,DateTime,Address Number,Cyclist Involved,Pedestrian Involved
MONROE SD,M22A20373,MONROE,PERRY,BLOOMINGTON,2,,2,0,0,,S ST RD 37,,,,,S ST RD 37,E RHORER RD,,,,N,,0.0,,39.12029803,-86.5312389,ST RD,,,,URBAN,N,N,N,,DAYLIGHT,CLEAR,DRY,,NO JUNCTION INVOLVED,,ASPHALT,UNSAFE SPEED,$5001 TO $10000,REAR END,SOLDSTATERD37ERHORERRD,0,,2022-08-20 00:00:00,,,
BLOOMINGTON PD,B22-17669,MONROE,VAN BUREN,BLOOMINGTON,2,,2,0,0,,S LEONARD SPRINGS RD,,,,,S LEONARD SPRINGS RD,W ST RD 45,,,,Y,,0.0,,39.14195439,-86.58255762,LOCAL/CITY RD,,,,URBAN,N,N,N,,DARK (LIGHTED),CLEAR,DRY,,FOUR-WAY INTERSECTION,,ASPHALT,FAILURE TO YIELD RIGHT OF WAY,$10001 TO $25000,LEFT TURN,WSTATERD45SLEONARDSPRINGSRD,0,,2022-05-13 22:40:00,,,
BLOOMINGTON PD,B22-39771,MONROE,VAN BUREN,BLOOMINGTON,2,,0,0,0,,S LIBERTY DR,,,,,S LIBERTY DR,W CONSTITUTION WAY,,,,Y,,0.0,,39.15121037,-86.57708991,LOCAL/CITY RD,,,,URBAN,N,N,N,,DAYLIGHT,CLEAR,DRY,,T-INTERSECTION,,ASPHALT,FOLLOWING TOO CLOSELY,$2501 TO $5000,REAR END,WCONSTITUTIONWAYSLIBERTYDR,0,,2022-09-29 13:29:00,,,
BLOOMINGTON PD,B22-36523,MONROE,BLOOMINGTON,BLOOMINGTON,2,,0,0,0,,N WASHINGTON ST,,,,,N WASHINGTON ST,E 10TH ST,,,,Y,,0.0,,39.17164131,-86.53231598,LOCAL/CITY RD,,,,URBAN,N,N,N,,DARK (LIGHTED),RAIN,WET,,FOUR-WAY INTERSECTION,,ASPHALT,FAILURE TO YIELD RIGHT OF WAY,$5001 TO $10000,RIGHT ANGLE,NWASHINGTONSTE 10THST,0,,2022-09-10 21:53:00,,,
MONROE SD,M22A12338,MONROE,VAN BUREN,BLOOMINGTON,2,,0,0,0,,W ST RD 45,,,,,W ST RD 45,,,,,N,,0.0,,39.14195943,-86.58089459,PRIVATE DR,,,,RURAL,N,N,N,,DAYLIGHT,CLOUDY,DRY,,NO JUNCTION INVOLVED,,ASPHALT,FAILURE TO YIELD RIGHT OF WAY,$5001 TO $10000,BACKING CRASH,WSTATERD45,0,,2022-05-27 14:47:00,,,
MONROE SD,M22A19032,MONROE,WASHINGTON,BLOOMINGTON,1,,0,0,0,,W WILLIAMS RD,,,,,W WILLIAMS RD,W SIMPSON CHAPEL RD,,,,N,,0.0,,39.28046724,-86.52703236,LOCAL/CITY RD,,,,RURAL,N,N,N,,DAYLIGHT,CLEAR,DRY,,T-INTERSECTION,,ASPHALT,OTHER (DRIVER) - EXPLAIN IN NARRATIVE,$5001 TO $10000,RAN OFF RD,WWILLIAMSRDWSIMPSONCHAPELRD,0,,2022-08-05 09:10:00,,,
BLOOMINGTON PD,B22-11895,MONROE,PERRY,BLOOMINGTON,2,,0,0,0,,W COUNTRY CLUB DR,,,,,W COUNTRY CLUB DR,S MILTON DR,,,,Y,,634.0,,39.13617191,-86.5408185,LOCAL/CITY RD,,,,URBAN,N,N,N,,DAYLIGHT,CLEAR,DRY,,NO JUNCTION INVOLVED,,ASPHALT,FOLLOWING TOO CLOSELY,$2501 TO $5000,REAR END,WCOUNTRYCLUBDRSMILTONDR,0,,2022-04-06 16:37:00,,,
MONROE SD,M22A15500,MONROE,VAN BUREN,BLOOMINGTON,2,,0,0,0,,S LEONARD SPRINGS RD,,,,,S LEONARD SPRINGS RD,W ST RD 45,,,,N,,0.0,,39.14195717,-86.58260769,LOCAL/CITY RD,,,,URBAN,N,N,B,,DAYLIGHT,CLEAR,DRY,,FOUR-WAY INTERSECTION,,ASPHALT,DISREGARD SIGNAL/REG SIGN,$5001 TO $10000,OPPOSITE DIRECTION SIDESWIPE,WSTATERD45SLEONARDSPRINGSRD,0,,2022-06-29 04:50:00,,,
BLOOMINGTON PD,B22-26373,MONROE,BLOOMINGTON,BLOOMINGTON,1,,1,0,0,,S WESTPLEX AVE,,,,,S WESTPLEX AVE,,,,,Y,,0.0,,39.16550199,-86.55399925,PRIVATE DR,,,,URBAN,N,N,N,,DARK (LIGHTED),CLEAR,DRY,,NO JUNCTION INVOLVED,,ASPHALT,OTHER (DRIVER) - EXPLAIN IN NARRATIVE,$1001 TO $2500,OTHER - EXPLAIN IN NARRATIVE,SWESTPLEXAVE,1,,2022-07-11 02:07:00,,,True
BLOOMINGTON PD,B22-30967,MONROE,PERRY,BLOOMINGTON,2,,0,0,0,,W BLOOMFIELD RD,,,,,W BLOOMFIELD RD,Jan-69,,,,Y,,0.0,,39.14892263,-86.57057316,,,,,URBAN,N,Y,N,,DAYLIGHT,CLEAR,DRY,,FOUR-WAY INTERSECTION,,ASPHALT,DISREGARD SIGNAL/REG SIGN,$1001 TO $2500,RIGHT ANGLE,WBLOOMFIELDRD1-69,0,,2022-08-10 15:53:00,,,
BLOOMINGTON PD,B22-32013,MONROE,PERRY,BLOOMINGTON,2,,0,0,0,,W 3RD ST,,,,,W 3RD ST,S LANDMARK AVE,,,,Y,,200.0,,39.16443234,-86.55566304,LOCAL/CITY RD,,,,URBAN,N,N,N,,DAYLIGHT,CLEAR,DRY,,NO JUNCTION INVOLVED,,ASPHALT,FOLLOWING TOO CLOSELY,$5001 TO $10000,REAR END,W 3RDSTSLANDMARKAVE,0,,2022-08-17 09:11:00,,,
BLOOMINGTON PD,B22-38205,MONROE,PERRY,BLOOMINGTON,2,,1,0,0,,E HILLSIDE DR,,,,,E HILLSIDE DR,S HIGH ST,,,,Y,,0.0,,39.150445,-86.508421,LOCAL/CITY RD,,,,URBAN,N,N,N,,DAYLIGHT,CLEAR,DRY,,FOUR-WAY INTERSECTION,,ASPHALT,FOLLOWING TOO CLOSELY,$1001 TO $2500,REAR END,S.HIGHSTEHILLSIDEDR,0,,2022-09-21 11:56:00,,,
INDIANA UNIV BLOOMINGTON PD,221685,MONROE,BLOOMINGTON,BLOOMINGTON,2,,0,0,0,,N FEE LN,,,,,N FEE LN,E 13TH ST,,,,Y,,0.0,,39.17496346,-86.51853508,PRIVATE DR,,,,URBAN,N,N,N,,DAYLIGHT,CLEAR,DRY,,NO JUNCTION INVOLVED,,ASPHALT,IMPROPER TURNING,$1001 TO $2500,SAME DIRECTION SIDESWIPE,NFEELNE13THST,0,,2022-04-29 14:25:00,,,
ELLETTSVILLE PD,E2200612,MONROE,RICHLAND,ELLETTSVILLE,2,0.0,0,0,0,4200,ST RD 46 W,HWY,,,,ST RD 46 W,,,,,Y,,,,39.212879,-86.588621,OTHER,,N,N,URBAN,N,N,N,,DAYLIGHT,RAIN,WATER (STANDING OR MOVING),,NO JUNCTION INVOLVED,STRAIGHT/LEVEL,ASPHALT,OTHER (ENVIRONMENTAL) - EXPLAIN IN NARR,$5001 TO $10000,RIGHT TURN,ST RD 46 WHWY,0,LN CONTROL,2022-02-17 11:57:00,,,
MONROE SD,M22A7529,MONROE,VAN BUREN,BLOOMINGTON,2,,0,0,0,,S WESTMONT,,,,,S WESTMONT,GENE AVE,,,,N,,50.0,,,,LOCAL/CITY RD,,,,URBAN,N,N,N,,DARK (NOT LIGHTED),CLOUDY,DRY,,NO JUNCTION INVOLVED,,ASPHALT,ANIMAL/OBJECT IN RDWAY,$10001 TO $25000,SAME DIRECTION SIDESWIPE,SWESTMONTGENEAVE,0,,2022-04-03 12:13:00,,,
BLOOMINGTON PD,B22-12498,MONROE,BLOOMINGTON,,3,,0,0,0,,N WALNUT ST,,,,,N WALNUT ST,W 8TH ST,,,,Y,,0.0,,0.0,0.0,LOCAL/CITY RD,,,,URBAN,N,N,N,,DAYLIGHT,CLEAR,DRY,,NO JUNCTION INVOLVED,,ASPHALT,STEERING FAILURE,$25001 TO $50000,LEFT TURN,W8THSTNWALNUTST,0,,2022-04-10 19:00:00,,,
MONROE SD,M22A9920,MONROE,BLOOMINGTON,BLOOMINGTON,1,,0,1,0,,N ST RD 37,,,,,N ST RD 37,E PRAIRIE DR,,,,N,,792.0,,39.22092183,-86.51763386,LOCAL/CITY RD,,,,RURAL,N,N,N,,DAYLIGHT,CLEAR,DRY,,NO JUNCTION INVOLVED,,ASPHALT,FAILURE TO MAINTAIN LN,$10001 TO $25000,RAN OFF RD,NOLDSTATERD37EPRAIRIEDR,0,,2022-05-01 18:59:00,,,
BLOOMINGTON PD,B22-26544,MONROE,PERRY,BLOOMINGTON,2,,0,0,0,114,W GRIMES LN,,,,,W GRIMES LN,,,,,Y,,0.0,,39.15328956,-86.53572953,PRIVATE DR,,,,URBAN,N,N,N,,DAYLIGHT,CLEAR,DRY,,NO JUNCTION INVOLVED,,GRAVEL,UNSAFE BACKING,$2501 TO $5000,BACKING CRASH,WGRIMESLN,0,,2022-07-12 10:28:00,,,
BLOOMINGTON PD,B22-16780,MONROE,BLOOMINGTON,BLOOMINGTON,2,,0,0,0,,E 7TH ST,,,,,E 7TH ST,N DUNN ST,,,,Y,,0.0,,39.16854921,-86.52831263,,,,,URBAN,N,N,N,,DAYLIGHT,CLEAR,DRY,,T-INTERSECTION,,ASPHALT,FAILURE TO YIELD RIGHT OF WAY,$5001 TO $10000,RIGHT ANGLE,NDUNNSTE7THST,0,,2022-05-08 12:10:00,,,
INDIANA UNIV BLOOMINGTON PD,222577,MONROE,BLOOMINGTON,BLOOMINGTON,1,,0,0,0,,E 10TH ST,,,,,E 10TH ST,E 10TH ST,,,,Y,,264.0,,39.17106673,-86.50214142,ST RD,,,,URBAN,N,N,N,,DAYLIGHT,CLOUDY,WET,,RAILRD CROSSINGS,,ASPHALT,RDWAY SURFACE CONDITION,$1001 TO $2500,RAN OFF RD,E 10THSTE 10THST,0,,2022-08-09 11:30:00,,,
ELLETTSVILLE PD,E2202439,MONROE,RICHLAND,ELLETTSVILLE,2,0.0,0,0,0,,SALE,ST,,,,SALE,,,,,Y,,,,39.23384,-86.624704,LOCAL/CITY RD,Y,N,N,URBAN,N,N,N,,DAYLIGHT,CLEAR,DRY,,T-INTERSECTION,STRAIGHT/GRADE,ASPHALT,FOLLOWING TOO CLOSELY,$1001 TO $2500,REAR END,SALESTST RD 46 W,0,TRAFFIC CONTROL SIGNAL,2022-07-01 08:04:00,,,
INDIANA UNIV BLOOMINGTON PD,221556,MONROE,BLOOMINGTON,BLOOMINGTON,1,,0,0,0,,E 7TH ST,,,,,E 7TH ST,,,,,Y,,0.0,,39.16925609,-86.51716975,PRIVATE DR,,,,URBAN,N,N,N,,DARK (NOT LIGHTED),CLEAR,DRY,,T-INTERSECTION,,ASPHALT,OTHER (DRIVER) - EXPLAIN IN NARRATIVE,$25001 TO $50000,RAN OFF RD,E7THST,0,,2022-04-23 02:38:00,,,
BLOOMINGTON PD,B22-22076,MONROE,PERRY,BLOOMINGTON,2,,0,0,0,,E UNIVERSITY ST,,,,,E UNIVERSITY ST,S HENDERSON ST,,,,Y,,0.0,,39.16039434,-86.52720399,,,,,URBAN,N,N,N,,DAYLIGHT,CLEAR,DRY,,T-INTERSECTION,,ASPHALT,FAILURE TO YIELD RIGHT OF WAY,$5001 TO $10000,RIGHT ANGLE,SHENDERSONSTEUNIVERSITYST,0,,2022-06-13 15:20:00,,,
INDIANA UNIV BLOOMINGTON PD,222477,MONROE,BLOOMINGTON,BLOOMINGTON,2,,0,0,0,,N INDIANA AVE,,,,,N INDIANA AVE,E 17TH ST,,,,Y,,0.0,,39.17831314,-86.52703232,LOCAL/CITY RD,,,,URBAN,N,N,N,,DAYLIGHT,CLOUDY,WET,,NO JUNCTION INVOLVED,,ASPHALT,FAILURE TO YIELD RIGHT OF WAY,$1001 TO $2500,LEFT TURN,NINDIANAAVEE17THST,0,,2022-07-26 13:00:00,,,
BLOOMINGTON PD,B22-19094,MONROE,PERRY,BLOOMINGTON,2,,0,0,0,,E 3RD ST,,,,,E 3RD ST,S WOODSCREST DR,,,,Y,,0.0,,39.164239,-86.502437,LOCAL/CITY RD,,,,URBAN,N,N,N,,DAYLIGHT,CLEAR,DRY,,FOUR-WAY INTERSECTION,,ASPHALT,UNSAFE BACKING,$2501 TO $5000,BACKING CRASH,SWOODSCRESTDRE 3RDST,0,,2022-05-24 12:31:00,,,
BLOOMINGTON PD,B22-30022,MONROE,PERRY,BLOOMINGTON,2,,0,0,0,155,E BURKS DR,,,,,E BURKS DR,,,,,Y,,0.0,,39.12708589,-86.53036241,PRIVATE DR,,,,URBAN,N,N,N,,DAYLIGHT,RAIN,WET,,NO JUNCTION INVOLVED,,ASPHALT,UNSAFE BACKING,$2501 TO $5000,BACKING CRASH,EBURKSDR,0,,2022-08-04 13:31:00,,,
INDIANA UNIV BLOOMINGTON PD,220357,MONROE,BLOOMINGTON,BLOOMINGTON,2,,0,0,0,,E 3RD ST,,,,,E 3RD ST,S HAWTHORNE DR,,,,Y,,0.0,,39.16426255,-86.52006931,LOCAL/CITY RD,,,,URBAN,N,N,N,,DAYLIGHT,CLEAR,DRY,,NO JUNCTION INVOLVED,,ASPHALT,FAILURE TO YIELD RIGHT OF WAY,UNDER $1001,LEFT TURN,SHAWTHORNEDRE 3RDST,0,,2022-01-31 03:45:00,,,
MONROE SD,M22A12509,MONROE,PERRY,BLOOMINGTON,1,,0,0,0,6469,ST RD 46,,,,,ST RD 46,,,,,N,,0.0,,39.16377799,-86.43765575,ST RD,,,,RURAL,N,N,N,,DAYLIGHT,CLEAR,DRY,,NO JUNCTION INVOLVED,,ASPHALT,OTHER (DRIVER) - EXPLAIN IN NARRATIVE,$5001 TO $10000,RAN OFF RD,STATERD46,0,,2022-05-29 07:13:00,,,
BLOOMINGTON PD,B22-32662,MONROE,PERRY,BLOOMINGTON,2,,0,0,0,,S LINCOLN ST,,,,,S LINCOLN ST,E 1ST,,,,Y,,0.0,,39.15962892,-86.53126839,PRIVATE DR,,,,URBAN,N,N,N,,DARK (NOT LIGHTED),CLEAR,DRY,,NO JUNCTION INVOLVED,,ASPHALT,UNSAFE LN MOVEMENT,UNDER $1001,BACKING CRASH,SLINCOLNSTE1STST,0,,2022-08-20 02:00:00,,,
ELLETTSVILLE PD,E22-02787,MONROE,RICHLAND,ELLETTSVILLE,2,,0,0,0,,W MAIN ST,,,,,W MAIN ST,N MATHEWS DR,,,,Y,,0.0,,39.23606643,-86.62507571,LOCAL/CITY RD,,,,RURAL,N,N,N,,DAYLIGHT,RAIN,WET,,T-INTERSECTION,,ASPHALT,DISREGARD SIGNAL/REG SIGN,$2501 TO $5000,RIGHT ANGLE,W MAINSTNMATHEWSDR,0,,2022-07-26 14:14:00,,,
INDIANA UNIV BLOOMINGTON PD,220938,MONROE,BLOOMINGTON,BLOOMINGTON,2,,0,0,0,,E 3RD ST,,,,,E 3RD ST,S FACULTY AVE,,,,Y,,158.0,,39.16428126,-86.5214426,LOCAL/CITY RD,,,,URBAN,N,N,N,,DAYLIGHT,CLEAR,DRY,,NO JUNCTION INVOLVED,,ASPHALT,UNSAFE LN MOVEMENT,$2501 TO $5000,SAME DIRECTION SIDESWIPE,SFACULTYAVEE 3RDST,0,,2022-03-10 16:25:00,,,
INDIANA UNIV BLOOMINGTON PD,221128,MONROE,BLOOMINGTON,BLOOMINGTON,2,,0,0,0,,N FEE LN,,,,,N FEE LN,,,,,Y,,0.0,,39.17662963,-86.51912754,,,,,URBAN,N,N,N,,DARK (LIGHTED),CLEAR,DRY,,NO JUNCTION INVOLVED,,ASPHALT,OTHER (DRIVER) - EXPLAIN IN NARRATIVE,$1001 TO $2500,SAME DIRECTION SIDESWIPE,NFEELN,0,,2022-03-27 02:00:00,,,
ISP BLOOMINGTON 33,2.022E+11,MONROE,PERRY,BLOOMINGTON,2,,0,0,0,,I-69,,,,,I-69,,,114.0,,N,,0.0,,39.12080684,-86.57013401,INTERSTATE,,,,RURAL,N,N,N,,DAYLIGHT,CLEAR,DRY,,NO JUNCTION INVOLVED,,ASPHALT,,$2501 TO $5000,SAME DIRECTION SIDESWIPE,I-69114,0,,2022-05-09 10:06:00,,,
BLOOMINGTON PD,B22-21588,MONROE,BLOOMINGTON,BLOOMINGTON,2,,0,0,0,2701,E 3RD ST,,,,,E 3RD ST,,,,,Y,,0.0,,39.16496628,-86.49766272,PRIVATE DR,,,,URBAN,N,N,N,,DAYLIGHT,CLEAR,DRY,,NO JUNCTION INVOLVED,,ASPHALT,FOLLOWING TOO CLOSELY,$1001 TO $2500,REAR END,E 3RDST,0,,2022-06-09 19:14:00,,,
ELLETTSVILLE PD,E2203200,MONROE,RICHLAND,ELLETTSVILLE,2,,0,0,0,,ST RD 46,,,,,ST RD 46,N SALE ST,,,,Y,,0.0,,0.0,0.0,ST RD,,,,URBAN,N,N,N,,DAYLIGHT,CLEAR,DRY,,FOUR-WAY INTERSECTION,,ASPHALT,UNSAFE LN MOVEMENT,$2501 TO $5000,SAME DIRECTION SIDESWIPE,STATERD46NSALEST,0,,2022-08-24 15:37:00,,,
BLOOMINGTON PD,B22-00864,MONROE,BLOOMINGTON,BLOOMINGTON,3,,0,0,0,,ST RD 46,,,,,ST RD 46,N COLLEGE AVE,,,,Y,,475.0,,39.18637791,-86.53617061,ST RD,,,,URBAN,N,N,N,,DARK (LIGHTED),SLEET/HAIL/FREEZING RAIN,ICE,,NO JUNCTION INVOLVED,,ASPHALT,FOLLOWING TOO CLOSELY,$5001 TO $10000,REAR END,STATERD46N.COLLEGEAVE,0,,2022-01-08 18:36:00,,,
BLOOMINGTON PD,B22-36255,MONROE,BLOOMINGTON,BLOOMINGTON,2,,0,0,0,317,E 15TH ST,,,,,E 15TH ST,,,,,Y,,0.0,,39.17729739,-86.53006502,PRIVATE DR,,,,URBAN,N,N,N,,UNKNOWN,CLEAR,DRY,,NO JUNCTION INVOLVED,,GRAVEL,UNSAFE BACKING,$2501 TO $5000,BACKING CRASH,E15THST,0,,2022-08-31 17:50:00,,,
BLOOMINGTON PD,B22-34799,MONROE,VAN BUREN,BLOOMINGTON,2,,0,0,0,,W ST RD 45,,,,,W ST RD 45,S HICKORY LEAF DR/ S LIBERTY D,,,,Y,,0.0,,39.14508907,-86.57776575,ST RD,,,,URBAN,N,N,N,,DAYLIGHT,CLEAR,DRY,,FOUR-WAY INTERSECTION,,ASPHALT,FAILURE TO YIELD RIGHT OF WAY,$10001 TO $25000,LEFT TURN,WSTATERD45SHICKORYLEAFDR/SLIBERTYD,0,,2022-09-01 12:40:00,,,
BLOOMINGTON PD,B22-28002,MONROE,BLOOMINGTON,BLOOMINGTON,3,,0,0,0,,2846 E 3RD ST,,,,,E 3RD ST,,,,,Y,,0.0,,39.16127283,-86.49714114,PRIVATE DR,,,,URBAN,N,N,N,,DAYLIGHT,CLEAR,DRY,,NO JUNCTION INVOLVED,,ASPHALT,OTHER (DRIVER) - EXPLAIN IN NARRATIVE,$10001 TO $25000,BACKING CRASH,2846E 3RDST,0,,2022-07-21 15:23:00,2846.0,,
INDIANA UNIV BLOOMINGTON PD,222670,MONROE,BLOOMINGTON,BLOOMINGTON,2,,1,0,0,,E 3RD ST,,,,,E 3RD ST,S HIGHLAND AVE,,,,Y,,0.0,,39.16426463,-86.51768751,LOCAL/CITY RD,,,,URBAN,N,N,N,,DAYLIGHT,CLEAR,DRY,,T-INTERSECTION,,ASPHALT,IMPROPER TURNING,$10001 TO $25000,LEFT TURN,SHIGHLANDAVEE 3RDST,0,,2022-08-17 19:36:00,,,
BLOOMINGTON PD,B22-11166,MONROE,PERRY,BLOOMINGTON,2,,0,0,0,,E HEATHER DR,,,,,E HEATHER DR,S LAUREL CT,,,,Y,,0.0,,39.12529329,-86.52398409,LOCAL/CITY RD,,,,URBAN,N,N,N,,DAYLIGHT,CLEAR,DRY,,FOUR-WAY INTERSECTION,,ASPHALT,UNSAFE BACKING,$1001 TO $2500,BACKING CRASH,SLAURELCTEHEATHERDR,0,,2022-04-01 13:49:00,,,
ELLETTSVILLE PD,E2202420,MONROE,RICHLAND,ELLETTSVILLE,3,0.0,0,0,0,,,,ST RD 46 W,,,ST RD 46 W,SALE,,,,Y,,,,39.23384,-86.624704,ST RD,,N,N,URBAN,N,N,N,,DAYLIGHT,CLEAR,DRY,,FOUR-WAY INTERSECTION,STRAIGHT/LEVEL,ASPHALT,FOLLOWING TOO CLOSELY,$5001 TO $10000,REAR END,SALESTST RD 46 W,0,LN CONTROL,2022-06-29 17:10:00,,,
ISP BLOOMINGTON 33,2.022E+11,MONROE,INDIAN CREEK,BLOOMINGTON,1,,0,0,1,,I-69,,,,,I-69,,,105.0,,N,,0.0,,39.05010876,-86.68002552,INTERSTATE,,,,RURAL,N,N,N,,DAYLIGHT,CLEAR,DRY,,NO JUNCTION INVOLVED,,CONCRETE,ANIMAL/OBJECT IN RDWAY,$5001 TO $10000,COLLISION WITH DEER,I-69105,0,,2022-05-28 08:40:00,,,
MONROE SD,M22A9873,MONROE,PERRY,BLOOMINGTON,2,,0,0,0,,S FAIRFAX RD,,,,,S FAIRFAX RD,S WALNUT ST PK,,,,N,,50.0,,39.107177,-86.526485,LOCAL/CITY RD,,,,URBAN,N,N,N,,DARK (NOT LIGHTED),CLEAR,DRY,,NO JUNCTION INVOLVED,,ASPHALT,ANIMAL/OBJECT IN RDWAY,$2501 TO $5000,REAR END,SWALNUTSTPKSFAIRFAXRD,0,,2022-05-01 03:21:00,,,
BLOOMINGTON PD,B22-04336,MONROE,PERRY,BLOOMINGTON,2,,0,0,0,,1107 W 3RD ST ,,,,,W 3RD ST ,,,,,Y,,0.0,,,,LOCAL/CITY RD,,,,URBAN,N,N,N,,DAYLIGHT,CLEAR,DRY,,NO JUNCTION INVOLVED,,ASPHALT,UNSAFE BACKING,$1001 TO $2500,BACKING CRASH,"1107W 3RDSTBLOOMINGTON,IN",0,,2022-02-08 16:25:00,1107.0,,
BLOOMINGTON PD,B22-20999,MONROE,PERRY,BLOOMINGTON,2,,0,0,0,,S WALNUT ST,,,,,S WALNUT ST,E WYLIE ST,,,,Y,,0.0,,39.158367,-86.533661,LOCAL/CITY RD,,,,URBAN,N,N,N,,DAYLIGHT,CLEAR,DRY,,NO JUNCTION INVOLVED,,ASPHALT,UNSAFE BACKING,$2501 TO $5000,BACKING CRASH,S.WALNUTSTEWYLIEST,0,,2022-06-06 09:09:00,,,
MONROE SD,M22A11163,MONROE,CLEAR CREEK,BLOOMINGTON,1,,0,0,0,,S ROGERS ST,,,,,S ROGERS ST,W CHURCH LN,,,,N,,0.0,,39.10845213,-86.5401874,LOCAL/CITY RD,,,,RURAL,N,N,N,,DAYLIGHT,CLEAR,DRY,,NO JUNCTION INVOLVED,,ASPHALT,OTHER (VEHICLE) - EXPLAIN IN NARRATIVE,$2501 TO $5000,RAN OFF RD,WCHURCHLNSROGERSST,0,,2022-05-15 10:45:00,,,
BLOOMINGTON PD,B22-03360,MONROE,PERRY,BLOOMINGTON,2,,1,0,0,,S ROCKPORT RD,,,,,S ROCKPORT RD,W COUNTRYSIDE LN,,,,Y,,0.0,,39.14336429,-86.54182765,LOCAL/CITY RD,,,,URBAN,N,N,N,,DAYLIGHT,CLEAR,DRY,,FOUR-WAY INTERSECTION,,ASPHALT,FAILURE TO YIELD RIGHT OF WAY,$2501 TO $5000,LEFT TURN,WCOUNTRYSIDELNSROCKPORTRD,0,,2022-01-30 14:35:00,,,
MONROE SD,M22A10846,MONROE,CLEAR CREEK,BLOOMINGTON,1,,1,0,0,,S FAIRFAX RD,,,,,S FAIRFAX RD,E BERNICE DR,,,,N,,0.0,,39.06722042,-86.50306528,LOCAL/CITY RD,,,,RURAL,N,N,N,,DAYLIGHT,CLEAR,DRY,,NO JUNCTION INVOLVED,,ASPHALT,FAILURE TO MAINTAIN LN,$2501 TO $5000,RAN OFF RD,SFAIRFAXRDEBERNICEDR,0,,2022-05-11 20:17:00,,,
BLOOMINGTON PD,B22-12811,MONROE,PERRY,BLOOMINGTON,2,,1,0,0,,S WASHINGTON ST,,,,,S WASHINGTON ST,E 2ND ST,,,,Y,,0.0,,39.16098835,-86.53246301,LOCAL/CITY RD,,,,URBAN,N,N,N,,DARK (NOT LIGHTED),CLEAR,DRY,,NO JUNCTION INVOLVED,,ASPHALT,FAILURE TO YIELD RIGHT OF WAY,$1001 TO $2500,RIGHT TURN,SWASHINGTONSTE 2NDST,0,,2022-04-12 20:54:00,,,
MONROE SD,M22A12949,MONROE,RICHLAND,BLOOMINGTON,2,,0,0,0,,N CURRY PK,,,,,N CURRY PK,W VERNAL PK,,,,N,,0.0,,39.179165,-86.583074,LOCAL/CITY RD,,,,URBAN,N,N,N,,DAYLIGHT,CLEAR,DRY,,FOUR-WAY INTERSECTION,,ASPHALT,FOLLOWING TOO CLOSELY,$2501 TO $5000,REAR END,WVERNALPKNCURRYPK,0,,2022-06-03 08:47:00,,,
INDIANA UNIV BLOOMINGTON PD,221868,MONROE,BLOOMINGTON,BLOOMINGTON,2,,0,0,0,,E 3RD ST,,,,,E 3RD ST,S FACULTY AVE,,,,Y,,0.0,,39.16429062,-86.52166925,LOCAL/CITY RD,,,,URBAN,N,N,N,,DAYLIGHT,CLEAR,DRY,,NO JUNCTION INVOLVED,,ASPHALT,FOLLOWING TOO CLOSELY,UNDER $1001,REAR END,SFACULTYAVEE 3RDST,0,,2022-05-13 14:48:00,,,
ELLETTSVILLE PD,E2200536,MONROE,RICHLAND,ELLETTSVILLE,3,0.0,0,0,0,,,,ST RD 46 W,,,ST RD 46 W,UNION VALLEY,,,,Y,,250.0,E,39.21468205,-86.59215654,ST RD,,N,N,URBAN,N,N,N,,DAWN/DUSK,CLOUDY,WET,,FOUR-WAY INTERSECTION,STRAIGHT/LEVEL,ASPHALT,BRAKE FAILURE OR DEFECTIVE,$10001 TO $25000,REAR END,ST RD 46 WUNIONVALLEYRD,0,NONE,2022-02-11 17:12:00,,,
BLOOMINGTON PD,B22-19531,MONROE,BLOOMINGTON,BLOOMINGTON,2,,0,0,0,,ST RD 46,,,,,ST RD 46,N KINSER PK,,,,Y,,0.0,,39.18638622,-86.53670973,ST RD,,,,URBAN,N,N,N,,DAYLIGHT,RAIN,WET,,NO JUNCTION INVOLVED,,ASPHALT,SPEED TOO FAST FOR WEATHER CONDITIONS,$2501 TO $5000,REAR END,STATERD46NKINSERPK,0,,2022-05-27 11:17:00,,,
ISP BLOOMINGTON 33,2022-00227085,MONROE,PERRY,BLOOMINGTON,1,,1,0,1,,I-69,,,,,I-69,,,113.0,,N,,0.0,,39.09451745,-86.56580722,INTERSTATE,,,,RURAL,N,N,N,,DARK (NOT LIGHTED),CLEAR,DRY,,NO JUNCTION INVOLVED,,ASPHALT,ANIMAL/OBJECT IN RDWAY,$2501 TO $5000,COLLISION WITH DEER,I-69113,0,,2022-05-20 22:18:00,,,
BLOOMINGTON PD,B22-32292,MONROE,PERRY,BLOOMINGTON,2,,0,0,0,,S COLLEGE MALL RD,,,,,S COLLEGE MALL RD,E 3RD ST,,,,Y,,0.0,,39.16373472,-86.49815221,,,,,URBAN,N,N,N,,DAYLIGHT,CLEAR,DRY,,INTERCHANGE,,ASPHALT,FOLLOWING TOO CLOSELY,$1001 TO $2500,REAR END,SCOLLEGEMALLRDE 3RDST,0,,2022-08-18 15:59:00,,,