Agency,Local Code,County,Township,City,Vehicles Involved,Trailers Involved,Number Injured,Number Dead,Number Deer,House Number,Roadway Name,Roadway Suffix,Roadway Number,Roadway Interchange,Roadway Ramp,Roadway Id,Intersecting Road,Intersecting Road Number,Mile Marker,Interchange,Corporate Limits?,Property Type,Feet From,Direction,Latitude,Longitude,Roadway Class,Traffic Control Devices?,Aggressive Driving?,Hit and Run?,Locality,School Zone?,Rumble Strips?,Construction?,Construction Type,Light Condition,Weather Conditions,Surface Condition,Type of Median,Roadway Junction Type,Road Character,Roadway Surface,Primary Factor,Damage Estimate,Manner of Collision,Unique Location Id,State Property Damage?,Traffic Control,DateTime,Address Number,Cyclist Involved,Pedestrian Involved
MONROE SD,M22A23484,MONROE,,BLOOMINGTON,1,,0,0,0,,W MAPLE GROVE RD,,,,,W MAPLE GROVE RD,N BOTTOM RD,,,,N,,500.0,,39.269658,-86.547717,COUNTY RD,,,,RURAL,N,N,N,,DARK (NOT LIGHTED),RAIN,WET,,NO JUNCTION INVOLVED,,ASPHALT,RDWAY SURFACE CONDITION,$2501 TO $5000,RAN OFF RD,WMAPLEGROVERDNBOTTOMRD,0,,2022-09-23 23:26:00,,,
BLOOMINGTON PD,B22-29375,MONROE,BLOOMINGTON,,2,,0,0,0,,ST RD 46,,,103,M,ST RD 46,,,,,Y,,0.0,,39.18714019,-86.55801005,INTERSTATE,,,,URBAN,N,N,N,,DAYLIGHT,CLEAR,DRY,,RAMP,,ASPHALT,OVERCORRECTING/OVERSTEERING,$1001 TO $2500,SAME DIRECTION SIDESWIPE,STATERD46103M,0,,2022-07-31 16:03:00,,,
ISP BLOOMINGTON 33,2.022E+11,MONROE,PERRY,BLOOMINGTON,1,,0,0,0,,I-69,,,,,I-69,,,114.0,,Y,,0.0,,39.11415829,-86.56330635,INTERSTATE,,,,URBAN,N,N,N,,DAYLIGHT,CLEAR,DRY,,NO JUNCTION INVOLVED,,ASPHALT,ANIMAL/OBJECT IN RDWAY,$1001 TO $2500,COLLISION WITH OBJECT IN RD,I-69114,0,,2022-03-17 13:50:00,,,
MONROE SD,M22A6816,MONROE,RICHLAND,ELLETTSVILLE,1,,0,0,0,,N HARTSTRAIT RD,,,,,N HARTSTRAIT RD,W HARBISON RD,,,,N,,0.0,,39.2230127,-86.61417408,,,,,RURAL,N,N,N,,DAYLIGHT,CLEAR,DRY,,NO JUNCTION INVOLVED,,ASPHALT,UNSAFE LN MOVEMENT,$5001 TO $10000,RAN OFF RD,WHARBISONRDNHARTSTRAITRD,0,,2022-03-25 12:33:00,,,
BLOOMINGTON PD,B22-32298,MONROE,BLOOMINGTON,BLOOMINGTON,2,,5,0,0,,ST RD 46,,,,,ST RD 46,S MEADOWBROOK DR,,,,Y,,300.0,,39.16421541,-86.48509688,LOCAL/CITY RD,,,,URBAN,N,N,N,,DAYLIGHT,CLEAR,DRY,,NO JUNCTION INVOLVED,,ASPHALT,FAILURE TO MAINTAIN LN,$10001 TO $25000,HEAD ON BETWEEN TWO MOTOR VEHICLES,STATERD46SMEADOWBROOKDR,0,,2022-08-18 16:40:00,,,
INDIANA UNIV BLOOMINGTON PD,222722,MONROE,BLOOMINGTON,BLOOMINGTON,2,,0,0,0,,E UNIVERSITY RD,,,,,E UNIVERSITY RD,,,,,Y,,0.0,,39.17664877,-86.51847556,PRIVATE DR,,,,URBAN,N,N,N,,DAYLIGHT,CLEAR,DRY,,NO JUNCTION INVOLVED,,ASPHALT,UNSAFE BACKING,$1001 TO $2500,BACKING CRASH,EUNIVERSITYRD,0,,2022-08-20 14:20:00,,,
ISP BLOOMINGTON 33,2.022E+11,MONROE,VAN BUREN,BLOOMINGTON,1,,1,0,0,,W ST RD 45,,,,,W ST RD 45,W AIRPORT RD,,,,N,,0.0,,39.13636702,-86.59443842,ST RD,,,,RURAL,N,N,N,,DAYLIGHT,CLOUDY,DRY,,T-INTERSECTION,,ASPHALT,FAILURE TO MAINTAIN LN,$25001 TO $50000,,WSTATERD45 WAIRPORTRD,0,,2022-03-24 09:45:00,,,
BLOOMINGTON PD,B22-14211,MONROE,BLOOMINGTON,BLOOMINGTON,2,,0,0,0,,E 10TH ST,,,,,E 10TH ST,N.DUNN ST,,,,Y,,0.0,,39.171661,-86.528297,LOCAL/CITY RD,,,,URBAN,N,N,N,,DAYLIGHT,CLOUDY,DRY,,FOUR-WAY INTERSECTION,,ASPHALT,FAILURE TO YIELD RIGHT OF WAY,$2501 TO $5000,RIGHT ANGLE,N.DUNNSTE 10THST,0,,2022-04-22 12:10:00,,,
BLOOMINGTON PD,B22-39773,MONROE,PERRY,BLOOMINGTON,2,,0,0,0,,S EAGLESON AVE,,,,,S EAGLESON AVE,E SOUTHDOWNS DR,,,,Y,,100.0,,39.15493596,-86.51521857,LOCAL/CITY RD,,,,URBAN,N,N,N,,DAYLIGHT,CLEAR,DRY,,NO JUNCTION INVOLVED,,ASPHALT,UNSAFE BACKING,$2501 TO $5000,BACKING CRASH,SEAGLESON AVEAVEESOUTHDOWNSDR,0,,2022-09-29 13:37:00,,,
BLOOMINGTON PD,B22-14666,MONROE,PERRY,BLOOMINGTON,2,,0,0,0,505,S MULLER PKWY,,,,,S MULLER PKWY,,,,,Y,,0.0,,39.16025201,-86.5678524,PRIVATE DR,,,,URBAN,N,N,N,,DAYLIGHT,CLEAR,DRY,,NO JUNCTION INVOLVED,,ASPHALT,OTHER (DRIVER) - EXPLAIN IN NARRATIVE,$2501 TO $5000,BACKING CRASH,SMULLERPKWY,0,,2022-04-23 17:00:00,,,
MONROE SD,M22A13378,MONROE,PERRY,BLOOMINGTON,1,,0,0,1,,S LEONARD SPRINGS RD,,,,,S LEONARD SPRINGS RD,W SIMS LN,,,,N,,422.0,,39.12587061,-86.58257551,LOCAL/CITY RD,,,,URBAN,N,N,N,,DAYLIGHT,CLEAR,DRY,,NO JUNCTION INVOLVED,,ASPHALT,ANIMAL/OBJECT IN RDWAY,$5001 TO $10000,COLLISION WITH DEER,WSIMSLNSLEONARDSPRINGSRD,0,,2022-06-07 18:06:00,,,
BLOOMINGTON PD,B22-02882,MONROE,BLOOMINGTON,BLOOMINGTON,2,,0,0,0,,W 17TH ST,,,,,W 17TH ST,N KINSER PK,,,,Y,,0.0,,39.17908001,-86.53841898,LOCAL/CITY RD,,,,URBAN,N,N,N,,DAYLIGHT,CLEAR,DRY,,FOUR-WAY INTERSECTION,,ASPHALT,FAILURE TO YIELD RIGHT OF WAY,$1001 TO $2500,SAME DIRECTION SIDESWIPE,W17THSTNKINSERPK,0,,2022-01-26 17:06:00,,,
INDIANA UNIV BLOOMINGTON PD,222222,MONROE,BLOOMINGTON,BLOOMINGTON,2,,0,0,0,1211,E 7TH ST,,,,,E 7TH ST,,,,,Y,,0.0,,39.16815341,-86.51785112,PRIVATE DR,,,,URBAN,N,N,N,,DAYLIGHT,CLEAR,DRY,,NO JUNCTION INVOLVED,,ASPHALT,UNSAFE BACKING,$1001 TO $2500,SAME DIRECTION SIDESWIPE,E7THST,0,,2022-06-23 08:15:00,,,
ISP BLOOMINGTON 33,2.022E+11,MONROE,BLOOMINGTON,BLOOMINGTON,1,,0,0,1,,KINSER PK,,,,,KINSER PK,SKYLINE DR,,,,Y,,100.0,,39.1898997,-86.53778644,LOCAL/CITY RD,,,,URBAN,N,N,N,,DAYLIGHT,CLEAR,DRY,,NO JUNCTION INVOLVED,,ASPHALT,ANIMAL/OBJECT IN RDWAY,$2501 TO $5000,COLLISION WITH DEER,SKYLINEDRKINSERPK,0,,2022-06-10 07:15:00,,,
INDIANA UNIV BLOOMINGTON PD,222381,MONROE,BLOOMINGTON,BLOOMINGTON,3,,0,0,0,,ST RD 45,,,,,ST RD 45,,,,,Y,,0.0,,39.17779541,-86.50572485,ST RD,,,,URBAN,N,Y,N,,DAYLIGHT,CLEAR,DRY,,NO JUNCTION INVOLVED,,ASPHALT,FOLLOWING TOO CLOSELY,$5001 TO $10000,REAR END,STATERD45,0,,2022-07-13 15:00:00,,,
ISP BLOOMINGTON 33,2.022E+11,MONROE,PERRY,BLOOMINGTON,1,,0,0,0,,I-69,,,,,I-69,,,110.0,,N,,0.0,,39.07118232,-86.60986211,INTERSTATE,,,,RURAL,N,N,N,,DAYLIGHT,SNOW,SNOW/SLUSH,,NO JUNCTION INVOLVED,,CONCRETE,,$10001 TO $25000,RAN OFF RD,I-69110,0,,2022-01-28 14:10:00,,,
MONROE SD,M22A10360,MONROE,VAN BUREN,VAN BUREN PARK,2,,1,0,0,,S CURRY PK,,,,,S CURRY PK,W DOYLE AVE,,,,N,,370.0,,39.15739034,-86.5826665,LOCAL/CITY RD,,,,RURAL,N,N,N,,DAYLIGHT,CLEAR,DRY,,NO JUNCTION INVOLVED,,ASPHALT,FAILURE TO YIELD RIGHT OF WAY,$10001 TO $25000,RIGHT ANGLE,WDOYLEAVESCURRYPK,0,,2022-05-06 03:47:00,,,
MONROE SD,M22A8395,MONROE,PERRY,BLOOMINGTON,2,,0,0,0,,S ROGERS ST,,,,,S ROGERS ST,W COUNTRY CLUB,,,,N,,0.0,,39.135644,-86.53829879,LOCAL/CITY RD,,,,URBAN,N,N,N,,DAYLIGHT,CLEAR,DRY,,FOUR-WAY INTERSECTION,,ASPHALT,DRIVER DISTRACTED - EXPLAIN IN NARRATIVE,$5001 TO $10000,REAR END,WCOUNTRYCLUBSROGERSST,0,,2022-04-14 08:59:00,,,
MONROE SD,M22A5751,MONROE,RICHLAND,BLOOMINGTON,1,,0,0,1,,W 3RD ST,,,,,W 3RD ST,S STONECHASE CROSSING RD,,,,N,,581.0,,39.1647241,-86.59402406,ST RD,,,,RURAL,N,N,N,,DAYLIGHT,CLEAR,DRY,,NO JUNCTION INVOLVED,,ASPHALT,ANIMAL/OBJECT IN RDWAY,$2501 TO $5000,COLLISION WITH DEER,W 3RDSTSSTONECHASECROSSINGRD,0,,2022-03-12 15:14:00,,,
INDIANA UNIV BLOOMINGTON PD,222847,MONROE,BLOOMINGTON,BLOOMINGTON,2,,0,0,0,,E 10TH ST,,,,,E 10TH ST,N CAMPBELL ST,,,,Y,,0.0,,39.17160738,-86.5139646,LOCAL/CITY RD,,,,URBAN,N,N,N,,DARK (NOT LIGHTED),CLEAR,DRY,,T-INTERSECTION,,ASPHALT,OTHER (DRIVER) - EXPLAIN IN NARRATIVE,$2501 TO $5000,RIGHT TURN,NCAMPBELLSTE 10THST,0,,2022-08-26 06:47:00,,,
BLOOMINGTON PD,B22-30314,MONROE,BLOOMINGTON,BLOOMINGTON,1,,1,0,0,,S SMITH RD,,,,,S SMITH RD,E STONEGATE DR,,,,Y,,211.0,,39.16151513,-86.48069116,LOCAL/CITY RD,,,,URBAN,N,N,N,,DARK (LIGHTED),CLEAR,DRY,,NO JUNCTION INVOLVED,,ASPHALT,CELL PHONE USAGE,$10001 TO $25000,RAN OFF RD,SSMITHRDESTONEGATEDR,0,,2022-08-06 01:30:00,,,
BLOOMINGTON PD,B22-36731,MONROE,PERRY,BLOOMINGTON,2,,0,0,0,,528 S COLLEGE AVE,,,,,S COLLEGE AVE,,,,,Y,,0.0,,0.0,0.0,PRIVATE DR,,,,URBAN,N,N,N,,DAYLIGHT,CLEAR,DRY,,NO JUNCTION INVOLVED,,ASPHALT,UNDER STEERING/UNDER CORRECTING,$1001 TO $2500,SAME DIRECTION SIDESWIPE,528S.COLLEGEAVE,0,,2022-09-10 15:30:00,528.0,,
MONROE SD,M22A5844,MONROE,BLOOMINGTON,BLOOMINGTON,1,,0,0,0,,ST RD 46,,,,,ST RD 46,,,,,N,,0.0,,39.18729916,-86.56269164,ST RD,,,,RURAL,N,Y,N,,DAYLIGHT,CLEAR,DRY,,NO JUNCTION INVOLVED,,ASPHALT,VIEW OBSTRUCTED,$5001 TO $10000,RAN OFF RD,STATERD46,0,,2022-03-14 08:50:00,,,
INDIANA UNIV BLOOMINGTON PD,220609,MONROE,BLOOMINGTON,BLOOMINGTON,2,,0,0,0,,E 17TH ST,,,,,E 17TH ST,,,,,Y,,0.0,,39.1788908,-86.51480355,,,,,URBAN,N,N,N,,DAYLIGHT,CLEAR,DRY,,NO JUNCTION INVOLVED,,ASPHALT,UNSAFE BACKING,UNDER $1001,BACKING CRASH,E17THST,0,,2022-02-15 07:20:00,,,
BLOOMINGTON PD,B22-08866,MONROE,VAN BUREN,BLOOMINGTON,2,,0,0,0,,W APPLE TREE CT,,,,,W APPLE TREE CT,S APPLE TREE PL,,,,Y,,0.0,,39.15490363,-86.58797926,LOCAL/CITY RD,,,,URBAN,N,N,N,,DAYLIGHT,CLEAR,DRY,,NO JUNCTION INVOLVED,,ASPHALT,FAILURE TO YIELD RIGHT OF WAY,$2501 TO $5000,BACKING CRASH,WAPPLETREECTSAPPLETREEPL,0,,2022-03-16 17:20:00,,,
BLOOMINGTON PD,B22-23232,MONROE,PERRY,BLOOMINGTON,2,,2,0,0,,E HILLSIDE DR,,,,,E HILLSIDE DR,S WOODLAWN AVE,,,,Y,,0.0,,,,LOCAL/CITY RD,,,,URBAN,Y,N,N,,DAYLIGHT,CLEAR,DRY,,T-INTERSECTION,,ASPHALT,FAILURE TO YIELD RIGHT OF WAY,$10001 TO $25000,RIGHT ANGLE,S.WOODLAWNAVEEHILLSIDEDR,0,,2022-06-21 13:21:00,,,
BLOOMINGTON PD,B22-22780,MONROE,PERRY,BLOOMINGTON,2,,0,0,0,,E 2ND ST,,,,,E 2ND ST,S WOODLAWN AVE,,,,Y,,0.0,,39.16106996,-86.52270158,,,,,URBAN,N,N,N,,DAYLIGHT,CLEAR,DRY,,FOUR-WAY INTERSECTION,,ASPHALT,DISREGARD SIGNAL/REG SIGN,$5001 TO $10000,RIGHT ANGLE,SWOODLAWNAVEE 2NDST,0,,2022-06-17 18:10:00,,,
BLOOMINGTON PD,B22-22050,MONROE,PERRY,BLOOMINGTON,2,,0,0,0,,1616 S HENDERSON ST,,,,,S HENDERSON ST,,,,,Y,,0.0,,,,PRIVATE DR,,,,URBAN,N,N,N,,DAYLIGHT,CLOUDY,DRY,,NO JUNCTION INVOLVED,,ASPHALT,IMPROPER LN USAGE,$1001 TO $2500,HEAD ON BETWEEN TWO MOTOR VEHICLES,1616S.HENDERSONST,0,,2022-06-13 10:53:00,1616.0,,
BLOOMINGTON PD,B22-35186,MONROE,PERRY,BLOOMINGTON,1,,0,0,0,,S PATTERSON DR,,,,,S PATTERSON DR,W 2ST,,,,Y,,1200.0,,39.1583403,-86.54595066,LOCAL/CITY RD,,,,URBAN,N,N,N,,DAYLIGHT,RAIN,WET,,NO JUNCTION INVOLVED,,ASPHALT,OVERCORRECTING/OVERSTEERING,$5001 TO $10000,RAN OFF RD,W2STSTSPATTERSONDR,0,,2022-09-03 08:32:00,,,
ISP BLOOMINGTON 33,2.022E+11,MONROE,PERRY,BLOOMINGTON,1,,1,0,0,,S SARE RD,,,,,S SARE RD,E OLSON DR,,,,Y,,0.0,,39.13217337,-86.4999852,LOCAL/CITY RD,,,,URBAN,N,N,N,,DAYLIGHT,CLEAR,DRY,,FOUR-WAY INTERSECTION,,ASPHALT,OTHER (DRIVER) - EXPLAIN IN NARRATIVE,$2501 TO $5000,OTHER - EXPLAIN IN NARRATIVE,SSARERDEASTOLSONDR,0,,2022-05-20 12:06:00,,,
MONROE SD,M22A23988,MONROE,PERRY,BLOOMINGTON,2,,0,0,0,,S ROGERS ST,,,,,S ROGERS ST,W CHURCH LN,,,,N,,0.0,,39.10733992,-86.54020706,LOCAL/CITY RD,,,,RURAL,N,N,N,,DAYLIGHT,CLEAR,DRY,,T-INTERSECTION,,ASPHALT,FAILURE TO MAINTAIN LN,$1001 TO $2500,LEFT TURN,WCHURCHLNSROGERSST,0,,2022-09-29 15:37:00,,,
INDIANA UNIV BLOOMINGTON PD,221001,MONROE,BLOOMINGTON,BLOOMINGTON,2,,0,0,0,,E 10TH ST,,,,,E 10TH ST,ST RD 45,,,,Y,,0.0,,39.17169965,-86.5019654,ST RD,,,,URBAN,N,N,N,,DAYLIGHT,CLEAR,DRY,,FOUR-WAY INTERSECTION,,ASPHALT,FOLLOWING TOO CLOSELY,$1001 TO $2500,REAR END,STATERD45E 10THST,0,,2022-03-16 15:20:00,,,
MONROE SD,M22A19305,MONROE,SALT CREEK,BLOOMINGTON,1,,0,0,1,,S ST RD 446,,,,,S ST RD 446,S KNIGHT RIDGE RD,,,,N,,0.0,,,,,,,,RURAL,N,Y,N,,DAYLIGHT,CLEAR,DRY,,NO JUNCTION INVOLVED,,ASPHALT,ANIMAL/OBJECT IN RDWAY,$1001 TO $2500,COLLISION WITH DEER,SSTATERD446SKNIGHTRIDGERD,0,,2022-08-08 12:23:00,,,
MONROE SD,M22A19431,MONROE,RICHLAND,BLOOMINGTON,2,,0,0,0,,N UNION VALLEY RD,,,,,N UNION VALLEY RD,W LOST MANS LN,,,,Y,,0.0,,39.22335752,-86.59270614,LOCAL/CITY RD,,,,URBAN,N,N,N,,DAYLIGHT,RAIN,WET,,T-INTERSECTION,,ASPHALT,FAILURE TO YIELD RIGHT OF WAY,$5001 TO $10000,OPPOSITE DIRECTION SIDESWIPE,WLOSTMANSLNNUNIONVALLEYRD,0,,2022-08-09 15:07:00,,,
BLOOMINGTON PD,B22-16350,MONROE,PERRY,BLOOMINGTON,2,,0,0,0,,E HILLSIDE DR,,,,,E HILLSIDE DR,S HIGH ST,,,,Y,,0.0,,39.15047808,-86.50854462,LOCAL/CITY RD,,,,URBAN,N,N,N,,DAYLIGHT,CLOUDY,WET,,FOUR-WAY INTERSECTION,,ASPHALT,FOLLOWING TOO CLOSELY,$2501 TO $5000,REAR END,SHIGHSTEHILLSIDEDR,0,,2022-05-05 15:50:00,,,
BLOOMINGTON PD,B22-11069,MONROE,BLOOMINGTON,BLOOMINGTON,2,,0,0,0,,W MARBLE LN,,,,,W MARBLE LN,,,,,Y,,0.0,,39.17981582,-86.54076812,LOCAL/CITY RD,,,,URBAN,N,N,N,,UNKNOWN,CLEAR,DRY,,NO JUNCTION INVOLVED,,ASPHALT,OTHER (DRIVER) - EXPLAIN IN NARRATIVE,$2501 TO $5000,OTHER - EXPLAIN IN NARRATIVE,WMARBLELN,0,,2022-03-31 20:02:00,,,
ELLETTSVILLE PD,E22-03968,MONROE,RICHLAND,ELLETTSVILLE,1,,0,0,1,,W ST RD 46,,,,,W ST RD 46,N CAPITOL AVE,,,,Y,,0.0,,39.22441965,-86.61085397,ST RD,,,,RURAL,N,N,N,,DARK (NOT LIGHTED),CLEAR,DRY,,NO JUNCTION INVOLVED,,ASPHALT,ANIMAL/OBJECT IN RDWAY,$1001 TO $2500,COLLISION WITH DEER,WSTATERD46NCAPITOLAVE,0,,2022-10-02 04:43:00,,,
INDIANA UNIV BLOOMINGTON PD,223534,MONROE,BLOOMINGTON,BLOOMINGTON,2,,1,0,0,,N FEE LN,,,,,N FEE LN,E LAW LN,,,,Y,,0.0,,39.17398618,-86.51893473,LOCAL/CITY RD,,,,URBAN,N,N,N,,DARK (NOT LIGHTED),RAIN,WET,,T-INTERSECTION,,ASPHALT,FOLLOWING TOO CLOSELY,$10001 TO $25000,REAR END,NFEELNELAWLN,0,,2022-09-24 02:20:00,,,
BLOOMINGTON PD,B22-21041,MONROE,PERRY,BLOOMINGTON,2,,0,0,0,1175,S COLLEGE MALL RD.,,,,,S COLLEGE MALL RD.,,,,,Y,,0.0,,39.153711,-86.495248,,,,,URBAN,N,N,N,,DARK (LIGHTED),CLEAR,DRY,,NO JUNCTION INVOLVED,,ASPHALT,UNDER STEERING/UNDER CORRECTING,$1001 TO $2500,SAME DIRECTION SIDESWIPE,S.COLLEGEMALLRD.,0,,2022-06-05 21:00:00,,,
ELLETTSVILLE PD,E2200611,MONROE,RICHLAND,ELLETTSVILLE,2,0.0,0,0,0,,SALE,ST,,,,SALE,RITTER,,,,Y,,,,39.232048,-86.627296,LOCAL/CITY RD,,N,N,URBAN,N,N,N,,DAYLIGHT,RAIN,WATER (STANDING OR MOVING),,NO JUNCTION INVOLVED,CURVE/LEVEL,ASPHALT,FAILURE TO YIELD RIGHT OF WAY,$2501 TO $5000,LEFT/RIGHT TURN,RITTERSTSALEST,0,LN CONTROL,2022-02-17 11:14:00,,,
MONROE SD,M22A23464,MONROE,RICHLAND,BLOOMINGTON,1,,1,0,0,,W ST RD 46,,,,,W ST RD 46,ST RD 46,,,,N,,158.0,,39.20833791,-86.58039437,,,,,URBAN,N,N,N,,DAYLIGHT,CLEAR,DRY,,NO JUNCTION INVOLVED,,ASPHALT,OTHER (DRIVER) - EXPLAIN IN NARRATIVE,$2501 TO $5000,NON-COLLISION,WSTATERD46STATERD46,0,,2022-09-23 18:13:00,,,
MONROE SD,M22A4398,MONROE,BENTON,BLOOMINGTON,1,,0,0,0,,SHILO RD,,,,,SHILO RD,,,,,N,,0.0,,39.2728429,-86.45986981,COUNTY RD,,,,RURAL,N,N,N,,DARK (NOT LIGHTED),SNOW,LOOSE MATERIAL ON RD,,NO JUNCTION INVOLVED,,ASPHALT,UNSAFE SPEED,$1001 TO $2500,RAN OFF RD,SHILORD,0,,2022-02-23 07:27:00,,,
BLOOMINGTON PD,B22-03238,MONROE,,BLOOMINGTON,1,,0,0,0,,528 S COLLEGE AVE,,,,,S COLLEGE AVE,,,,,Y,,0.0,,0.0,0.0,LOCAL/CITY RD,,,,URBAN,N,N,N,,DAYLIGHT,CLEAR,SNOW/SLUSH,,NO JUNCTION INVOLVED,,ASPHALT,OTHER (DRIVER) - EXPLAIN IN NARRATIVE,$5001 TO $10000,OTHER - EXPLAIN IN NARRATIVE,528SCOLLEGEAVE,0,,2022-01-29 08:46:00,528.0,,
MONROE SD,M22A9001,MONROE,VAN BUREN,BLOOMINGTON,2,,0,0,0,300 N,DANIELS WAY,,,,,DANIELS WAY,,,,,N,,0.0,,39.1697236,-86.59643211,PRIVATE DR,,,,URBAN,N,N,N,,DAYLIGHT,CLEAR,DRY,,NO JUNCTION INVOLVED,,ASPHALT,OTHER (DRIVER) - EXPLAIN IN NARRATIVE,$1001 TO $2500,BACKING CRASH,DANIELSWAY,0,,2022-04-21 15:09:00,,,
BLOOMINGTON PD,B22-22348,MONROE,PERRY,BLOOMINGTON,2,,0,0,0,,S ROCKPORT RD,,,,,S ROCKPORT RD,W COUNTRY CLUB DR,,,,Y,,0.0,,39.1363503,-86.54882358,LOCAL/CITY RD,,,,URBAN,N,N,N,,DAYLIGHT,CLEAR,DRY,,FOUR-WAY INTERSECTION,,ASPHALT,FAILURE TO MAINTAIN LN,$5001 TO $10000,LEFT TURN,WCOUNTRYCLUBDRSROCKPORTRD,0,,2022-06-15 06:40:00,,,
BLOOMINGTON PD,B22-12881,MONROE,PERRY,BLOOMINGTON,2,,0,0,0,,1300 E 2ND ST,,,,,E 2ND ST,S EAGLESON AVE,,,,Y,,500.0,,39.1610093,-86.51752887,LOCAL/CITY RD,,,,URBAN,N,N,N,,DAYLIGHT,RAIN,WET,,NO JUNCTION INVOLVED,,ASPHALT,OVERCORRECTING/OVERSTEERING,$2501 TO $5000,SAME DIRECTION SIDESWIPE,SEAGLESONAVE1300BLKE 2NDST,0,,2022-04-13 11:25:00,1300.0,,
BLOOMINGTON PD,B22-03963,MONROE,BLOOMINGTON,BLOOMINGTON,2,,0,0,0,,310 W 12TH ST,,,,,W 12TH ST,N ASHLYNN PARK DR,,,,Y,,300.0,,39.1736378,-86.53683965,LOCAL/CITY RD,,,,URBAN,N,N,N,,DAYLIGHT,CLEAR,ICE,,NO JUNCTION INVOLVED,,ASPHALT,RDWAY SURFACE CONDITION,$1001 TO $2500,RIGHT ANGLE,NASHLYNNPARKDR310W.12THST,0,,2022-02-05 12:21:00,310.0,,
BLOOMINGTON PD,B22-13076,MONROE,BLOOMINGTON,BLOOMINGTON,2,,0,0,0,,N JACKSON ST,,,,,N JACKSON ST,W 7TH ST,,,,Y,,25.0,,39.16856426,-86.53985891,LOCAL/CITY RD,,,,URBAN,N,N,N,,DAYLIGHT,CLEAR,DRY,,NO JUNCTION INVOLVED,,ASPHALT,FAILURE TO MAINTAIN LN,$2501 TO $5000,OPPOSITE DIRECTION SIDESWIPE,W7THSTNJACKSONST,0,,2022-04-14 16:45:00,,,
BLOOMINGTON PD,B22-14781,MONROE,PERRY,BLOOMINGTON,2,,0,0,0,,S WALNUT ST,,,,,S WALNUT ST,E 3RD ST,,,,Y,,0.0,,39.1646,-86.533637,LOCAL/CITY RD,,,,URBAN,N,N,N,,DAYLIGHT,RAIN,WET,,FOUR-WAY INTERSECTION,,ASPHALT,UNSAFE LN MOVEMENT,$1001 TO $2500,LEFT TURN,S.WALNUTSTE 3RDST,0,,2022-04-25 08:09:00,,,
INDIANA UNIV BLOOMINGTON PD,223323,MONROE,BLOOMINGTON,BLOOMINGTON,2,,0,0,0,,N UNION ST,,,,,N UNION ST,,,,,Y,,0.0,,39.17300213,-86.50899581,PRIVATE DR,,,,URBAN,N,N,N,,DAYLIGHT,CLEAR,DRY,,NO JUNCTION INVOLVED,,ASPHALT,OTHER (DRIVER) - EXPLAIN IN NARRATIVE,$1001 TO $2500,OTHER - EXPLAIN IN NARRATIVE,NUNIONST,0,,2022-09-15 11:30:00,,,
BLOOMINGTON PD,B22-41920,MONROE,PERRY,BLOOMINGTON,2,,0,0,0,,1501 S MADISON ST,,,,,S MADISON ST,,,,,Y,,0.0,,0.0,0.0,PRIVATE DR,,,,URBAN,N,N,N,,DAYLIGHT,CLEAR,DRY,,NO JUNCTION INVOLVED,,GRAVEL,UNSAFE BACKING,$1001 TO $2500,BACKING CRASH,1501S.MADISONST,0,,2022-10-11 08:40:00,1501.0,,
MONROE SD,M22A17344,MONROE,BLOOMINGTON,BLOOMINGTON,2,,0,0,0,1200,S ROLLING RIDGE WAY,,,,,S ROLLING RIDGE WAY,,,,,N,,0.0,,,,PRIVATE DR,,,,URBAN,N,N,N,,DAYLIGHT,CLEAR,DRY,,NO JUNCTION INVOLVED,,ASPHALT,UNSAFE BACKING,$5001 TO $10000,BACKING CRASH,SROLLINGRIDGEWAY,0,,2022-07-19 09:40:00,,,
BLOOMINGTON PD,B22-25471,MONROE,BLOOMINGTON,BLOOMINGTON,1,,0,0,0,,W 14TH ST,,,,,W 14TH ST,N WALNUT ST,,,,Y,,0.0,,39.17594488,-86.53358049,LOCAL/CITY RD,,,,URBAN,N,N,Y,LN CLOSURE,DAYLIGHT,CLEAR,DRY,,NO JUNCTION INVOLVED,,ASPHALT,FAILURE TO MAINTAIN LN,$2501 TO $5000,COLLISION WITH OBJECT IN RD,W14THSTNWALNUTST,0,,2022-07-05 13:45:00,,,
INDIANA UNIV BLOOMINGTON PD,222538,MONROE,BLOOMINGTON,BLOOMINGTON,2,,0,0,0,,E 10TH ST,,,,,E 10TH ST,E 10TH ST,,,,Y,,0.0,,39.17177997,-86.50241166,,,,,URBAN,N,N,N,,DARK (NOT LIGHTED),CLOUDY,DRY,,FOUR-WAY INTERSECTION,,ASPHALT,FOLLOWING TOO CLOSELY,$1001 TO $2500,REAR END,E 10THSTE 10THST,0,,2022-08-03 21:27:00,,,
BLOOMINGTON PD,B22-13559,MONROE,BLOOMINGTON,BLOOMINGTON,2,,0,0,0,,W 6TH ST,,,,,W 6TH ST,N MORTON ST,,,,Y,,0.0,,39.16761759,-86.53549738,LOCAL/CITY RD,,,,URBAN,N,N,Y,WORK ON SHOULDER,DAYLIGHT,CLOUDY,WET,,NO JUNCTION INVOLVED,,ASPHALT,OTHER (DRIVER) - EXPLAIN IN NARRATIVE,$10001 TO $25000,RIGHT ANGLE,W6THSTNMORTONST,0,,2022-04-18 16:17:00,,,