Agency,Local Code,County,Township,City,Vehicles Involved,Trailers Involved,Number Injured,Number Dead,Number Deer,House Number,Roadway Name,Roadway Suffix,Roadway Number,Roadway Interchange,Roadway Ramp,Roadway Id,Intersecting Road,Intersecting Road Number,Mile Marker,Interchange,Corporate Limits?,Property Type,Feet From,Direction,Latitude,Longitude,Roadway Class,Traffic Control Devices?,Aggressive Driving?,Hit and Run?,Locality,School Zone?,Rumble Strips?,Construction?,Construction Type,Light Condition,Weather Conditions,Surface Condition,Type of Median,Roadway Junction Type,Road Character,Roadway Surface,Primary Factor,Damage Estimate,Manner of Collision,Unique Location Id,State Property Damage?,Traffic Control,DateTime,Address Number,Cyclist Involved,Pedestrian Involved
MONROE SD,M22A26290,MONROE,PERRY,BLOOMINGTON,2,,0,0,0,,S TULIP AVE,,,,,S TULIP AVE,W GLEN ARBOR WAY,,,,N,,0.0,,39.12855213,-86.54170089,,,,,URBAN,N,N,N,,DAYLIGHT,CLOUDY,WET,,NO JUNCTION INVOLVED,,ASPHALT,UNSAFE BACKING,$2501 TO $5000,REAR END,WGLENARBORWAYSTULIPAVE,0,,2022-10-26 10:32:00,,,
BLOOMINGTON PD,B22-44448,MONROE,PERRY,BLOOMINGTON,2,,0,0,0,,W TAPP RD,,,,,W TAPP RD,PINEHURST DR,,,,Y,,634.0,,39.13640624,-86.55137281,LOCAL/CITY RD,,,,URBAN,N,N,N,,DAYLIGHT,RAIN,WET,,NO JUNCTION INVOLVED,,ASPHALT,FOLLOWING TOO CLOSELY,$2501 TO $5000,REAR END,WTAPPRDPINEHURSTDR,0,,2022-10-25 16:28:00,,,
INDIANA UNIV BLOOMINGTON PD,224565,MONROE,BLOOMINGTON,BLOOMINGTON,2,,0,0,0,,E 3RD ST,,,,,E 3RD ST,S UNION ST,,,,N,,0.0,,39.16421911,-86.50933283,LOCAL/CITY RD,,,,URBAN,N,N,N,,DAYLIGHT,CLOUDY,DRY,,T-INTERSECTION,,ASPHALT,FOLLOWING TOO CLOSELY,$1001 TO $2500,REAR END,SUNIONSTE 3RDST,0,,2022-11-18 15:40:00,,,
MONROE SD,M22A30919,MONROE,VAN BUREN,BLOOMINGTON,1,,0,0,0,,W KOONTZ RD,,,,,W KOONTZ RD,,,,,N,,0.0,,39.07884266,-86.6004264,COUNTY RD,,,,RURAL,N,N,N,,DARK (NOT LIGHTED),CLEAR,DRY,,NO JUNCTION INVOLVED,,ASPHALT,OTHER (DRIVER) - EXPLAIN IN NARRATIVE,$10001 TO $25000,RAN OFF RD,WKOONTZRD,0,,2022-12-20 05:43:00,,,
BLOOMINGTON PD,B2249521,MONROE,BLOOMINGTON,BLOOMINGTON,2,,0,0,0,,N JEFFERSON ST,,,,,N JEFFERSON ST,E 7TH ST,,,,Y,,370.0,,39.16759818,-86.50714822,LOCAL/CITY RD,,,,URBAN,N,N,N,,DAYLIGHT,CLEAR,DRY,,NO JUNCTION INVOLVED,,ASPHALT,OTHER (DRIVER) - EXPLAIN IN NARRATIVE,$2501 TO $5000,SAME DIRECTION SIDESWIPE,NJEFFERSONSTE7THST,0,,2022-11-29 10:00:00,,,
BLOOMINGTON PD,B22-46992,MONROE,BLOOMINGTON,BLOOMINGTON,2,,1,0,0,,W KIRKWOOD AVE,,,,,W KIRKWOOD AVE,WALNUT ST,,,,Y,,0.0,,39.1667003,-86.55157971,LOCAL/CITY RD,,,,URBAN,N,N,N,,DAYLIGHT,CLEAR,DRY,,FOUR-WAY INTERSECTION,,ASPHALT,UNSAFE BACKING,$1001 TO $2500,BACKING CRASH,WALNUTSTW.KIRKWOODAVE,0,,2022-11-10 10:25:00,,,
BLOOMINGTON PD,B22-51750,MONROE,BLOOMINGTON,BLOOMINGTON,2,,0,0,0,,E 3RD ST,,,,,E 3RD ST,S BRYAN AVE,,,,Y,,0.0,,39.16424637,-86.50812927,LOCAL/CITY RD,,,,URBAN,N,N,N,,DAWN/DUSK,CLEAR,DRY,,FOUR-WAY INTERSECTION,,ASPHALT,FOLLOWING TOO CLOSELY,$1001 TO $2500,REAR END,SBRYANAVEE 3RDST,0,,2022-12-13 21:07:00,,,
MONROE SD,M22A31188,MONROE,PERRY,BLOOMINGTON,2,,1,0,0,,S ST RD 37,,,,,S ST RD 37,S VICTOR PK,,,,Y,,0.0,,39.10567763,-86.55127101,ST RD,,,,URBAN,N,Y,N,,DAYLIGHT,CLOUDY,WET,,FOUR-WAY INTERSECTION,,ASPHALT,DRIVER DISTRACTED - EXPLAIN IN NARRATIVE,$25001 TO $50000,RIGHT ANGLE,S.STATERD37SVICTORPK,0,,2022-12-24 15:12:00,,,
ISP BLOOMINGTON 33,2.02201E+11,MONROE,WASHINGTON,BLOOMINGTON,2,,0,0,0,,I-69,,,,,I-69,,,,,N,,106.0,,39.22296484,-86.5489449,INTERSTATE,,,,RURAL,N,N,N,,DAYLIGHT,CLEAR,DRY,,NO JUNCTION INVOLVED,,ASPHALT,FAILURE TO YIELD RIGHT OF WAY,UNDER $1001,SAME DIRECTION SIDESWIPE,I-69,0,,2022-12-01 08:55:00,,,
BLOOMINGTON PD,B22-53909,MONROE,BLOOMINGTON,BLOOMINGTON,2,,0,0,0,,W 3RD ST,,,,,W 3RD ST,I-69 S ON RAMP,,,,Y,,0.0,,39.1645121,-86.57383152,LOCAL/CITY RD,,,,URBAN,N,N,N,,DAYLIGHT,RAIN,WET,,FOUR-WAY INTERSECTION,,ASPHALT,FAILURE TO YIELD RIGHT OF WAY,$50001 TO $100000,RIGHT ANGLE,W 3RDSTI-69SOUTHBOUNDONRAMP,0,,2022-12-30 13:09:00,,,
MONROE SD,M22A31225,MONROE,WASHINGTON,BLOOMINGTON,1,,0,0,0,,N WAYPORT RD,,,,,N WAYPORT RD,W SAMPLE RD,,,,N,,0.0,,39.26960227,-86.52266675,COUNTY RD,,,,RURAL,N,N,N,,DAYLIGHT,CLEAR,ICE,,NO JUNCTION INVOLVED,,ASPHALT,RDWAY SURFACE CONDITION,$5001 TO $10000,RAN OFF RD,W.SAMPLERDN.WAYPORTRD,0,,2022-12-25 10:49:00,,,
MONROE SD,M22A27441,MONROE,RICHLAND,BLOOMINGTON,1,,0,0,1,,N THOMAS RD,,,,,N THOMAS RD,,,,,N,,0.0,,39.19802747,-86.63020081,COUNTY RD,,,,RURAL,N,N,N,,DARK (NOT LIGHTED),CLEAR,DRY,,NO JUNCTION INVOLVED,,ASPHALT,ANIMAL/OBJECT IN RDWAY,$10001 TO $25000,COLLISION WITH DEER,NTHOMASRD,0,,2022-11-08 04:38:00,,,
MONROE SD,M22A28023,MONROE,PERRY,BLOOMINGTON,1,,0,0,1,,I-69,,,,,I-69,,,,,N,,739.0,,39.12613694,-86.57258696,INTERSTATE,,,,RURAL,N,N,N,,DARK (LIGHTED),CLEAR,DRY,,NO JUNCTION INVOLVED,,ASPHALT,ANIMAL/OBJECT IN RDWAY,$2501 TO $5000,COLLISION WITH DEER,I-69,0,,2022-11-15 01:20:00,,,
ISP BLOOMINGTON 33,2.02201E+11,MONROE,INDIAN CREEK,BLOOMINGTON,1,,0,0,0,,I-69 S,,,,,I-69 S,,,,,N,,211.0,,39.07376424,-86.599173,INTERSTATE,,,,RURAL,N,Y,N,,DAYLIGHT,SNOW,SNOW/SLUSH,,NO JUNCTION INVOLVED,,ASPHALT,RDWAY SURFACE CONDITION,$2501 TO $5000,RAN OFF RD,SINTERSTATE69,0,,2022-11-12 07:35:00,,,
MONROE SD,M22A25876,MONROE,VAN BUREN,BLOOMINGTON,1,,0,0,0,,N MOUNT GILEAD RD,,,,,N MOUNT GILEAD RD,,,,,N,,0.0,,39.20243662,-86.43365644,COUNTY RD,,,,RURAL,N,N,N,,DAYLIGHT,CLEAR,DRY,,NO JUNCTION INVOLVED,,ASPHALT,OTHER (DRIVER) - EXPLAIN IN NARRATIVE,$25001 TO $50000,RAN OFF RD,NMOUNTGILEADRD,0,,2022-10-21 05:10:00,,,
BLOOMINGTON PD,B22-44312,MONROE,PERRY,BLOOMINGTON,2,,0,0,0,,S ST RD 37,,,,,S ST RD 37,E WINSLOW RD,,,,Y,,0.0,,39.13601354,-86.53105188,LOCAL/CITY RD,,,,URBAN,N,N,N,,DARK (LIGHTED),CLEAR,DRY,,FOUR-WAY INTERSECTION,,ASPHALT,FOLLOWING TOO CLOSELY,UNDER $1001,REAR END,SOLDSTATERD37EWINSLOWRD,0,,2022-10-25 23:30:00,,,
BLOOMINGTON PD,B22-43896,MONROE,BLOOMINGTON,BLOOMINGTON,2,,0,0,0,,W 16TH ST,,,,,W 16TH ST,N WOODBURN AVE,,,,Y,,0.0,,39.17773659,-86.53598983,OTHER,,,,URBAN,N,N,N,,UNKNOWN,CLEAR,DRY,,NO JUNCTION INVOLVED,,ASPHALT,DRIVER DISTRACTED - EXPLAIN IN NARRATIVE,UNDER $1001,BACKING CRASH,W16THSTNWOODBURNAVE,0,,2022-10-22 13:30:00,,,
MONROE SD,M22A27862,MONROE,PERRY,BLOOMINGTON,1,,0,0,0,,I-69,,,,,I-69,,,,,N,,1373.0,,39.10927772,-86.56167446,ST RD,,,,RURAL,N,N,N,,DARK (NOT LIGHTED),SLEET/HAIL/FREEZING RAIN,ICE,,NO JUNCTION INVOLVED,,ASPHALT,RDWAY SURFACE CONDITION,$5001 TO $10000,RAN OFF RD,I-69,0,,2022-11-12 22:39:00,,,
BLOOMINGTON PD,B22-45382,MONROE,VAN BUREN,BLOOMINGTON,2,,0,0,0,,S LEONARD SPRINGS RD,,,,,S LEONARD SPRINGS RD,ST RD 45,,,,Y,,0.0,,39.14173484,-86.58261453,LOCAL/CITY RD,,,,URBAN,N,N,N,,DAYLIGHT,RAIN,WET,,FOUR-WAY INTERSECTION,,ASPHALT,FAILURE TO YIELD RIGHT OF WAY,$5001 TO $10000,RIGHT ANGLE,STATERD45SLEONARDSPRINGSRD,0,,2022-10-30 16:32:00,,,
BLOOMINGTON PD,B22-51118,MONROE,BLOOMINGTON,BLOOMINGTON,2,,0,0,0,,W 2ND ST,,,,,W 2ND ST,S ROGERS ST,,,,Y,,0.0,,39.16143249,-86.53902644,PRIVATE DR,,,,URBAN,N,N,N,,DARK (LIGHTED),RAIN,WET,,NO JUNCTION INVOLVED,,ASPHALT,OTHER (DRIVER) - EXPLAIN IN NARRATIVE,UNDER $1001,BACKING CRASH,W 2NDSTSROGERSST,0,,2022-12-09 00:00:00,,,
BLOOMINGTON PD,B22-44882,MONROE,BLOOMINGTON,BLOOMINGTON,2,,0,0,0,,N WALNUT ST,,,,,N WALNUT ST,E 17TH ST,,,,Y,,0.0,,39.17897193,-86.53349152,LOCAL/CITY RD,,,,URBAN,N,N,N,,DARK (LIGHTED),CLEAR,DRY,,FOUR-WAY INTERSECTION,,ASPHALT,DISREGARD SIGNAL/REG SIGN,$50001 TO $100000,RIGHT ANGLE,NWALNUTSTE17THST,0,,2022-10-27 20:42:00,,,
INDIANA UNIV BLOOMINGTON PD,224355,MONROE,BLOOMINGTON,BLOOMINGTON,3,,0,0,0,,ST RD 45,,,,,ST RD 45,E 10TH ST,,,,Y,,0.0,,39.1720933,-86.502621,ST RD,,,,URBAN,N,N,N,,DAYLIGHT,CLEAR,DRY,,FOUR-WAY INTERSECTION,,ASPHALT,DRIVER DISTRACTED - EXPLAIN IN NARRATIVE,$2501 TO $5000,REAR END,STATERD45E 10THST,0,,2022-11-07 12:45:00,,,
MONROE SD,M22A26219,MONROE,VAN BUREN,BLOOMINGTON,1,,1,0,0,,ISON RD,,,,,ISON RD,S HARMONY RD,,,,Y,,0.0,,39.10810029,-86.63735919,LOCAL/CITY RD,,,,RURAL,N,N,N,,DAYLIGHT,CLOUDY,WET,,NO JUNCTION INVOLVED,,ASPHALT,UNSAFE SPEED,$10001 TO $25000,RAN OFF RD,SHARMONYRDISONRD,0,,2022-10-25 15:30:00,,,
ISP VERSAILLES 42,2.02201E+11,MONROE,BLOOMINGTON,BLOOMINGTON,3,,1,0,0,,ST RD 45,,,,,ST RD 45,E MATLOCK RD,,,,Y,,0.0,,39.18599112,-86.51958018,LOCAL/CITY RD,,,,URBAN,N,N,N,,DARK (NOT LIGHTED),CLEAR,DRY,,FOUR-WAY INTERSECTION,,ASPHALT,FOLLOWING TOO CLOSELY,UNDER $1001,REAR END,STATERD45EMATLOCKRD,0,,2022-12-20 21:10:00,,,
BLOOMINGTON PD,B22-52095,MONROE,PERRY,BLOOMINGTON,2,,0,0,0,,S FAIRVIEW ST,,,,,S FAIRVIEW ST,S PATTERSON DR,,,,Y,,0.0,,39.1538654,-86.54114257,PRIVATE DR,,,,URBAN,N,N,N,,DAYLIGHT,CLOUDY,DRY,,FOUR-WAY INTERSECTION,,ASPHALT,IMPROPER TURNING,$2501 TO $5000,OPPOSITE DIRECTION SIDESWIPE,SPATTERSONDRSFAIRVIEWST,0,,2022-12-15 15:56:00,,,
INDIANA UNIV BLOOMINGTON PD,225006,MONROE,BLOOMINGTON,BLOOMINGTON,2,,0,0,0,,E 10TH ST,,,,,E 10TH ST,ST RD 46,,,,N,,0.0,,39.17156591,-86.50207893,ST RD,,,,URBAN,N,N,N,,DAYLIGHT,CLOUDY,WET,,FOUR-WAY INTERSECTION,,ASPHALT,UNSAFE LN MOVEMENT,$2501 TO $5000,SAME DIRECTION SIDESWIPE,STATERD46E 10THST,0,,2022-12-26 14:23:00,,,
MONROE SD,M22A30969,MONROE,BLOOMINGTON,BLOOMINGTON,1,,0,0,1,,N ST RD 37,,,,,N ST RD 37,E OLD MYERS RD,,,,N,,0.0,,39.23188992,-86.50632791,ST RD,,,,RURAL,N,N,N,,DARK (NOT LIGHTED),CLEAR,DRY,,NO JUNCTION INVOLVED,,ASPHALT,ANIMAL/OBJECT IN RDWAY,$2501 TO $5000,COLLISION WITH DEER,NOLDSTATERD37EOLDMYERSRD,0,,2022-12-20 18:08:00,,,
BLOOMINGTON PD,B22-43529,MONROE,PERRY,BLOOMINGTON,3,,0,0,0,,S COLLEGE MALL RD,,,,,S COLLEGE MALL RD,E BUICK CADILLAC BLVD,,,,Y,,300.0,,39.1581732,-86.4977961,LOCAL/CITY RD,,,,URBAN,N,N,N,,DAYLIGHT,CLEAR,DRY,,NO JUNCTION INVOLVED,,ASPHALT,FOLLOWING TOO CLOSELY,$5001 TO $10000,REAR END,S.COLLEGEMALLRDEBUICKCADILLACBLVD,0,,2022-10-20 13:21:00,,,
MONROE SD,M22A29070,MONROE,CLEAR CREEK,,1,,0,0,1,,S ST RD 37,,,,,S ST RD 37,,,,,N,,0.0,,39.0603229,-86.54089622,ST RD,,,,RURAL,N,N,N,,DARK (NOT LIGHTED),RAIN,WET,,NO JUNCTION INVOLVED,,ASPHALT,ANIMAL/OBJECT IN RDWAY,$1001 TO $2500,COLLISION WITH DEER,SOLDSTATERD37,0,,2022-11-27 19:40:00,,,
BLOOMINGTON PD,B22-44885,MONROE,BLOOMINGTON,BLOOMINGTON,2,,0,0,0,529,N COLLEGE AVE,,,,,N COLLEGE AVE,,,,,Y,,0.0,,39.17284289,-86.53544009,LOCAL/CITY RD,,,,URBAN,N,N,N,,DARK (NOT LIGHTED),CLEAR,DRY,,NO JUNCTION INVOLVED,,CONCRETE,VIEW OBSTRUCTED,$5001 TO $10000,RIGHT ANGLE,NCOLLEGEAVE,0,,2022-10-27 20:48:00,,,
BLOOMINGTON PD,B2241574,MONROE,BLOOMINGTON,BLOOMINGTON,2,0.0,0,0,0,,WALNUT,ST,,,,WALNUT,12TH,,,,Y,,100.0,S,39.17407736,-86.53347598,LOCAL/CITY RD,,N,N,URBAN,N,N,N,,DARK (LIGHTED),CLEAR,DRY,,NO JUNCTION INVOLVED,STRAIGHT/GRADE,ASPHALT,OVERCORRECTING/OVERSTEERING,$10001 TO $25000,SAME DIRECTION SIDESWIPE,12THSTWALNUTST,0,LN CONTROL,2022-10-08 22:16:00,,,
ISP BLOOMINGTON 33,2.022E+11,MONROE,WASHINGTON,BLOOMINGTON,1,,0,0,1,,I-69,,,,,I-69,,,130.0,,N,,0.0,,39.33216213,-86.51403976,INTERSTATE,,,,RURAL,N,N,N,,DAYLIGHT,CLEAR,DRY,,NO JUNCTION INVOLVED,,ASPHALT,ANIMAL/OBJECT IN RDWAY,$5001 TO $10000,COLLISION WITH DEER,I-69130,0,,2022-10-29 10:35:00,,,
INDIANA UNIV BLOOMINGTON PD,224396,MONROE,BLOOMINGTON,BLOOMINGTON,2,,0,0,0,,E 10TH ST,,,,,E 10TH ST,ST RD 45,,,,Y,,0.0,,39.17154084,-86.50237746,ST RD,,,,URBAN,N,N,N,,DAYLIGHT,CLEAR,DRY,,NO JUNCTION INVOLVED,,ASPHALT,FAILURE TO YIELD RIGHT OF WAY,$2501 TO $5000,REAR END,STATERD45E 10THST,0,,2022-11-08 16:15:00,,,
BLOOMINGTON PD,B22-50866,MONROE,PERRY,BLOOMINGTON,2,,0,0,0,,S WALNUT ST,,,,,S WALNUT ST,E 2ND ST,,,,Y,,0.0,,39.16133287,-86.53362004,LOCAL/CITY RD,,,,URBAN,N,N,N,,DARK (LIGHTED),CLOUDY,DRY,,FOUR-WAY INTERSECTION,,ASPHALT,WRONG WAY ON ONE WAY,$5001 TO $10000,LEFT TURN,SWALNUTSTE 2NDST,0,,2022-12-07 22:26:00,,,
BLOOMINGTON PD,B22-47592,MONROE,PERRY,BLOOMINGTON,2,,0,0,0,,528 S COLLEGE AVE,,,,,S COLLEGE AVE,,,,,Y,,0.0,,39.16080197,-86.5353883,PRIVATE DR,,,,URBAN,N,N,N,,DARK (LIGHTED),CLEAR,DRY,,NO JUNCTION INVOLVED,,ASPHALT,FAILURE TO YIELD RIGHT OF WAY,$2501 TO $5000,RIGHT ANGLE,528SCOLLEGEAVE,0,,2022-11-14 18:45:00,528.0,,
INDIANA UNIV BLOOMINGTON PD,224551,MONROE,BLOOMINGTON,BLOOMINGTON,2,,0,0,0,,N CAMPBELL ST,,,,,N CAMPBELL ST,E 7TH ST,,,,Y,,422.0,,39.1694822,-86.51393241,LOCAL/CITY RD,,,,RURAL,N,N,N,,DARK (LIGHTED),CLEAR,DRY,,NO JUNCTION INVOLVED,,ASPHALT,IMPROPER PASSING,$5001 TO $10000,SAME DIRECTION SIDESWIPE,NCAMPBELLSTE7THST,0,,2022-11-17 22:20:00,,,
INDIANA UNIV BLOOMINGTON PD,224236,MONROE,BLOOMINGTON,BLOOMINGTON,2,,0,0,0,,N INDIANA AVE,,,,,N INDIANA AVE,E KIRKWOOD AVE,,,,Y,,0.0,,39.16699823,-86.52695856,LOCAL/CITY RD,,,,URBAN,N,N,N,,DAYLIGHT,CLEAR,DRY,,NO JUNCTION INVOLVED,,ASPHALT,UNSAFE LN MOVEMENT,$2501 TO $5000,SAME DIRECTION SIDESWIPE,NINDIANAAVEEKIRKWOODAVE,0,,2022-11-01 14:13:00,,,
BLOOMINGTON PD,B22-46391,MONROE,VAN BUREN,BLOOMINGTON,2,,0,0,0,,W 3RD ST,,,,,W 3RD ST,I-69,,,,Y,,0.0,,39.16459467,-86.5740293,INTERSTATE,,,,URBAN,N,N,N,,DAYLIGHT,CLOUDY,DRY,,INTERCHANGE,,ASPHALT,DISREGARD SIGNAL/REG SIGN,$2501 TO $5000,RIGHT ANGLE,W 3RDSTI-69,0,,2022-11-05 17:20:00,,,
MONROE SD,M22A27162,MONROE,WASHINGTON,BLOOMINGTON,1,,0,0,0,,I-69,,,,,I-69,,,,,N,,158.0,,39.25059593,-86.52980214,INTERSTATE,,,,RURAL,N,N,N,,DARK (NOT LIGHTED),RAIN,WET,,NO JUNCTION INVOLVED,,ASPHALT,DRIVER ASLEEP OR FATIGUED,$5001 TO $10000,SAME DIRECTION SIDESWIPE,I-69,0,,2022-11-05 06:09:00,,,
ISP BLOOMINGTON 33,2.022E+11,MONROE,RICHLAND,BLOOMINGTON,1,,0,0,1,,ST RD 46,,,,,ST RD 46,W ARLINGTON RD,,,,N,,0.0,,39.20726115,-86.57966668,ST RD,,,,RURAL,N,N,N,,DARK (NOT LIGHTED),CLEAR,DRY,,NO JUNCTION INVOLVED,,ASPHALT,ANIMAL/OBJECT IN RDWAY,$2501 TO $5000,COLLISION WITH DEER,WARLINGTONRDSTATERD46,0,,2022-11-09 09:19:00,,,
ISP BLOOMINGTON 33,2.02201E+11,MONROE,BLOOMINGTON,BLOOMINGTON,2,,0,0,0,,I-69,,,,,I-69,,,119.0,,Y,,0.0,,39.1746449,-86.56484074,INTERSTATE,,,,URBAN,N,N,N,,DARK (NOT LIGHTED),RAIN,WET,,NO JUNCTION INVOLVED,,ASPHALT,SPEED TOO FAST FOR WEATHER CONDITIONS,$5001 TO $10000,REAR END,I-69119,0,,2022-11-27 06:30:00,,,
INDIANA UNIV BLOOMINGTON PD,224127,MONROE,BLOOMINGTON,BLOOMINGTON,2,,0,0,0,,E 3RD ST,,,,,E 3RD ST,S WOODLAWN AVE,,,,Y,,0.0,,39.16426255,-86.52198441,LOCAL/CITY RD,,,,URBAN,N,N,N,,DAYLIGHT,RAIN,WET,,T-INTERSECTION,,ASPHALT,UNSAFE LN MOVEMENT,$10001 TO $25000,SAME DIRECTION SIDESWIPE,SWOODLAWNAVEE 3RDST,0,,2022-10-26 09:25:00,,,
MONROE SD,M22A29646,MONROE,BLOOMINGTON,BLOOMINGTON,2,,0,0,0,,W TAPP RD,,,117,,W TAPP RD,,,,,N,,0.0,,39.13688433,-86.57413486,LOCAL/CITY RD,,,,RURAL,N,N,N,,DAYLIGHT,CLEAR,DRY,,TRAFFIC CIRCLE/ROUNDABOUT,,ASPHALT,FAILURE TO YIELD RIGHT OF WAY,$2501 TO $5000,SAME DIRECTION SIDESWIPE,WTAPPRD117,0,,2022-12-03 16:37:00,,,
INDIANA UNIV BLOOMINGTON PD,224814,MONROE,BLOOMINGTON,BLOOMINGTON,2,,0,0,0,,ST RD 45,,,,,ST RD 45,E 10TH ST,,,,Y,,0.0,,39.17253895,-86.50286026,ST RD,,,,RURAL,N,N,N,,DAYLIGHT,CLOUDY,WET,,FOUR-WAY INTERSECTION,,ASPHALT,FOLLOWING TOO CLOSELY,$2501 TO $5000,REAR END,STATERD45E 10THST,0,,2022-12-08 10:37:00,,,
BLOOMINGTON PD,B22-53528,MONROE,BLOOMINGTON,BLOOMINGTON,2,,0,0,0,,W 3RD ST,,,,,W 3RD ST,I-69 SB OFF RAMP,,,,Y,,0.0,,39.16465698,-86.57429463,LOCAL/CITY RD,,,,URBAN,N,N,N,,DAYLIGHT,CLOUDY,SNOW/SLUSH,,FOUR-WAY INTERSECTION,,ASPHALT,FAILURE TO YIELD RIGHT OF WAY,$2501 TO $5000,SAME DIRECTION SIDESWIPE,W 3RDSTI-69SBOFFRAMP,0,,2022-12-27 14:01:00,,,
BLOOMINGTON PD,B22-45772,MONROE,BLOOMINGTON,BLOOMINGTON,2,,0,0,0,,2300 N WALNUT,,,,,N WALNUT,,,,,Y,,0.0,,39.18704034,-86.53367816,PRIVATE DR,,,,URBAN,N,N,N,,DARK (LIGHTED),CLEAR,DRY,,NO JUNCTION INVOLVED,,ASPHALT,IMPROPER TURNING,$2501 TO $5000,OPPOSITE DIRECTION SIDESWIPE,2300NWALNUT,0,,2022-11-02 01:40:00,2300.0,,
INDIANA UNIV BLOOMINGTON PD,224461,MONROE,BLOOMINGTON,BLOOMINGTON,2,,0,0,0,,E 10TH ST,,,,,E 10TH ST,N CAMPBELL ST,,,,Y,,0.0,,39.17156579,-86.51360518,LOCAL/CITY RD,,,,URBAN,N,Y,N,,DAYLIGHT,SNOW,WET,,T-INTERSECTION,,ASPHALT,FOLLOWING TOO CLOSELY,$1001 TO $2500,REAR END,NCAMPBELLSTE 10THST,0,,2022-11-12 12:30:00,,,
BLOOMINGTON PD,B22-48343,MONROE,BLOOMINGTON,BLOOMINGTON,2,,0,0,0,,E VARSITY LN,,,,,E VARSITY LN,N DUNN ST,,,,Y,,0.0,,39.18308067,-86.52924265,PRIVATE DR,,,,URBAN,N,N,N,,DAYLIGHT,CLEAR,ICE,,T-INTERSECTION,,ASPHALT,OTHER (DRIVER) - EXPLAIN IN NARRATIVE,$2501 TO $5000,RIGHT ANGLE,NDUNNSTEVARSITYLN,0,,2022-11-20 15:02:00,,,
MONROE SD,M22A28892,MONROE,RICHLAND,ELLETTSVILLE,2,,0,0,0,,ST RD 46,,,,,ST RD 46,W RAINTREE LN,,,,Y,,0.0,,39.21134757,-86.58512049,ST RD,,,,URBAN,N,N,N,,DAYLIGHT,CLEAR,DRY,,NO JUNCTION INVOLVED,,ASPHALT,FAILURE TO MAINTAIN LN,$1001 TO $2500,SAME DIRECTION SIDESWIPE,WRAINTREELNSTATERD46,0,,2022-11-25 16:23:00,,,
MONROE SD,M22A27178,MONROE,RICHLAND,BLOOMINGTON,2,,0,0,0,,N CURRY PK,,,,,N CURRY PK,W VERNAL PK,,,,N,,0.0,,39.17912619,-86.58309819,LOCAL/CITY RD,,,,URBAN,N,N,N,,DAYLIGHT,CLEAR,DRY,,FOUR-WAY INTERSECTION,,ASPHALT,INSECURE/LEAKY LOAD,$5001 TO $10000,RIGHT ANGLE,WVERNALPKNCURRYPK,0,,2022-11-05 09:19:00,,,
BLOOMINGTON PD,B22-48242,MONROE,,BLOOMINGTON,3,,0,0,0,,WASHINGTON ST,,,,,WASHINGTON ST,WILSON ST,,,,Y,,0.0,,39.151482,-86.532523,LOCAL/CITY RD,,,,URBAN,N,N,N,,DAYLIGHT,CLEAR,DRY,,FOUR-WAY INTERSECTION,,ASPHALT,FAILURE TO YIELD RIGHT OF WAY,$10001 TO $25000,RIGHT ANGLE,WILSONSTWASHINGTONST,0,,2022-11-19 12:49:00,,,
BLOOMINGTON PD,B22-54050,MONROE,BLOOMINGTON,BLOOMINGTON,2,,0,0,0,,N KINSER PK,,,,,N KINSER PK,W GOURLEY PK,,,,Y,,0.0,,39.18507231,-86.53775401,LOCAL/CITY RD,,,,URBAN,N,N,N,,DAYLIGHT,CLEAR,DRY,,FOUR-WAY INTERSECTION,,ASPHALT,DISREGARD SIGNAL/REG SIGN,$1001 TO $2500,RIGHT ANGLE,WGOURLEYPKNKINSERPK,0,,2022-12-31 16:09:00,,,
MONROE SD,M22A31472,MONROE,RICHLAND,BLOOMINGTON,3,,0,0,0,,W 3RD ST,,,,,W 3RD ST,S PARK SQUARE DR,,,,N,,0.0,,39.16471806,-86.59256221,COUNTY RD,,,,RURAL,N,N,N,,DARK (NOT LIGHTED),CLOUDY,DRY,,FOUR-WAY INTERSECTION,,ASPHALT,FOLLOWING TOO CLOSELY,$10001 TO $25000,REAR END,W 3RDSTSPARKSQUAREDR,0,,2022-12-28 18:44:00,,,
BLOOMINGTON PD,B22-52622,MONROE,BLOOMINGTON,BLOOMINGTON,1,,1,0,0,,2813 E 3RD ST,,,,,E 3RD ST,,,,,Y,,0.0,,39.16556576,-86.49597592,PRIVATE DR,,,,URBAN,N,N,N,,DAYLIGHT,CLOUDY,DRY,,NO JUNCTION INVOLVED,,ASPHALT,VIEW OBSTRUCTED,UNDER $1001,LEFT TURN,2813E 3RDST,1,,2022-12-19 13:27:00,2813.0,,True
ISP BLOOMINGTON 33,2.02201E+11,MONROE,SALT CREEK,BLOOMINGTON,1,,1,0,0,,ST RD 46,,,,,ST RD 46,CONARD DR,,,,N,,1000.0,,39.15275039,-86.37809326,ST RD,,,,RURAL,N,N,N,,DAYLIGHT,SNOW,SNOW/SLUSH,,NO JUNCTION INVOLVED,,ASPHALT,FAILURE TO MAINTAIN LN,UNDER $1001,RAN OFF RD,ST RD 46CONARDDR,0,,2022-12-26 10:30:00,,,