Agency,Local Code,County,Township,City,Vehicles Involved,Trailers Involved,Number Injured,Number Dead,Number Deer,House Number,Roadway Name,Roadway Suffix,Roadway Number,Roadway Interchange,Roadway Ramp,Roadway Id,Intersecting Road,Intersecting Road Number,Mile Marker,Interchange,Corporate Limits?,Property Type,Feet From,Direction,Latitude,Longitude,Roadway Class,Traffic Control Devices?,Aggressive Driving?,Hit and Run?,Locality,School Zone?,Rumble Strips?,Construction?,Construction Type,Light Condition,Weather Conditions,Surface Condition,Type of Median,Roadway Junction Type,Road Character,Roadway Surface,Primary Factor,Damage Estimate,Manner of Collision,Unique Location Id,State Property Damage?,Traffic Control,DateTime,Address Number,Cyclist Involved,Pedestrian Involved
MONROE SD,M22A6855,MONROE,CLEAR CREEK,BLOOMINGTON,1,,0,0,0,,E POINTE RD,,,,,E POINTE RD,,,,,N,,0.0,,39.03329762,-86.51317585,PRIVATE DR,,,,RURAL,N,N,N,,DARK (LIGHTED),RAIN,WET,,NO JUNCTION INVOLVED,,ASPHALT,SPEED TOO FAST FOR WEATHER CONDITIONS,$10001 TO $25000,RAN OFF RD,EPOINTERD,0,,2022-03-25 20:02:00,,,
BLOOMINGTON PD,B22-12909,MONROE,PERRY,BLOOMINGTON,2,,0,0,0,,E MILLER DR,,,,,E MILLER DR,S WALNUT ST,,,,Y,,0.0,,39.1469247,-86.53261132,LOCAL/CITY RD,,,,URBAN,N,N,N,,DAYLIGHT,RAIN,WET,,T-INTERSECTION,,ASPHALT,DISREGARD SIGNAL/REG SIGN,$10001 TO $25000,RIGHT ANGLE,SWALNUTSTEMILLERDR,0,,2022-04-13 16:09:00,,,
BLOOMINGTON PD,B22-08022,MONROE,PERRY,BLOOMINGTON,2,,0,0,0,,W DRISCOLL ST,,,,,W DRISCOLL ST,S ROGERS ST,,,,Y,,0.0,,39.15253234,-86.53871405,LOCAL/CITY RD,,,,URBAN,N,N,N,,DAYLIGHT,CLEAR,DRY,,T-INTERSECTION,,ASPHALT,FOLLOWING TOO CLOSELY,$2501 TO $5000,REAR END,WDRISCOLLSTSROGERSST,0,,2022-03-10 17:19:00,,,
ELLETTSVILLE PD,E2202041,MONROE,RICHLAND,ELLETTSVILLE,2,0.0,0,0,0,,SALE,ST,,,,SALE,,,,,,,,,39.23384,-86.624704,LOCAL/CITY RD,Y,Y,Y,,N,N,N,,DAYLIGHT,CLEAR,DRY,,T-INTERSECTION,STRAIGHT/GRADE,ASPHALT,FOLLOWING TOO CLOSELY,UNDER $1001,REAR END,SALESTST RD 46 W,0,TRAFFIC CONTROL SIGNAL,2022-06-02 09:22:00,,,
MONROE SD,M22A13371,MONROE,CLEAR CREEK,BLOOMINGTON,2,,1,0,0,,S ROGERS ST,,,,,S ROGERS ST,BAYWOOD DR,,,,N,,0.0,,39.117926,-86.53949,LOCAL/CITY RD,,,,RURAL,N,N,N,,DAYLIGHT,CLEAR,DRY,,NO JUNCTION INVOLVED,,ASPHALT,LEFT OF CENTER,$10001 TO $25000,OPPOSITE DIRECTION SIDESWIPE,SROGERSSTBAYWOODDR,0,,2022-06-07 16:34:00,,,
BLOOMINGTON PD,B22-41074,MONROE,PERRY,BLOOMINGTON,2,,0,0,0,1965,S WALNUT ST,,,,,S WALNUT ST,,,,,Y,,0.0,,39.14234599,-86.52973444,PRIVATE DR,,,,URBAN,Y,N,N,,DAYLIGHT,CLEAR,DRY,,NO JUNCTION INVOLVED,,ASPHALT,DRIVER ILLNESS,$1001 TO $2500,REAR END,SWALNUTST,0,,2022-10-06 14:50:00,,,
ELLETTSVILLE PD,E22-00804,MONROE,RICHLAND,ELLETTSVILLE,1,,0,0,0,601,E TEMPERANCE ST,,,,,E TEMPERANCE ST,,,,,Y,,0.0,,39.22797344,-86.6164115,PRIVATE DR,,,,RURAL,N,N,N,,DAYLIGHT,CLEAR,DRY,,NO JUNCTION INVOLVED,,ASPHALT,OTHER (DRIVER) - EXPLAIN IN NARRATIVE,$5001 TO $10000,OTHER - EXPLAIN IN NARRATIVE,ETEMPERANCEST,0,,2022-03-04 14:49:00,,,
MONROE SD,M22A2942,MONROE,RICHLAND,BLOOMINGTON,1,,0,0,0,,W WOODYARD,,,,,W WOODYARD,N LOESCH RD,,,,N,,200.0,,39.19314557,-86.58920263,LOCAL/CITY RD,,,,RURAL,N,N,N,,DARK (NOT LIGHTED),CLEAR,SNOW/SLUSH,,T-INTERSECTION,,ASPHALT,FAILURE TO MAINTAIN LN,$5001 TO $10000,RAN OFF RD,WWOODYARDRDNLOESCHRD,0,,2022-02-07 21:27:00,,,
BLOOMINGTON PD,B22-30452,MONROE,PERRY,BLOOMINGTON,1,,1,0,0,,SARE RD,,,,,SARE RD,WINSLOW RD,,,,Y,,0.0,,,,LOCAL/CITY RD,,,,URBAN,N,N,N,,DARK (LIGHTED),CLOUDY,DRY,,TRAFFIC CIRCLE/ROUNDABOUT,,ASPHALT,FAILURE TO MAINTAIN LN,$10001 TO $25000,RAN OFF RD,WINSLOWRDSARERD,0,,2022-08-07 05:08:00,,,
BLOOMINGTON PD,B2242323,MONROE,BLOOMINGTON,BLOOMINGTON,1,,1,0,0,,E 3RD ST,,,,,E 3RD ST,S SMITH RD,,,,Y,,0.0,,39.16421263,-86.4812488,LOCAL/CITY RD,,,,URBAN,N,N,N,,DAYLIGHT,CLEAR,DRY,,FOUR-WAY INTERSECTION,,ASPHALT,PEDESTRIAN ACTION,UNDER $1001,LEFT TURN,SSMITHRDE 3RDST,1,,2022-10-13 11:30:00,,,True
BLOOMINGTON PD,B22-03881,MONROE,PERRY,BLOOMINGTON,1,,3,0,0,,I-69,,,,,I-69,,,,,Y,,158.0,,39.16426809,-86.57329506,INTERSTATE,,,,URBAN,N,N,N,,DAYLIGHT,SNOW,SNOW/SLUSH,,NO JUNCTION INVOLVED,,CONCRETE,SPEED TOO FAST FOR WEATHER CONDITIONS,$2501 TO $5000,RIGHT ANGLE,I-69,0,,2022-02-04 16:10:00,,,
MONROE SD,M22A3033,MONROE,PERRY,BLOOMINGTON,2,,0,0,0,,W THAT RD,,,,,W THAT RD,,,,,N,,0.0,,39.11405622,-86.54519958,OTHER,,,,RURAL,Y,N,N,,DAYLIGHT,CLEAR,WET,,NO JUNCTION INVOLVED,,ASPHALT,UNSAFE BACKING,UNDER $1001,BACKING CRASH,WTHATRD,0,,2022-02-08 15:30:00,,,
ELLETTSVILLE PD,E2201141,MONROE,RICHLAND,ELLETTSVILLE,2,0.0,0,0,0,,,,ST RD 46 W,,,ST RD 46 W,DEER PARK,,,,Y,,175.0,W,39.21223257,-86.58777047,ST RD,Y,N,N,URBAN,N,N,N,,DAYLIGHT,CLEAR,DRY,,NO JUNCTION INVOLVED,STRAIGHT/LEVEL,ASPHALT,FOLLOWING TOO CLOSELY,$1001 TO $2500,REAR END,DEERPARKDRST RD 46 W,0,TRAFFIC CONTROL SIGNAL,2022-03-31 07:49:00,,,
BLOOMINGTON PD,B22-12152,MONROE,PERRY,BLOOMINGTON,2,,0,0,0,,W 3RD ST,,,,,W 3RD ST,CORY LN,,,,Y,,0.0,,39.1644621,-86.5601338,LOCAL/CITY RD,,,,URBAN,N,N,N,,DAYLIGHT,CLEAR,DRY,,FOUR-WAY INTERSECTION,,ASPHALT,FAILURE TO YIELD RIGHT OF WAY,$2501 TO $5000,REAR END,W 3RDSTCORYLN,0,,2022-04-08 12:33:00,,,
BLOOMINGTON PD,B22-26535,MONROE,PERRY,BLOOMINGTON,1,,0,0,0,,E DANIEL ST,,,,,E DANIEL ST,E BROOKSTONE CT,,,,Y,,0.0,,39.13853884,-86.4886547,LOCAL/CITY RD,,,,URBAN,N,N,N,,DAYLIGHT,CLEAR,DRY,,NO JUNCTION INVOLVED,,ASPHALT,DRIVER ILLNESS,$2501 TO $5000,OTHER - EXPLAIN IN NARRATIVE,EDANIELSTEBROOKSTONECT,0,,2022-07-12 10:05:00,,,
BLOOMINGTON PD,B22-41511,MONROE,,,2,,0,0,0,,E 17TH ST,,,,,E 17TH ST,N LINCOLN ST,,,,Y,,0.0,,39.17893073,-86.53103713,LOCAL/CITY RD,,,,URBAN,N,N,N,,DAYLIGHT,CLEAR,DRY,,FOUR-WAY INTERSECTION,,ASPHALT,FAILURE TO YIELD RIGHT OF WAY,$10001 TO $25000,RIGHT ANGLE,NLINCOLNSTE17THST,0,,2022-10-08 16:20:00,,,
MONROE SD,M22A7619,MONROE,BLOOMINGTON,BLOOMINGTON,1,,0,0,1,,W ARLINGTON RD,,,,,W ARLINGTON RD,S STONNY BROOK,,,,N,,0.0,,,,,,,,RURAL,N,N,N,,DAYLIGHT,CLOUDY,DRY,,NO JUNCTION INVOLVED,,ASPHALT,ANIMAL/OBJECT IN RDWAY,$2501 TO $5000,COLLISION WITH DEER,WARLINGTONRDSSTONNYBROOK,0,,2022-04-04 09:59:00,,,
BLOOMINGTON PD,B22-26944,MONROE,BLOOMINGTON,BLOOMINGTON,2,,0,0,0,,W BLOOMFIELD RD,,,,,W BLOOMFIELD RD,PRIVATE DR TO SAMS CLUB/RUR,,,,Y,,0.0,,39.14751268,-86.57293744,PRIVATE DR,,,,URBAN,N,N,N,,DAYLIGHT,CLEAR,DRY,,FOUR-WAY INTERSECTION,,CONCRETE,FOLLOWING TOO CLOSELY,$2501 TO $5000,REAR END,WESTBLOOMFIELDRDPRIVATEDRTOSAMSCLUB/RURALKING,0,,2022-07-14 19:17:00,,,
BLOOMINGTON PD,B22-18953,MONROE,,BLOOMINGTON,2,,0,0,0,,ST RD 45/46 BYPASS,,,,,ST RD 45/46 BYPASS,KINSER PK,,,,Y,,0.0,,0.0,0.0,ST RD,,,,URBAN,N,N,N,,DAYLIGHT,CLEAR,DRY,,FOUR-WAY INTERSECTION,,ASPHALT,FAILURE TO YIELD RIGHT OF WAY,$25001 TO $50000,RIGHT ANGLE,ST RD 45/46BYPASSKINSERPK,0,,2022-05-23 12:25:00,,,
BLOOMINGTON PD,B22-18660,MONROE,PERRY,BLOOMINGTON,2,,0,0,0,,BLOOMFIELD RD,,,,,BLOOMFIELD RD,I-69 SB RAMP,,,,Y,,0.0,,39.14973698,-86.57164283,ST RD,,,,URBAN,N,N,N,,DAYLIGHT,CLOUDY,DRY,,FOUR-WAY INTERSECTION,,ASPHALT,FAILURE TO YIELD RIGHT OF WAY,$10001 TO $25000,RIGHT ANGLE,I-69SBRAMPBLOOMFIELDRD,0,,2022-05-21 09:37:00,,,
INDIANA UNIV BLOOMINGTON PD,223636,MONROE,BLOOMINGTON,BLOOMINGTON,2,,0,0,0,,E 3RD ST,,,,,E 3RD ST,S HIGHLAND AVE,,,,Y,,0.0,,39.16426255,-86.51765532,LOCAL/CITY RD,,,,URBAN,N,N,N,,DAYLIGHT,CLEAR,DRY,,T-INTERSECTION,,ASPHALT,IMPROPER LN USAGE,$1001 TO $2500,SAME DIRECTION SIDESWIPE,SHIGHLANDAVEE 3RDST,0,,2022-09-28 17:20:00,,,
INDIANA UNIV BLOOMINGTON PD,222044,MONROE,BLOOMINGTON,BLOOMINGTON,2,,0,0,0,,N EAGLESON AVE,,,,,N EAGLESON AVE,N FEE LN,,,,Y,,106.0,,39.18376876,-86.51900581,LOCAL/CITY RD,,,,URBAN,N,N,N,,DARK (NOT LIGHTED),CLEAR,DRY,,NO JUNCTION INVOLVED,,ASPHALT,UNSAFE BACKING,UNDER $1001,BACKING CRASH,NEAGLESON AVEAVENFEELN,0,,2022-06-03 21:40:00,,,
INDIANA UNIV BLOOMINGTON PD,220716,MONROE,BLOOMINGTON,BLOOMINGTON,1,,0,0,0,2901,E DISCOVERY PKWY,,,,,E DISCOVERY PKWY,,,,,Y,,0.0,,39.17727456,-86.49378366,PRIVATE DR,,,,URBAN,N,N,N,,DAYLIGHT,RAIN,WET,,NO JUNCTION INVOLVED,,ASPHALT,IMPROPER TURNING,$1001 TO $2500,LEFT TURN,EDISCOVERYPKWY,0,,2022-02-24 15:30:00,,,
MONROE SD,M22A9303,MONROE,WASHINGTON,BLOOMINGTON,1,,0,0,0,,I-69,,,,,I-69,,,130.0,,N,,0.0,,39.33153076,-86.51450104,ST RD,,,,URBAN,N,Y,N,,DARK (NOT LIGHTED),CLEAR,DRY,,NO JUNCTION INVOLVED,,ASPHALT,UNSAFE SPEED,$5001 TO $10000,RAN OFF RD,I-69130,0,,2022-04-24 02:30:00,,,
MONROE SD,M22A13029,MONROE,BEAN BLOSSOM,BLOOMINGTON,4,,0,0,0,,N MATHEWS DR,,,,,N MATHEWS DR,,,,,N,,0.0,,39.24965714,-86.62163418,LOCAL/CITY RD,,,,RURAL,N,N,N,,DARK (NOT LIGHTED),CLEAR,DRY,,NO JUNCTION INVOLVED,,ASPHALT,FAILURE TO MAINTAIN LN,$5001 TO $10000,RAN OFF RD,NMATHEWSDR,0,,2022-06-04 12:03:00,,,
MONROE SD,M22A19716,MONROE,RICHLAND,BLOOMINGTON,2,,0,0,0,,W ST RD 46,,,,,W ST RD 46,W ARLINGTON RD,,,,N,,0.0,,39.20865412,-86.58099955,ST RD,,,,URBAN,N,N,N,,DAYLIGHT,CLEAR,DRY,,NO JUNCTION INVOLVED,,ASPHALT,FOLLOWING TOO CLOSELY,$1001 TO $2500,REAR END,WSTATERD46 WARLINGTONRD,0,,2022-08-12 17:03:00,,,
MONROE SD,M22A9984,MONROE,BLOOMINGTON,BLOOMINGTON,1,,0,0,0,,E BETHEL LN,,,,,E BETHEL LN,N ROBBS LN,,,,N,,106.0,,39.2148706,-86.46817393,,,,,RURAL,N,N,N,,DAYLIGHT,CLEAR,DRY,,NO JUNCTION INVOLVED,,ASPHALT,UNSAFE LN MOVEMENT,$2501 TO $5000,RAN OFF RD,NROBBSLNEBETHELLN,0,,2022-05-02 14:17:00,,,
BLOOMINGTON PD,B22-26908,MONROE,BLOOMINGTON,BLOOMINGTON,2,,2,0,0,,S WALNUT ST,,,,,S WALNUT ST,E S DR,,,,Y,,0.0,,39.14240981,-86.53131755,,,,,URBAN,N,N,N,,DAYLIGHT,CLEAR,DRY,,NO JUNCTION INVOLVED,,ASPHALT,UNSAFE SPEED,$1001 TO $2500,REAR END,SWALNUTSTESOUTHDR,0,,2022-07-14 15:30:00,,,
INDIANA UNIV BLOOMINGTON PD,222784,MONROE,BLOOMINGTON,BLOOMINGTON,2,,0,0,0,,N UNION ST,,,,,N UNION ST,E 10TH ST,,,,Y,,0.0,,39.17027239,-86.50884426,PRIVATE DR,,,,URBAN,N,N,N,,DAYLIGHT,CLEAR,DRY,,NO JUNCTION INVOLVED,,ASPHALT,UNSAFE BACKING,$1001 TO $2500,BACKING CRASH,NUNIONSTE 10THST,0,,2022-08-23 17:05:00,,,
BLOOMINGTON PD,B22-09777,MONROE,BLOOMINGTON,BLOOMINGTON,2,,1,0,0,,W 3RD ST,,,,,W 3RD ST,S WALNUT ST,,,,Y,,0.0,,39.16459528,-86.53363056,LOCAL/CITY RD,,,,URBAN,N,N,N,,DARK (LIGHTED),RAIN,WET,,FOUR-WAY INTERSECTION,,ASPHALT,DISREGARD SIGNAL/REG SIGN,$5001 TO $10000,RIGHT ANGLE,W 3RDSTSWALNUTST,0,,2022-03-23 07:15:00,,,
BLOOMINGTON PD,B22-40623,MONROE,BLOOMINGTON,BLOOMINGTON,1,,0,0,0,,N ST RD 37,,,,,N ST RD 37,W GOURLEY PK,,,,Y,,2000.0,,39.18969963,-86.53404386,LOCAL/CITY RD,,,,URBAN,N,N,N,,DAYLIGHT,CLEAR,DRY,,NO JUNCTION INVOLVED,,ASPHALT,OVERCORRECTING/OVERSTEERING,$2501 TO $5000,RAN OFF RD,WGOURLEYPKNOLDSTATERD37,0,,2022-10-04 09:43:00,,,
MONROE SD,M22A19146,MONROE,CLEAR CREEK,BLOOMINGTON,2,,0,0,0,,S ROGERS ST,,,,,S ROGERS ST,W THAT RD,,,,N,,0.0,,39.1139656,-86.53985328,COUNTY RD,,,,RURAL,N,N,N,,DAYLIGHT,CLEAR,DRY,,NO JUNCTION INVOLVED,,ASPHALT,UNSAFE BACKING,$2501 TO $5000,BACKING CRASH,WTHATRDSROGERSST,0,,2022-08-06 10:36:00,,,
BLOOMINGTON PD,B22-28196,MONROE,,BLOOMINGTON,2,,0,0,0,,S COLLEGE AVE,,,,,S COLLEGE AVE,W 3RD ST,,,,Y,,0.0,,,,,,,,URBAN,N,N,N,,DAYLIGHT,CLEAR,DRY,,T-INTERSECTION,,ASPHALT,FOLLOWING TOO CLOSELY,$2501 TO $5000,REAR END,WEST3RDSTSOUTHCOLLEGEAVE,0,,2022-07-22 19:23:00,,,
BLOOMINGTON PD,B22-33821,MONROE,VAN BUREN,BLOOMINGTON,2,,1,0,0,,W 3RD ST,,,,,W 3RD ST,ST RD 37,,,,Y,,0.0,,39.16466989,-86.57407598,LOCAL/CITY RD,,,,URBAN,N,N,N,,DAYLIGHT,CLEAR,DRY,,RAMP,,CONCRETE,FAILURE TO YIELD RIGHT OF WAY,$5001 TO $10000,SAME DIRECTION SIDESWIPE,W 3RDSTSTATERD37,0,,2022-08-26 19:29:00,,,
DNR LAW ENFORCEMENT,06-22-00765,MONROE,CLEAR CREEK,BLOOMINGTON,1,,0,0,0,,S SMITH RD,,,,,S SMITH RD,E MOORES PK,,,,Y,,0.0,,39.15015299,-86.48046917,COUNTY RD,,,,URBAN,N,N,N,,DAYLIGHT,CLEAR,DRY,,FOUR-WAY INTERSECTION,,ASPHALT,OTHER (VEHICLE) - EXPLAIN IN NARRATIVE,UNDER $1001,NON-COLLISION,SSMITHRDEMOORESPK,0,,2022-04-09 15:30:00,,,
BLOOMINGTON PD,B22-37421,MONROE,BLOOMINGTON,BLOOMINGTON,1,,0,0,0,,W 7TH ST,,,,,W 7TH ST,B-LINE TRL,,,,Y,,0.0,,39.16861124,-86.5366688,LOCAL/CITY RD,,,,URBAN,N,N,N,,DAYLIGHT,CLEAR,DRY,,FOUR-WAY INTERSECTION,,ASPHALT,FAILURE TO YIELD RIGHT OF WAY,UNDER $1001,RIGHT ANGLE,W7THSTB-LINETRL,0,,2022-09-16 09:00:00,,True,
BLOOMINGTON PD,B22-38391,MONROE,PERRY,BLOOMINGTON,2,,0,0,0,,S EAGLESON AVE,,,,,S EAGLESON AVE,E ATWATER AVE,,,,Y,,0.0,,39.16309791,-86.51639461,LOCAL/CITY RD,,,,URBAN,N,N,N,,DAYLIGHT,CLEAR,DRY,,FOUR-WAY INTERSECTION,,ASPHALT,FOLLOWING TOO CLOSELY,$2501 TO $5000,REAR END,SEAGLESONAVEEATWATERAVE,0,,2022-09-22 12:59:00,,,
BLOOMINGTON PD,B22-38395,MONROE,BLOOMINGTON,BLOOMINGTON,2,,2,0,0,,N GRANT ST,,,,,N GRANT ST,E 8TH ST,,,,Y,,264.0,,39.16900407,-86.52979945,LOCAL/CITY RD,,,,URBAN,N,N,N,,DAYLIGHT,CLEAR,DRY,,NO JUNCTION INVOLVED,,ASPHALT,FAILURE TO YIELD RIGHT OF WAY,$5001 TO $10000,RIGHT ANGLE,NGRANTSTE8THST,0,,2022-09-22 13:22:00,,,
BLOOMINGTON PD,B22-34618,MONROE,PERRY,BLOOMINGTON,2,,0,0,0,,S ROGERS ST,,,,,S ROGERS ST,W 3RD ST,,,,Y,,211.0,,39.16424063,-86.53870985,LOCAL/CITY RD,,,,URBAN,N,N,N,,DAYLIGHT,CLEAR,DRY,,T-INTERSECTION,,ASPHALT,FAILURE TO YIELD RIGHT OF WAY,$5001 TO $10000,RIGHT ANGLE,W 3RDSTSROGERSST,0,,2022-08-31 10:48:00,,,
MONROE SD,M22A24112,MONROE,BLOOMINGTON,BLOOMINGTON,1,,0,0,0,,,,69,,,69,,,123.0,,N,,0.0,,0.0,0.0,INTERSTATE,,,,RURAL,N,N,N,,DARK (NOT LIGHTED),CLEAR,DRY,,NO JUNCTION INVOLVED,,ASPHALT,DRIVER ASLEEP OR FATIGUED,$5001 TO $10000,RAN OFF RD,69123,0,,2022-10-01 05:15:00,,,
BLOOMINGTON PD,B22-40546,MONROE,PERRY,BLOOMINGTON,2,,0,0,0,,E HILLSIDE DR,,,,,E HILLSIDE DR,S HENDERSON ST,,,,Y,,0.0,,39.15055235,-86.52696795,LOCAL/CITY RD,,,,URBAN,N,N,N,,DARK (LIGHTED),CLEAR,DRY,,FOUR-WAY INTERSECTION,,ASPHALT,FAILURE TO YIELD RIGHT OF WAY,$5001 TO $10000,LEFT TURN,SHENDERSONSTEHILLSIDEDR,0,,2022-10-03 09:10:00,,,
DNR LAW ENFORCEMENT,06-22-01931,MONROE,POLK,BLOOMINGTON,2,,1,0,0,,ST RD 446,,,,,ST RD 446,,,,,N,,0.0,,39.06446993,-86.41444392,ST RD,,,,RURAL,N,N,N,,DAYLIGHT,CLEAR,DRY,,NO JUNCTION INVOLVED,,ASPHALT,FOLLOWING TOO CLOSELY,$5001 TO $10000,REAR END,STATERD446,0,,2022-07-14 12:10:00,,,
MONROE SD,M22A4181,MONROE,RICHLAND,BLOOMINGTON,1,,0,0,1,,W WOODYARD,,,,,W WOODYARD,N HARTSTRAIT RD,,,,N,,0.0,,39.2085712,-86.61131136,COUNTY RD,,,,RURAL,N,N,N,,DAWN/DUSK,CLOUDY,DRY,,NO JUNCTION INVOLVED,,ASPHALT,ANIMAL/OBJECT IN RDWAY,$1001 TO $2500,COLLISION WITH DEER,WWOODYARDRDNHARTSTRAITRD,0,,2022-02-21 18:28:00,,,
MONROE SD,M22A19850,MONROE,CLEAR CREEK,BLOOMINGTON,2,,0,0,0,,I-69,,,,,I-69,,,,,Y,,475.0,,39.11468284,-86.56421518,INTERSTATE,,,,RURAL,N,Y,N,,DAYLIGHT,CLEAR,DRY,,NO JUNCTION INVOLVED,,ASPHALT,UNSAFE LN MOVEMENT,$10001 TO $25000,SAME DIRECTION SIDESWIPE,I-69,0,,2022-08-14 16:38:00,,,
BLOOMINGTON PD,B22-11309,MONROE,PERRY,BLOOMINGTON,2,,0,0,0,2966,E 3RD ST; TARGET,,,,,E 3RD ST,,,,,Y,,0.0,,39.16315621,-86.49275216,PRIVATE DR,,,,URBAN,N,N,N,,DAYLIGHT,CLEAR,DRY,,NO JUNCTION INVOLVED,,ASPHALT,FAILURE TO YIELD RIGHT OF WAY,$2501 TO $5000,BACKING CRASH,E 3RDST;TARGET,0,,2022-04-02 15:06:00,,,
MONROE SD,M22A8892,MONROE,BLOOMINGTON,BLOOMINGTON,1,,1,0,0,,W ARLINGTON RD,,,,,W ARLINGTON RD,W STOUTES CREEK RD,,,,N,,0.0,,39.20425786,-86.56873799,LOCAL/CITY RD,,,,RURAL,N,Y,N,,DAYLIGHT,CLEAR,DRY,,NO JUNCTION INVOLVED,,ASPHALT,LEFT OF CENTER,$25001 TO $50000,RAN OFF RD,WSTOUTESCREEKRDWARLINGTONRD,1,,2022-04-20 14:43:00,,,True
MONROE SD,M22A16717,MONROE,CLEAR CREEK,BLOOMINGTON,2,,0,0,0,5100,S VICTOR PK,,,,,S VICTOR PK,,,,,N,,0.0,,39.10718919,-86.55128424,PRIVATE DR,,,,RURAL,N,N,N,,DAYLIGHT,CLEAR,DRY,,NO JUNCTION INVOLVED,,ASPHALT,OTHER (DRIVER) - EXPLAIN IN NARRATIVE,$2501 TO $5000,SAME DIRECTION SIDESWIPE,SVICTORPK,0,,2022-07-12 17:09:00,,,
INDIANA UNIV BLOOMINGTON PD,220445,MONROE,BLOOMINGTON,BLOOMINGTON,3,,0,0,0,,E 10TH ST,,,,,E 10TH ST,N CAMPBELL ST,,,,Y,,100.0,,39.17157827,-86.51353545,LOCAL/CITY RD,,,,URBAN,N,N,N,,DAYLIGHT,CLEAR,SNOW/SLUSH,,NO JUNCTION INVOLVED,,ASPHALT,FOLLOWING TOO CLOSELY,$5001 TO $10000,REAR END,NCAMPBELLSTE 10THST,0,,2022-02-06 15:35:00,,,
MONROE SD,M22A12724,MONROE,BLOOMINGTON,BLOOMINGTON,2,,2,0,0,,ST RD 45,,,,,ST RD 45,N PRAIRIE GREEN CT,,,,N,,792.0,,39.18027172,-86.47329695,ST RD,,,,RURAL,N,N,N,,DAYLIGHT,CLEAR,DRY,,NO JUNCTION INVOLVED,,ASPHALT,DRIVER ASLEEP OR FATIGUED,$25001 TO $50000,OPPOSITE DIRECTION SIDESWIPE,STATERD45NPRAIRIEGREENCT,0,,2022-06-01 09:39:00,,,
BLOOMINGTON PD,B22-04442,MONROE,PERRY,BLOOMINGTON,2,,0,0,0,,1800 BLK. S.OLIVE ST,,,,,BLK. S.OLIVE ST,E MILLER DR,,,,Y,,400.0,,39.14667737,-86.51884505,LOCAL/CITY RD,,,,URBAN,N,N,N,,DAYLIGHT,CLEAR,WET,,NO JUNCTION INVOLVED,,ASPHALT,UNSAFE BACKING,$1001 TO $2500,BACKING CRASH,EMILLERDR1800BLK.S.OLIVEST,0,,2022-02-09 10:07:00,1800.0,,
MONROE SD,M22A1874,MONROE,BENTON,BLOOMINGTON,2,,3,0,0,,ST RD 45 E,,,,,ST RD 45 E,N TUNNEL RD,,,,N,,264.0,,39.22905591,-86.43265354,ST RD,,,,RURAL,N,N,N,,DARK (NOT LIGHTED),CLEAR,DRY,,NO JUNCTION INVOLVED,,ASPHALT,OTHER (VEHICLE) - EXPLAIN IN NARRATIVE,$25001 TO $50000,REAR END,STATERD45ENTUNNELRD,0,,2022-01-25 06:47:00,,,
BLOOMINGTON PD,B22-07743,MONROE,PERRY,BLOOMINGTON,2,,0,0,0,500,S LIBERTY DR; KROGER,,,,,S LIBERTY DR,,,,,Y,,0.0,,39.16323261,-86.58074635,PRIVATE DR,,,,URBAN,N,N,N,,DAYLIGHT,CLOUDY,DRY,,NO JUNCTION INVOLVED,,ASPHALT,UNSAFE BACKING,$1001 TO $2500,REAR END,SLIBERTYDR;KROGER,0,,2022-03-08 16:29:00,,,
BLOOMINGTON PD,B22-19961,MONROE,PERRY,BLOOMINGTON,3,,0,0,0,503,S MULLER PKWY,,,,,S MULLER PKWY,,,,,Y,,0.0,,39.16104548,-86.56771006,PRIVATE DR,,,,URBAN,N,N,N,,DAYLIGHT,CLEAR,DRY,,NO JUNCTION INVOLVED,,ASPHALT,DRIVER ASLEEP OR FATIGUED,$10001 TO $25000,RIGHT ANGLE,SMULLERPKWY,0,,2022-05-30 03:40:00,,,
BLOOMINGTON PD,B22-35208,MONROE,PERRY,BLOOMINGTON,2,,0,0,0,,I-69 S,,,,,I-69 S,W 3RD ST,,,,Y,,0.0,,39.16442772,-86.57236526,INTERSTATE,,,,URBAN,N,N,N,,DAYLIGHT,CLOUDY,WET,,FOUR-WAY INTERSECTION,,ASPHALT,FOLLOWING TOO CLOSELY,$2501 TO $5000,REAR END,W 3RDSTI-69SOUTH,0,,2022-09-03 11:20:00,,,
BLOOMINGTON PD,B22-12313,MONROE,BLOOMINGTON,BLOOMINGTON,2,,0,0,0,,7TH,,,,,7TH,DUNN,,,,Y,,0.0,,0.0,0.0,LOCAL/CITY RD,,,,URBAN,N,N,N,,DAYLIGHT,CLOUDY,DRY,,FOUR-WAY INTERSECTION,,ASPHALT,FAILURE TO YIELD RIGHT OF WAY,$2501 TO $5000,RIGHT ANGLE,DUNN7TH,0,,2022-04-09 12:31:00,,,
MONROE SD,M22A20413,MONROE,BLOOMINGTON,BLOOMINGTON,1,,0,0,1,,E BETHEL LN,,,,,E BETHEL LN,N MYERS RD,,,,N,,0.0,,39.21199206,-86.49558701,COUNTY RD,,,,RURAL,N,N,N,,DARK (NOT LIGHTED),CLOUDY,DRY,,NO JUNCTION INVOLVED,,ASPHALT,ANIMAL/OBJECT IN RDWAY,$1001 TO $2500,COLLISION WITH DEER,NMYERSRDEBETHELLN,0,,2022-08-21 02:40:00,,,