Agency,Local Code,County,Township,City,Vehicles Involved,Trailers Involved,Number Injured,Number Dead,Number Deer,House Number,Roadway Name,Roadway Suffix,Roadway Number,Roadway Interchange,Roadway Ramp,Roadway Id,Intersecting Road,Intersecting Road Number,Mile Marker,Interchange,Corporate Limits?,Property Type,Feet From,Direction,Latitude,Longitude,Roadway Class,Traffic Control Devices?,Aggressive Driving?,Hit and Run?,Locality,School Zone?,Rumble Strips?,Construction?,Construction Type,Light Condition,Weather Conditions,Surface Condition,Type of Median,Roadway Junction Type,Road Character,Roadway Surface,Primary Factor,Damage Estimate,Manner of Collision,Unique Location Id,State Property Damage?,Traffic Control,DateTime,Address Number,Cyclist Involved,Pedestrian Involved
MORGAN SD,2202342,MONROE,WASHINGTON,BLOOMINGTON,1,,0,0,0,,I-69,,,,,I-69,,,131.0,,N,,0.0,,39.33532315,-86.51147908,ST RD,,,,RURAL,N,N,N,,DAYLIGHT,RAIN,WATER (STANDING OR MOVING),,NO JUNCTION INVOLVED,,CONCRETE,RDWAY SURFACE CONDITION,$1001 TO $2500,RAN OFF RD,I-69131,0,,2022-03-22 16:50:00,,,
INDIANA UNIV BLOOMINGTON PD,223558,MONROE,BLOOMINGTON,BLOOMINGTON,2,,0,0,0,,E 17TH ST,,,,,E 17TH ST,N INDIANA AVE,,,,Y,,0.0,,39.17900135,-86.52705378,LOCAL/CITY RD,,,,URBAN,N,N,N,,DAYLIGHT,CLEAR,DRY,,T-INTERSECTION,,ASPHALT,FAILURE TO YIELD RIGHT OF WAY,$1001 TO $2500,RIGHT ANGLE,NINDIANAAVEE17THST,0,,2022-09-25 13:30:00,,,
MONROE SD,M22A1950,MONROE,CLEAR CREEK,BLOOMINGTON,1,,1,0,0,,S ST RD 37,,,,,S ST RD 37,,,,,N,,0.0,,39.02826956,-86.54190349,LOCAL/CITY RD,,,,RURAL,N,N,N,,DAYLIGHT,CLEAR,DRY,,NO JUNCTION INVOLVED,,ASPHALT,OVERCORRECTING/OVERSTEERING,$5001 TO $10000,RAN OFF RD,SOLDSTATERD37,0,,2022-01-26 03:43:00,,,
INDIANA UNIV BLOOMINGTON PD,221784,MONROE,BLOOMINGTON,BLOOMINGTON,2,,0,0,0,,N EAGLESON AVE,,,,,N EAGLESON AVE,E 10TH ST,,,,Y,,0.0,,39.17181044,-86.5156516,LOCAL/CITY RD,,,,URBAN,N,N,N,,DAYLIGHT,RAIN,WET,,FOUR-WAY INTERSECTION,,ASPHALT,UNSAFE LN MOVEMENT,$5001 TO $10000,LEFT TURN,NEAGLESON AVEAVEE 10THST,0,,2022-05-06 17:55:00,,,
BLOOMINGTON PD,B22-12518,MONROE,BLOOMINGTON,BLOOMINGTON,2,,0,0,0,,346 S GRANT ST,,,,,S GRANT ST,,,,,Y,,0.0,,39.16505388,-86.53021299,PRIVATE DR,,,,URBAN,N,N,N,,DARK (NOT LIGHTED),CLEAR,DRY,,NO JUNCTION INVOLVED,,CONCRETE,OTHER (DRIVER) - EXPLAIN IN NARRATIVE,$1001 TO $2500,BACKING CRASH,346SGRANTST,0,,2022-04-09 17:00:00,346.0,,
BLOOMINGTON PD,B22-04842,MONROE,PERRY,BLOOMINGTON,2,,0,0,0,,W DIXIE ST,,,,,W DIXIE ST,S FAIRVIEW ST,,,,N,,0.0,,39.15660399,-86.5418709,LOCAL/CITY RD,,,,URBAN,N,N,N,,DAYLIGHT,SNOW,DRY,,NO JUNCTION INVOLVED,,ASPHALT,FAILURE TO YIELD RIGHT OF WAY,$1001 TO $2500,REAR END,WDIXIESTSFAIRVIEWST,0,,2022-02-12 11:00:00,,,
BLOOMINGTON PD,B22-23765,MONROE,PERRY,BLOOMINGTON,3,,0,0,0,,E RHORER RD,,,,,E RHORER RD,S SARE RD,,,,Y,,0.0,,39.12148533,-86.51167803,LOCAL/CITY RD,,,,URBAN,N,N,N,,DAYLIGHT,CLEAR,DRY,,T-INTERSECTION,,ASPHALT,FOLLOWING TOO CLOSELY,$2501 TO $5000,REAR END,SSARERDERHORERRD,0,,2022-06-24 16:36:00,,,
MONROE SD,M22A22082,MONROE,PERRY,BLOOMINGTON,1,,1,0,0,,S HENDERSON ST,,,,,S HENDERSON ST,E ALLEN ST,,,,Y,,0.0,,39.15554711,-86.52703722,LOCAL/CITY RD,,,,RURAL,N,N,N,,DAYLIGHT,CLEAR,DRY,,FOUR-WAY INTERSECTION,,ASPHALT,FAILURE TO YIELD RIGHT OF WAY,UNDER $1001,SAME DIRECTION SIDESWIPE,SHENDERSONSTEALLENST,1,,2022-09-08 12:28:00,,True,
BLOOMINGTON PD,B22-37312,MONROE,PERRY,BLOOMINGTON,2,,0,0,0,,W COUNTRY CLUB DR,,,,,W COUNTRY CLUB DR,S ROCKPORT RD,,,,Y,,158.0,,39.13632539,-86.54839734,LOCAL/CITY RD,,,,URBAN,N,N,N,,DAYLIGHT,CLEAR,DRY,,FOUR-WAY INTERSECTION,,ASPHALT,FOLLOWING TOO CLOSELY,$2501 TO $5000,REAR END,WCOUNTRYCLUBDRSROCKPORTRD,0,,2022-09-15 16:50:00,,,
INDIANA UNIV BLOOMINGTON PD,220841,MONROE,BLOOMINGTON,BLOOMINGTON,3,,1,0,0,,ST RD 45,,,,,ST RD 45,DISCOVERY PWKY,,,,Y,,326.0,,39.17482822,-86.50392046,ST RD,,,,URBAN,N,N,N,,DAYLIGHT,CLEAR,DRY,,T-INTERSECTION,,ASPHALT,FOLLOWING TOO CLOSELY,$10001 TO $25000,REAR END,STATERD45DISCOVERYPWKY,0,,2022-03-04 10:10:00,,,
INDIANA UNIV BLOOMINGTON PD,223673,MONROE,BLOOMINGTON,BLOOMINGTON,2,,0,0,0,,E 3RD ST,,,,,E 3RD ST,S HAWTHORNE DR,,,,Y,,211.0,,39.16426787,-86.52054885,LOCAL/CITY RD,,,,URBAN,N,N,N,,DAYLIGHT,CLEAR,DRY,,NO JUNCTION INVOLVED,,ASPHALT,UNSAFE LN MOVEMENT,$5001 TO $10000,SAME DIRECTION SIDESWIPE,SHAWTHORNEDRE 3RDST,0,,2022-09-30 13:25:00,,,
BLOOMINGTON PD,B22-23114,MONROE,VAN BUREN,BLOOMINGTON,2,,0,0,0,,S LIBERTY DR,,,,,S LIBERTY DR,W 3RD ST,,,,Y,,0.0,,39.16460386,-86.5791394,LOCAL/CITY RD,,,,URBAN,N,N,N,,DAYLIGHT,CLEAR,DRY,,FOUR-WAY INTERSECTION,,ASPHALT,DISREGARD SIGNAL/REG SIGN,$5001 TO $10000,LEFT TURN,W 3RDSTSLIBERTYDR,0,,2022-06-20 16:20:00,,,
MONROE SD,M22A5921,MONROE,RICHLAND,BLOOMINGTON,2,,1,0,0,,CENTENNIAL DR,,,,,CENTENNIAL DR,W ST RD 46,,,,N,,0.0,,39.20995732,-86.58268615,ST RD,,,,URBAN,N,N,N,,DARK (LIGHTED),CLOUDY,DRY,,FOUR-WAY INTERSECTION,,ASPHALT,FAILURE TO YIELD RIGHT OF WAY,$10001 TO $25000,RIGHT ANGLE,WSTATERD46CENTENNIALDR,0,,2022-03-15 07:43:00,,,
MONROE SD,M22A20141,MONROE,VAN BUREN,,2,,0,0,0,1285,S LIBERTY DR ,,,,,S LIBERTY DR ,,,,,N,,0.0,,39.1589058,-86.57515596,PRIVATE DR,,,,URBAN,N,N,N,,DAYLIGHT,CLOUDY,DRY,,NO JUNCTION INVOLVED,,ASPHALT,UNSAFE BACKING,$10001 TO $25000,RIGHT ANGLE,SLIBERTYDRBLOOMINGTONIN,0,,2022-08-17 12:49:00,,,
BLOOMINGTON PD,B22-11736,MONROE,BLOOMINGTON,BLOOMINGTON,2,,0,0,0,,ST RD 46,,,,,ST RD 46,E ASTGATE LN,,,,Y,,0.0,,39.17013535,-86.50150792,ST RD,,,,URBAN,N,N,N,,DAYLIGHT,CLEAR,DRY,,FOUR-WAY INTERSECTION,,ASPHALT,FOLLOWING TOO CLOSELY,$2501 TO $5000,REAR END,STATERD46EEASTGATELN,0,,2022-04-05 16:07:00,,,
BLOOMINGTON PD,B22-14705,MONROE,PERRY,BLOOMINGTON,2,,0,0,0,,E ATWATER,,,,,E ATWATER,S EAGLESON,,,,Y,,0.0,,39.16311459,-86.51643223,LOCAL/CITY RD,,,,URBAN,N,N,N,,DAYLIGHT,CLEAR,DRY,,FOUR-WAY INTERSECTION,,ASPHALT,FOLLOWING TOO CLOSELY,$2501 TO $5000,REAR END,SOUTHEAGLESONEASTATWATER,0,,2022-04-24 02:41:00,,,
MONROE SD,M22A10626,MONROE,INDIAN CREEK,BLOOMINGTON,1,,0,0,1,,I-69,,,,,I-69,,,111.1,,N,,739.0,,39.07570706,-86.59027553,ST RD,,,,RURAL,N,N,N,,DAWN/DUSK,CLEAR,DRY,,NO JUNCTION INVOLVED,,ASPHALT,ANIMAL/OBJECT IN RDWAY,$2501 TO $5000,COLLISION WITH DEER,I-69111.1,0,,2022-05-09 20:34:00,,,
ISP BLOOMINGTON 33,2.022E+11,MONROE,BLOOMINGTON,BLOOMINGTON,2,,0,0,0,,I-69,,,,,I-69,,,118.0,,Y,,0.0,,39.16809881,-86.57237009,INTERSTATE,,,,URBAN,N,N,N,,DAYLIGHT,RAIN,WET,,NO JUNCTION INVOLVED,,ASPHALT,UNSAFE LN MOVEMENT,$5001 TO $10000,REAR END,I-69118,0,,2022-04-06 11:34:00,,,
BLOOMINGTON PD,B22-06454,MONROE,BLOOMINGTON,BLOOMINGTON,2,,0,0,0,,ST RD 46,,,,,ST RD 46,E 3RD ST,,,,Y,,0.0,,39.16443582,-86.4983468,ST RD,,,,URBAN,N,N,N,,DAYLIGHT,CLEAR,DRY,,FOUR-WAY INTERSECTION,,ASPHALT,FOLLOWING TOO CLOSELY,UNDER $1001,REAR END,STATERD46E 3RDST,0,,2022-02-26 03:18:00,,,
BLOOMINGTON PD,B22-10765,MONROE,BLOOMINGTON,BLOOMINGTON,2,,1,0,0,,N INDIANA AVE,,,,,N INDIANA AVE,E 8TH ST,,,,Y,,0.0,,39.1694341,-86.52696284,LOCAL/CITY RD,,,,URBAN,N,N,N,,DARK (LIGHTED),CLOUDY,DRY,,FOUR-WAY INTERSECTION,,ASPHALT,FAILURE TO MAINTAIN LN,$5001 TO $10000,SAME DIRECTION SIDESWIPE,NINDIANAAVEE8THST,0,,2022-03-29 23:03:00,,,
MONROE SD,M22A21414,MONROE,PERRY,BLOOMINGTON,1,,0,0,0,,S ST RD 37,,,,,S ST RD 37,S ROGERS ST,,,,Y,,0.0,,39.09933225,-86.53788644,ST RD,,,,URBAN,N,N,N,,DAYLIGHT,CLEAR,DRY,,Y-INTERSECTION,,ASPHALT,FAILURE TO YIELD RIGHT OF WAY,$1001 TO $2500,LEFT TURN,SROGERSSTSOLDSTATERD37,0,,2022-08-31 17:48:00,,,
BLOOMINGTON PD,B22-34507,MONROE,PERRY,BLOOMINGTON,1,,0,0,0,,E HILLSIDE DR,,,,,E HILLSIDE DR,S WALNUT ST,,,,Y,,0.0,,39.15052462,-86.53366274,LOCAL/CITY RD,,,,URBAN,N,N,N,,DAYLIGHT,CLEAR,DRY,,FOUR-WAY INTERSECTION,,ASPHALT,FAILURE TO YIELD RIGHT OF WAY,UNDER $1001,RIGHT ANGLE,SWALNUTSTEHILLSIDEDR,1,,2022-08-30 05:38:00,,True,
INDIANA UNIV BLOOMINGTON PD,222189,MONROE,BLOOMINGTON,BLOOMINGTON,2,,0,0,0,,E 10TH ST,,,,,E 10TH ST,ST RD 45,,,,Y,,0.0,,39.17165313,-86.50210387,LOCAL/CITY RD,,,,URBAN,N,N,N,,DAYLIGHT,CLEAR,DRY,,FOUR-WAY INTERSECTION,,ASPHALT,FOLLOWING TOO CLOSELY,$1001 TO $2500,REAR END,STATERD45E 10THST,0,,2022-06-21 09:55:00,,,
BLOOMINGTON PD,B22-05452,MONROE,BLOOMINGTON,BLOOMINGTON,2,,0,0,0,500,S LIBERTY DR,,,,,S LIBERTY DR,,,,,Y,,0.0,,39.16303799,-86.57972262,LOCAL/CITY RD,,,,URBAN,N,N,N,,DAYLIGHT,CLEAR,DRY,,NO JUNCTION INVOLVED,,ASPHALT,FAILURE TO YIELD RIGHT OF WAY,$1001 TO $2500,SAME DIRECTION SIDESWIPE,SLIBERTYDR,0,,2022-02-18 15:37:00,,,
ELLETTSVILLE PD,E221300,MONROE,RICHLAND,ELLETTSVILLE,2,0.0,1,0,0,,W TEMPERANCE,ST,,,,W TEMPERANCE,SALE,,,,Y,,,,39.23384,-86.624704,LOCAL/CITY RD,Y,N,N,URBAN,N,N,N,,DAYLIGHT,CLOUDY,DRY,,NO JUNCTION INVOLVED,STRAIGHT/LEVEL,ASPHALT,OTHER (DRIVER) - EXPLAIN IN NARRATIVE,$5001 TO $10000,SAME DIRECTION SIDESWIPE,SALESTWTEMPERANCEST,0,TRAFFIC CONTROL SIGNAL,2022-04-10 19:28:00,,,
BLOOMINGTON PD,B22-21727,MONROE,BLOOMINGTON,BLOOMINGTON,2,,0,0,0,1359,S FENBROOK LN,,,,,S FENBROOK LN,,,,,Y,,0.0,,39.15119204,-86.48708541,PRIVATE DR,,,,URBAN,N,N,N,,DAYLIGHT,CLEAR,DRY,,NO JUNCTION INVOLVED,,ASPHALT,IMPROPER TURNING,$1001 TO $2500,SAME DIRECTION SIDESWIPE,SFENBROOKLN,0,,2022-06-08 14:30:00,,,
MONROE SD,M22A3874,MONROE,RICHLAND,ELLETTSVILLE,2,,0,0,0,,W MAPLE GROVE RD,,,,,W MAPLE GROVE RD,N MATHEWS DR,,,,N,,0.0,,39.24532268,-86.62055952,,,,,RURAL,N,N,N,,DAYLIGHT,CLEAR,ICE,,FOUR-WAY INTERSECTION,,ASPHALT,DISREGARD SIGNAL/REG SIGN,$10001 TO $25000,RIGHT ANGLE,WMAPLEGROVERDNMATHEWSDR,0,,2022-02-18 09:15:00,,,
MONROE SD,M22A3148,MONROE,VAN BUREN,BLOOMINGTON,1,,0,0,0,,S CURRY PK,,,,,S CURRY PK,,,,,N,,0.0,,39.16271113,-86.5827418,COUNTY RD,,,,URBAN,N,N,N,,DARK (NOT LIGHTED),CLEAR,DRY,,NO JUNCTION INVOLVED,,ASPHALT,DRIVER DISTRACTED - EXPLAIN IN NARRATIVE,UNDER $1001,RAN OFF RD,SCURRYPK,0,,2022-02-09 10:03:00,,,
MONROE SD,M22A5951,MONROE,PERRY,BLOOMINGTON,2,,1,0,0,,S ST RD 37,,,,,S ST RD 37,S ORCHARD LN,,,,N,,1500.0,,39.11894,-86.531309,LOCAL/CITY RD,,,,URBAN,N,N,N,,DAYLIGHT,CLEAR,DRY,,NO JUNCTION INVOLVED,,ASPHALT,FOLLOWING TOO CLOSELY,$10001 TO $25000,REAR END,SORCHARDLNSOLDST RD 37,0,,2022-03-15 14:12:00,,,
MONROE SD,M22A13094,MONROE,VAN BUREN,BLOOMINGTON,2,,0,0,0,,W ST RD 45,,,,,W ST RD 45,,,,,N,,0.0,,39.14214944,-86.58002613,PRIVATE DR,,,,RURAL,N,N,N,,DAYLIGHT,CLEAR,DRY,,NO JUNCTION INVOLVED,,ASPHALT,FAILURE TO MAINTAIN LN,$1001 TO $2500,BACKING CRASH,WSTATERD45,0,,2022-06-04 19:04:00,,,
BLOOMINGTON PD,B22-19109,MONROE,PERRY,BLOOMINGTON,1,,1,0,0,,E MILLER DR,,,,,E MILLER DR,,,,,Y,,0.0,,39.14750029,-86.5305293,,,,,URBAN,N,N,N,,DAYLIGHT,CLEAR,DRY,,NO JUNCTION INVOLVED,,ASPHALT,UNSAFE BACKING,UNDER $1001,BACKING CRASH,EMILLERDR,1,,2022-05-24 13:50:00,,,True
BLOOMINGTON PD,B22-043117,MONROE,,BLOOMINGTON,2,,1,0,0,,N KINSER PK,,,,,N KINSER PK,W 17TH ST,,,,Y,,0.0,,39.178997,-86.53773,LOCAL/CITY RD,,,,URBAN,N,N,N,,DAYLIGHT,CLEAR,DRY,,NO JUNCTION INVOLVED,,ASPHALT,FOLLOWING TOO CLOSELY,$2501 TO $5000,REAR END,W17THSTNKINSERPK,0,,2022-02-08 14:58:00,,,
INDIANA UNIV BLOOMINGTON PD,221671,MONROE,BLOOMINGTON,BLOOMINGTON,1,,0,0,1,,ST RD 45,,,,,ST RD 45,E 17TH ST,,,,Y,,845.0,,39.18083704,-86.50844804,LOCAL/CITY RD,,,,URBAN,N,N,N,,DAWN/DUSK,CLOUDY,DRY,,NO JUNCTION INVOLVED,,ASPHALT,ANIMAL/OBJECT IN RDWAY,$2501 TO $5000,COLLISION WITH DEER,STATERD45E17THST,0,,2022-04-28 18:15:00,,,
BLOOMINGTON PD,B22-20089,MONROE,PERRY,BLOOMINGTON,2,,0,0,0,,S COLLEGE MALL RD,,,,,S COLLEGE MALL RD,E 2ND ST,,,,Y,,0.0,,39.1609319,-86.4977835,LOCAL/CITY RD,,,,URBAN,N,N,N,,DAYLIGHT,CLEAR,DRY,,FOUR-WAY INTERSECTION,,ASPHALT,UNSAFE LN MOVEMENT,$10001 TO $25000,SAME DIRECTION SIDESWIPE,S.COLLEGEMALLRDE 2NDST,0,,2022-05-31 14:29:00,,,
BLOOMINGTON PD,B22-02771,MONROE,PERRY,BLOOMINGTON,2,,0,0,0,,E 2ND ST,,,,,E 2ND ST,S COLLEGE MALL RD,,,,Y,,0.0,,39.16092504,-86.49773773,LOCAL/CITY RD,,,,URBAN,N,N,N,,DARK (LIGHTED),CLEAR,DRY,,FOUR-WAY INTERSECTION,,ASPHALT,DISREGARD SIGNAL/REG SIGN,$5001 TO $10000,RIGHT ANGLE,SCOLLEGEMALLRDE 2NDST,0,,2022-01-25 08:29:00,,,
ISP BLOOMINGTON 33,2.022E+11,MONROE,BLOOMINGTON,BLOOMINGTON,2,,0,0,0,,N ST RD 37,,,,,N ST RD 37,E BETHEL LN,,,,N,,0.0,,39.21541922,-86.52156419,COUNTY RD,,,,RURAL,N,N,N,,DAYLIGHT,CLEAR,DRY,,T-INTERSECTION,,ASPHALT,FAILURE TO YIELD RIGHT OF WAY,$5001 TO $10000,RIGHT ANGLE,NOLDSTATERD37EBETHELLN,0,,2022-04-27 07:00:00,,,
BLOOMINGTON PD,B22-27910,MONROE,PERRY,BLOOMINGTON,2,,0,0,0,,S WALNUT ST,,,,,S WALNUT ST,W DODDS ST,,,,Y,,0.0,,,,LOCAL/CITY RD,,,,URBAN,N,N,N,,DARK (LIGHTED),CLEAR,DRY,,INTERCHANGE,,ASPHALT,FAILURE TO YIELD RIGHT OF WAY,$5001 TO $10000,SAME DIRECTION SIDESWIPE,WDODDSSTSWALNUTST,0,,2022-07-20 23:56:00,,,
BLOOMINGTON PD,B22-28161,MONROE,,BLOOMINGTON,2,,1,0,0,,E CREEKS EDGE DR,,,,,E CREEKS EDGE DR,S SARE RD,,,,Y,,0.0,,,,LOCAL/CITY RD,,,,RURAL,N,N,N,,DAYLIGHT,CLEAR,DRY,,NO JUNCTION INVOLVED,,ASPHALT,FAILURE TO MAINTAIN LN,$2501 TO $5000,HEAD ON BETWEEN TWO MOTOR VEHICLES,SSARERDECREEKSEDGEDR,0,,2022-07-22 16:08:00,,,
BLOOMINGTON PD,B22-12096,MONROE,BLOOMINGTON,BLOOMINGTON,2,,0,0,0,,N DUNN ST,,,,,N DUNN ST,E 7TH ST,,,,Y,,0.0,,39.16850207,-86.52826256,LOCAL/CITY RD,,,,URBAN,N,N,N,,DARK (LIGHTED),CLEAR,DRY,,T-INTERSECTION,,ASPHALT,FAILURE TO YIELD RIGHT OF WAY,$10001 TO $25000,RIGHT ANGLE,NDUNNSTE7THST,0,,2022-04-07 22:30:00,,,
INDIANA UNIV BLOOMINGTON PD,220538,MONROE,BLOOMINGTON,BLOOMINGTON,3,,0,0,0,,ST RD 45,,,,,ST RD 45,N DUNN ST,,,,Y,,0.0,,39.18634938,-86.52604164,ST RD,,,,URBAN,N,N,N,,DAYLIGHT,CLOUDY,WET,,NO JUNCTION INVOLVED,,ASPHALT,FOLLOWING TOO CLOSELY,$10001 TO $25000,REAR END,STATERD45NDUNNST,0,,2022-02-11 16:35:00,,,
BLOOMINGTON PD,B22-20885,MONROE,BLOOMINGTON,BLOOMINGTON,2,,0,0,0,,N KINSER PK,,,,,N KINSER PK,ST RD 46,,,,Y,,0.0,,39.18644166,-86.53788275,ST RD,,,,URBAN,N,N,N,,DAYLIGHT,CLEAR,DRY,,FOUR-WAY INTERSECTION,,ASPHALT,FOLLOWING TOO CLOSELY,UNDER $1001,REAR END,STATERD46NKINSERPK,0,,2022-06-05 11:43:00,,,
MONROE SD,M22A9858,MONROE,WASHINGTON,BLOOMINGTON,2,,0,0,0,,I-69 S 129.5,,,,,I-69 S 129.5,,,,,N,,739.0,,39.31562198,-86.51215433,INTERSTATE,,,,RURAL,N,N,N,,DARK (NOT LIGHTED),RAIN,WET,,NO JUNCTION INVOLVED,,ASPHALT,UNSAFE LN MOVEMENT,$5001 TO $10000,SAME DIRECTION SIDESWIPE,I-69SOUTHBOUND129.5,0,,2022-04-30 21:22:00,,,
BLOOMINGTON PD,B22-06968,MONROE,PERRY,BLOOMINGTON,2,,0,0,0,,S HENDERSON ST,,,,,S HENDERSON ST,E HILLSIDE DR,,,,Y,,0.0,,39.15058968,-86.52697468,LOCAL/CITY RD,,,,URBAN,N,N,N,,DAYLIGHT,CLEAR,DRY,,FOUR-WAY INTERSECTION,,ASPHALT,FOLLOWING TOO CLOSELY,$1001 TO $2500,REAR END,SHENDERSONSTEHILLSIDEDR,0,,2022-03-02 15:21:00,,,
ELLETTSVILLE PD,E2200780,MONROE,RICHLAND,ELLETTSVILLE,2,0.0,0,0,0,4645,RICHLAND PLAZA,DR,,,,RICHLAND PLAZA,,,,,,,,,39.21757551,-86.59434237,OTHER,,N,Y,,N,N,N,,DARK (LIGHTED),CLEAR,DRY,,NO JUNCTION INVOLVED,STRAIGHT/LEVEL,ASPHALT,OVERCORRECTING/OVERSTEERING,$5001 TO $10000,SAME DIRECTION SIDESWIPE,RICHLANDPLAZADR,0,NONE,2022-03-02 19:48:00,,,
INDIANA UNIV BLOOMINGTON PD,220629,MONROE,BLOOMINGTON,BLOOMINGTON,2,,0,0,0,2620,E 10TH ST,,,,,E 10TH ST,,,,,Y,,0.0,,39.17098356,-86.50066889,OTHER,,,,URBAN,N,N,N,,DARK (LIGHTED),SLEET/HAIL/FREEZING RAIN,SNOW/SLUSH,,NO JUNCTION INVOLVED,,ASPHALT,IMPROPER TURNING,$1001 TO $2500,LEFT TURN,E 10THST,0,,2022-02-17 20:00:00,,,
INDIANA UNIV BLOOMINGTON PD,222393,MONROE,BLOOMINGTON,BLOOMINGTON,2,,0,0,0,,E 10TH ST,,,,,E 10TH ST,N UNION ST,,,,Y,,0.0,,39.17158659,-86.50938339,LOCAL/CITY RD,,,,URBAN,N,N,N,,DAYLIGHT,CLEAR,DRY,,FOUR-WAY INTERSECTION,,ASPHALT,FAILURE TO YIELD RIGHT OF WAY,UNDER $1001,REAR END,NUNIONSTE 10THST,0,,2022-07-14 11:45:00,,,
MONROE SD,M22A15734,MONROE,VAN BUREN,BLOOMINGTON,2,,0,0,0,,W ST RD 45,,,,,W ST RD 45,,,,,N,,0.0,,39.14330655,-86.57939895,PRIVATE DR,,,,RURAL,N,N,N,,DAYLIGHT,CLEAR,DRY,,T-INTERSECTION,,ASPHALT,FAILURE TO YIELD RIGHT OF WAY,$5001 TO $10000,RIGHT ANGLE,WSTATERD45,0,,2022-07-01 19:42:00,,,
BLOOMINGTON PD,B22-27137,MONROE,VAN BUREN,BLOOMINGTON,2,,3,0,0,,S LEONARD SPRINGS RD,,,,,S LEONARD SPRINGS RD,ST RD 45,,,,Y,,0.0,,39.14192388,-86.58259696,ST RD,,,,URBAN,N,N,N,,DARK (LIGHTED),CLEAR,DRY,,FOUR-WAY INTERSECTION,,ASPHALT,FAILURE TO YIELD RIGHT OF WAY,$5001 TO $10000,LEFT TURN,STATERD45SLEONARDSPRINGSRD,0,,2022-07-15 21:20:00,,,
BLOOMINGTON PD,B22-04761,MONROE,BLOOMINGTON,BLOOMINGTON,2,,0,0,0,,E 3RD ST,,,,,E 3RD ST,S WALNUT ST,,,,Y,,0.0,,39.16458696,-86.53322644,LOCAL/CITY RD,,,,URBAN,N,N,N,,DAYLIGHT,CLOUDY,WET,,NO JUNCTION INVOLVED,,ASPHALT,FAILURE TO YIELD RIGHT OF WAY,$2501 TO $5000,SAME DIRECTION SIDESWIPE,SWALNUTSTE 3RDST,0,,2022-02-11 05:06:00,,,
BLOOMINGTON PD,B22-39400,MONROE,PERRY,BLOOMINGTON,2,,0,0,0,,E SMITH AVE,,,,,E SMITH AVE,S WALNUT ST,,,,Y,,0.0,,39.16282826,-86.53358729,LOCAL/CITY RD,,,,URBAN,N,N,N,,DARK (LIGHTED),CLEAR,DRY,,NO JUNCTION INVOLVED,,ASPHALT,IMPROPER LN USAGE,$1001 TO $2500,SAME DIRECTION SIDESWIPE,SWALNUTSTESMITHAVE,0,,2022-09-27 20:35:00,,,
MONROE SD,M22A3380,MONROE,VAN BUREN,BLOOMINGTON,1,,0,0,0,,W 3RD ST,,,,,W 3RD ST,N OARD,,,,N,,400.0,,39.16460061,-86.62096547,ST RD,,,,RURAL,N,N,N,,DARK (NOT LIGHTED),SNOW,DRY,,NO JUNCTION INVOLVED,,ASPHALT,LEFT OF CENTER,$1001 TO $2500,RAN OFF RD,W 3RDSTNOARDRD,0,,2022-02-12 19:06:00,,,
BLOOMINGTON PD,B22-26589,MONROE,BLOOMINGTON,BLOOMINGTON,2,,1,0,0,,N WALNUT ST,,,,,N WALNUT ST,W KIRKWOOD AVE,,,,Y,,0.0,,,,LOCAL/CITY RD,,,,URBAN,N,N,N,,DAYLIGHT,CLEAR,DRY,,FOUR-WAY INTERSECTION,,ASPHALT,IMPROPER TURNING,UNDER $1001,NON-COLLISION,WKIRKWOODAVENWALNUTST,0,,2022-07-12 15:44:00,,,
INDIANA UNIV BLOOMINGTON PD,221654,MONROE,BLOOMINGTON,BLOOMINGTON,2,,0,0,0,,E 17TH ST,,,,,E 17TH ST,,,,,Y,,0.0,,39.17889323,-86.51575632,LOCAL/CITY RD,,,,URBAN,N,N,N,,DAYLIGHT,CLEAR,DRY,,T-INTERSECTION,,ASPHALT,FOLLOWING TOO CLOSELY,$5001 TO $10000,REAR END,E17THST,0,,2022-04-27 15:30:00,,,
INDIANA UNIV BLOOMINGTON PD,223124,MONROE,BLOOMINGTON,BLOOMINGTON,2,,0,0,0,,DISCOVERY PARKWAY,,,,,DISCOVERY PARKWAY,ST RD 45/46 BYPASS,,,,Y,,0.0,,39.17524208,-86.504255,ST RD,,,,URBAN,N,N,N,,DARK (NOT LIGHTED),CLEAR,DRY,,T-INTERSECTION,,ASPHALT,FAILURE TO YIELD RIGHT OF WAY,$5001 TO $10000,LEFT TURN,STATERD45/46BYPASSDISCOVERYPARKWAY,0,,2022-09-07 06:20:00,,,
INDIANA UNIV BLOOMINGTON PD,223310,MONROE,BLOOMINGTON,BLOOMINGTON,2,,1,0,0,,E 17TH ST,,,,,E 17TH ST,ST RD 45,,,,Y,,0.0,,39.17973478,-86.50732613,ST RD,,,,URBAN,N,N,N,,DAWN/DUSK,CLEAR,DRY,,T-INTERSECTION,,ASPHALT,FAILURE TO YIELD RIGHT OF WAY,$25001 TO $50000,LEFT TURN,STATERD45E17THST,0,,2022-09-14 18:30:00,,,