Agency,Local Code,County,Township,City,Vehicles Involved,Trailers Involved,Number Injured,Number Dead,Number Deer,House Number,Roadway Name,Roadway Suffix,Roadway Number,Roadway Interchange,Roadway Ramp,Roadway Id,Intersecting Road,Intersecting Road Number,Mile Marker,Interchange,Corporate Limits?,Property Type,Feet From,Direction,Latitude,Longitude,Roadway Class,Traffic Control Devices?,Aggressive Driving?,Hit and Run?,Locality,School Zone?,Rumble Strips?,Construction?,Construction Type,Light Condition,Weather Conditions,Surface Condition,Type of Median,Roadway Junction Type,Road Character,Roadway Surface,Primary Factor,Damage Estimate,Manner of Collision,Unique Location Id,State Property Damage?,Traffic Control,DateTime,Address Number,Cyclist Involved,Pedestrian Involved
MONROE SD,M22A21303,MONROE,PERRY,BLOOMINGTON,2,,0,0,0,,W DILLMAN RD,,,,,W DILLMAN RD,ST RD 37,,,,N,,0.0,,39.0929537,-86.54620475,,,,,RURAL,N,N,N,,DAYLIGHT,CLEAR,DRY,,FIVE POINT OR MORE,,ASPHALT,ACCELERATOR FAILURE OR DEFECTIVE,$2501 TO $5000,HEAD ON BETWEEN TWO MOTOR VEHICLES,WDILLMANRDSTATERD37,0,,2022-08-30 05:41:00,,,
MONROE SD,M22A8727,MONROE,BLOOMINGTON,BLOOMINGTON,2,,0,0,0,,W 7TH ST,,,,,W 7TH ST,N ROGERS ST,,,,N,,0.0,,39.16860466,-86.53861947,COUNTY RD,,,,URBAN,N,N,N,,DAWN/DUSK,CLEAR,DRY,,FOUR-WAY INTERSECTION,,ASPHALT,FAILURE TO YIELD RIGHT OF WAY,$5001 TO $10000,OPPOSITE DIRECTION SIDESWIPE,W7THSTNROGERSST,0,,2022-04-18 08:37:00,,,
BLOOMINGTON PD,B22-27982,MONROE,BLOOMINGTON,BLOOMINGTON,2,,0,0,0,,ST RD 45/46,,,,,ST RD 45/46,E DISCOVERY PKWY,,,,Y,,0.0,,39.17524901,-86.50422281,ST RD,,,,URBAN,N,N,N,,DAYLIGHT,CLEAR,DRY,,T-INTERSECTION,,ASPHALT,FOLLOWING TOO CLOSELY,$5001 TO $10000,REAR END,STATERD45/46EDISCOVERYPKWY,0,,2022-07-21 13:50:00,,,
INDIANA UNIV BLOOMINGTON PD,221208,MONROE,BLOOMINGTON,BLOOMINGTON,1,,0,0,0,,E 10TH ST,,,,,E 10TH ST,ACCESS DR TO HILLTOP GARDEN,,,,Y,,898.0,,39.17156787,-86.5067803,LOCAL/CITY RD,,,,URBAN,N,N,N,,DARK (NOT LIGHTED),CLEAR,WET,,NO JUNCTION INVOLVED,,ASPHALT,SPEED TOO FAST FOR WEATHER CONDITIONS,$25001 TO $50000,RAN OFF RD,E 10THSTACCESSDRTOHILLTOPGARDENS,0,,2022-04-01 00:40:00,,,
BLOOMINGTON PD,B22-07056,MONROE,BLOOMINGTON,BLOOMINGTON,2,,0,0,0,,W BLOOMFIELD RD,,,,,W BLOOMFIELD RD,S STONE DR,,,,Y,,0.0,,39.150879,-86.567966,LOCAL/CITY RD,,,,URBAN,N,N,N,,DAYLIGHT,CLEAR,DRY,,NO JUNCTION INVOLVED,,ASPHALT,IMPROPER PASSING,$2501 TO $5000,SAME DIRECTION SIDESWIPE,WBLOOMFIELDRDSSTONEDR,0,,2022-03-03 07:52:00,,,
BLOOMINGTON PD,B22-28380,MONROE,BLOOMINGTON,BLOOMINGTON,2,,0,0,0,,E ATWATER AVE,,,,,E ATWATER AVE,S SWAIN AVE,,,,Y,,0.0,,39.16306467,-86.51528156,LOCAL/CITY RD,,,,URBAN,N,N,N,,DAYLIGHT,CLOUDY,DRY,,FOUR-WAY INTERSECTION,,ASPHALT,UNSAFE LN MOVEMENT,$10001 TO $25000,SAME DIRECTION SIDESWIPE,SSWAINAVEEATWATERAVE,0,,2022-07-24 15:10:00,,,
INDIANA UNIV BLOOMINGTON PD,221068,MONROE,BLOOMINGTON,BLOOMINGTON,2,,0,0,0,509,E 4TH ST,,,,,E 4TH ST,,,,,Y,,0.0,,39.16568338,-86.52764616,PRIVATE DR,,,,URBAN,N,N,N,,DAYLIGHT,CLEAR,DRY,,NO JUNCTION INVOLVED,,ASPHALT,IMPROPER TURNING,$1001 TO $2500,RIGHT TURN,E4THST,0,,2022-03-21 16:45:00,,,
MONROE SD,M22A12745,MONROE,PERRY,BLOOMINGTON,2,,1,0,0,,S SARE RD,,,,,S SARE RD,E RHORER RD,,,,N,,0.0,,39.12149343,-86.51162759,LOCAL/CITY RD,,,,RURAL,Y,N,N,,DAYLIGHT,CLEAR,DRY,,NO JUNCTION INVOLVED,,ASPHALT,DRIVER DISTRACTED - EXPLAIN IN NARRATIVE,$5001 TO $10000,REAR END,SSARERDERHORERRD,0,,2022-06-01 12:41:00,,,
BLOOMINGTON PD,B22-21065,MONROE,BLOOMINGTON,BLOOMINGTON,2,,0,0,0,,315 S COLLEGE MALL RD,,,,,S COLLEGE MALL RD,,,,,Y,,0.0,,39.16322342,-86.49776227,PRIVATE DR,,,,URBAN,N,N,N,,DAYLIGHT,CLOUDY,DRY,,NO JUNCTION INVOLVED,,ASPHALT,UNSAFE BACKING,UNDER $1001,BACKING CRASH,315SCOLLEGEMALLRD,0,,2022-06-06 16:18:00,315.0,,
BLOOMINGTON PD,B22-16002,MONROE,BLOOMINGTON,BLOOMINGTON,3,,0,0,0,,N KINSER PK,,,,,N KINSER PK,ST RD 46,,,,Y,,0.0,,39.18644698,-86.53768104,ST RD,,,,URBAN,N,N,N,,DAYLIGHT,CLOUDY,DRY,,FOUR-WAY INTERSECTION,,CONCRETE,FAILURE TO YIELD RIGHT OF WAY,$10001 TO $25000,RIGHT ANGLE,ST RD 46NKINSERPK,0,,2022-05-03 10:40:00,,,
MONROE SD,M22A9496,MONROE,SALT CREEK,BLOOMINGTON,3,,7,0,0,,ST RD 46,,,,,ST RD 46,E WOODVIEW DR,,,,N,,0.0,,39.15153578,-86.38610387,ST RD,,,,RURAL,N,N,N,,DAYLIGHT,CLEAR,DRY,,NO JUNCTION INVOLVED,,ASPHALT,LEFT OF CENTER,$10001 TO $25000,OPPOSITE DIRECTION SIDESWIPE,STATERD46EWOODVIEWDR,0,,2022-04-26 14:11:00,,,
BLOOMINGTON PD,B22-32409,MONROE,PERRY,BLOOMINGTON,2,,0,0,0,,E 4TH ST,,,,,E 4TH ST,S MADISON ST,,,,Y,,200.0,,39.165613,-86.537419,LOCAL/CITY RD,,,,URBAN,N,N,N,,UNKNOWN,CLEAR,DRY,,NO JUNCTION INVOLVED,,ASPHALT,OVERCORRECTING/OVERSTEERING,$1001 TO $2500,SAME DIRECTION SIDESWIPE,S.MADISONSTE4THST,0,,2022-08-19 07:48:00,,,
BLOOMINGTON PD,B22-40539,MONROE,PERRY,BLOOMINGTON,1,,0,0,0,,S COLLEGE AVE,,,,,S COLLEGE AVE,W 2ND ST,,,,Y,,0.0,,39.16145423,-86.53500746,LOCAL/CITY RD,,,,URBAN,N,N,N,,DARK (NOT LIGHTED),CLEAR,DRY,,FOUR-WAY INTERSECTION,,ASPHALT,OTHER (DRIVER) - EXPLAIN IN NARRATIVE,$2501 TO $5000,RAN OFF RD,W 2NDSTSCOLLEGEAVE,0,,2022-10-03 19:55:00,,,
INDIANA UNIV BLOOMINGTON PD,220626,MONROE,BLOOMINGTON,BLOOMINGTON,1,,1,0,0,,E 7TH ST,,,,,E 7TH ST,STADIUM DR,,,,Y,,0.0,,39.16885212,-86.51708133,LOCAL/CITY RD,,,,URBAN,N,N,N,,DAYLIGHT,RAIN,WET,,T-INTERSECTION,,ASPHALT,FAILURE TO YIELD RIGHT OF WAY,UNDER $1001,LEFT TURN,STADIUMDRE7THST,1,,2022-02-17 15:08:00,,,True
BLOOMINGTON PD,B22-25149,MONROE,BLOOMINGTON,BLOOMINGTON,1,,0,0,0,,E 9TH ST,,,,,E 9TH ST,N PROW AVE,,,,Y,,0.0,,39.17044845,-86.52882046,LOCAL/CITY RD,,,,URBAN,N,N,N,,DARK (NOT LIGHTED),CLOUDY,DRY,,NO JUNCTION INVOLVED,,ASPHALT,OTHER (DRIVER) - EXPLAIN IN NARRATIVE,$1001 TO $2500,SAME DIRECTION SIDESWIPE,NPROWAVEE9THST,0,,2022-07-03 09:20:00,,,
BLOOMINGTON PD,B22-15381,MONROE,PERRY,BLOOMINGTON,2,,0,0,0,3900,E 3RD ST,,,,,E 3RD ST,,,,,Y,,0.0,,39.16423523,-86.47952803,PRIVATE DR,,,,URBAN,N,N,N,,DARK (LIGHTED),CLOUDY,DRY,,NO JUNCTION INVOLVED,,ASPHALT,UNSAFE BACKING,UNDER $1001,BACKING CRASH,E 3RDST,0,,2022-04-28 21:10:00,,,
MONROE SD,M22A21605,MONROE,BLOOMINGTON,BLOOMINGTON,1,,1,0,0,,E ROBINSON RD,,,,,E ROBINSON RD,N MILLER RD,,,,N,,3700.0,,39.24751226,-86.48133337,LOCAL/CITY RD,,,,RURAL,N,N,N,,DAYLIGHT,CLEAR,DRY,,NO JUNCTION INVOLVED,,ASPHALT,DRIVER ASLEEP OR FATIGUED,$5001 TO $10000,RAN OFF RD,NMILLERRDEROBINSONRD,0,,2022-09-02 15:14:00,,,
BLOOMINGTON PD,B22-32496,MONROE,BLOOMINGTON,BLOOMINGTON,2,,0,0,0,528,N WASHINGTON ST,,,,,N WASHINGTON ST,,,,,Y,,0.0,,39.17149208,-86.53229911,PRIVATE DR,,,,URBAN,N,N,N,,DAYLIGHT,CLEAR,DRY,,NO JUNCTION INVOLVED,,ASPHALT,FAILURE TO YIELD RIGHT OF WAY,$1001 TO $2500,BACKING CRASH,NWASHINGTONST,0,,2022-08-19 14:00:00,,,
MONROE SD,M22A29674,MONROE,WASHINGTON,BLOOMINGTON,1,,0,0,0,,I-69,,,,,I-69,,,129.0,,N,,0.0,,39.31082761,-86.51344919,INTERSTATE,,,,RURAL,N,N,N,,DARK (NOT LIGHTED),CLEAR,DRY,,NO JUNCTION INVOLVED,,ASPHALT,UNSAFE SPEED,$25001 TO $50000,RAN OFF RD,I-69129,0,,2022-12-04 03:00:00,,,
BLOOMINGTON PD,B22-52305,MONROE,PERRY,BLOOMINGTON,2,,0,0,0,,W SUNSTONE DR,,,,,W SUNSTONE DR,S DELILA STAR DR,,,,Y,,0.0,,39.13920271,-86.55717371,LOCAL/CITY RD,,,,URBAN,N,N,N,,DARK (NOT LIGHTED),CLOUDY,DRY,,FOUR-WAY INTERSECTION,,ASPHALT,UNSAFE BACKING,$2501 TO $5000,BACKING CRASH,WSUNSTONEDRSDELILASTARDR,0,,2022-12-16 19:34:00,,,
BLOOMINGTON PD,B22-47556,MONROE,PERRY,BLOOMINGTON,1,,0,0,0,,S OLIVE ST,,,,,S OLIVE ST,E HILLSIDE DR,,,,Y,,0.0,,39.15018904,-86.51880688,LOCAL/CITY RD,,,,URBAN,N,N,N,,DAYLIGHT,CLOUDY,DRY,,T-INTERSECTION,,ASPHALT,IMPROPER TURNING,$1001 TO $2500,LEFT TURN,SOLIVESTEHILLSIDEDR,0,,2022-11-14 03:40:00,,,
BLOOMINGTON PD,B22-44867,MONROE,BLOOMINGTON,BLOOMINGTON,2,,0,0,0,,E 3RD ST,,,,,E 3RD ST,S ROOSEVELT ST,,,,Y,,0.0,,39.16430596,-86.50614171,LOCAL/CITY RD,,,,URBAN,N,N,N,,DAWN/DUSK,CLEAR,DRY,,NO JUNCTION INVOLVED,,ASPHALT,FOLLOWING TOO CLOSELY,$2501 TO $5000,REAR END,SROOSEVELTSTE 3RDST,0,,2022-10-27 18:30:00,,,
BLOOMINGTON PD,B22-47309,MONROE,BLOOMINGTON,BLOOMINGTON,2,,0,0,0,,N WASHINGTON ST,,,,,N WASHINGTON ST,E 17TH ST,,,,Y,,158.0,,39.17869002,-86.53224522,LOCAL/CITY RD,,,,URBAN,N,N,N,,DARK (NOT LIGHTED),CLEAR,DRY,,NO JUNCTION INVOLVED,,ASPHALT,UNSAFE BACKING,$1001 TO $2500,BACKING CRASH,NWASHINGTONSTE17THST,0,,2022-11-11 22:30:00,,,
BLOOMINGTON PD,B22-49409,MONROE,BLOOMINGTON,BLOOMINGTON,3,,0,0,0,,W 17TH ST,,,,,W 17TH ST,N KINSER PK,,,,Y,,317.0,,39.17901798,-86.53839979,LOCAL/CITY RD,,,,URBAN,N,N,N,,DAWN/DUSK,CLOUDY,WET,,NO JUNCTION INVOLVED,,ASPHALT,FOLLOWING TOO CLOSELY,$5001 TO $10000,REAR END,W17THSTNKINSERPK,0,,2022-11-28 16:22:00,,,
BLOOMINGTON PD,B23-04320,MONROE,BLOOMINGTON,BLOOMINGTON,2,,0,0,0,1825,N KINSER PK; KROGER,,,,,N KINSER PK,,,,,Y,,0.0,,39.18770338,-86.53962328,PRIVATE DR,,,,URBAN,N,N,N,,DAYLIGHT,CLEAR,DRY,,NO JUNCTION INVOLVED,,ASPHALT,FAILURE TO YIELD RIGHT OF WAY,$1001 TO $2500,OTHER - EXPLAIN IN NARRATIVE,NKINSERPK;KROGER,0,,2022-12-30 10:00:00,,,
BLOOMINGTON PD,B22-49656,MONROE,PERRY,BLOOMINGTON,2,,0,0,0,,S ROGERS ST,,,,,S ROGERS ST,W 2ND ST,,,,Y,,0.0,,39.16138482,-86.53868484,LOCAL/CITY RD,,,,URBAN,N,N,N,,DAYLIGHT,CLEAR,DRY,,FOUR-WAY INTERSECTION,,ASPHALT,FOLLOWING TOO CLOSELY,$2501 TO $5000,REAR END,W 2NDSTSROGERSST,0,,2022-11-30 08:53:00,,,
BLOOMINGTON PD,B22-53026,MONROE,PERRY,BLOOMINGTON,2,,0,0,0,,E MOORES PK,,,,,E MOORES PK,S HIGH ST,,,,Y,,0.0,,39.1504403,-86.50837719,LOCAL/CITY RD,,,,URBAN,N,N,N,,DAWN/DUSK,CLEAR,DRY,,FOUR-WAY INTERSECTION,,ASPHALT,FOLLOWING TOO CLOSELY,$2501 TO $5000,REAR END,SHIGHSTEMOORESPK,0,,2022-12-21 17:18:00,,,
MONROE SD,M22A29860,MONROE,BEAN BLOSSOM,BLOOMINGTON,2,,0,0,0,,W ST RD 46,,,,,W ST RD 46,N COUNTY LINE RD,,,,N,,0.0,,39.28147813,-86.68475543,LOCAL/CITY RD,,,,RURAL,N,N,N,,DAWN/DUSK,FOG/SMOKE/SMOG,WET,,T-INTERSECTION,,ASPHALT,RDWAY SURFACE CONDITION,$5001 TO $10000,REAR END,WSTATERD46NCOUNTYLINERD,0,,2022-12-06 07:46:00,,,
MONROE SD,M22A31168,MONROE,CLEAR CREEK,BLOOMINGTON,1,,1,0,0,,S SOCIETY LN,,,,,S SOCIETY LN,E SMITHVILLE RD,,,,N,,0.0,,39.07096638,-86.51788362,COUNTY RD,,,,RURAL,N,N,N,,DAYLIGHT,SNOW,ICE,,NO JUNCTION INVOLVED,,ASPHALT,SPEED TOO FAST FOR WEATHER CONDITIONS,$5001 TO $10000,RAN OFF RD,SSOCIETYLNESMITHVILLERD,0,,2022-12-24 08:32:00,,,
BLOOMINGTON PD,B22-46430,MONROE,,BLOOMINGTON,2,,0,0,0,,3160 S WALNUT ST,,,,,S WALNUT ST,,,,,Y,,0.0,,0.0,0.0,PRIVATE DR,,,,URBAN,N,N,N,,DARK (LIGHTED),CLEAR,DRY,,NO JUNCTION INVOLVED,,ASPHALT,UNSAFE BACKING,$1001 TO $2500,BACKING CRASH,3160SWALNUTST,0,,2022-11-05 22:05:00,3160.0,,
BLOOMINGTON PD,B22-51005,MONROE,BLOOMINGTON,BLOOMINGTON,2,,0,0,0,,N INDIANA AVE,,,,,N INDIANA AVE,E 14TH ST,,,,Y,,0.0,,39.17612115,-86.52702711,LOCAL/CITY RD,,,,URBAN,N,N,N,,DAYLIGHT,RAIN,WET,,T-INTERSECTION,,ASPHALT,FAILURE TO YIELD RIGHT OF WAY,$25001 TO $50000,RIGHT ANGLE,NINDIANAAVEE14THST,0,,2022-12-08 16:27:00,,,
BLOOMINGTON PD,B22-50035,MONROE,BLOOMINGTON,BLOOMINGTON,2,,0,0,0,1330,N ARLINGTON PK DR,,,,,N ARLINGTON PK DR,,,,,Y,,0.0,,39.18010603,-86.55253526,PRIVATE DR,,,,URBAN,N,N,N,,DAYLIGHT,CLOUDY,DRY,,NO JUNCTION INVOLVED,,ASPHALT,UNSAFE BACKING,$5001 TO $10000,BACKING CRASH,NARLINGTONPKDR,0,,2022-12-02 11:44:00,,,
INDIANA UNIV BLOOMINGTON PD,224947,MONROE,BLOOMINGTON,BLOOMINGTON,2,,0,0,0,,E 3RD ST,,,,,E 3RD ST,S EAGLESON AVE,,,,Y,,0.0,,39.16426927,-86.5164852,LOCAL/CITY RD,,,,RURAL,N,N,N,,DAYLIGHT,CLOUDY,DRY,,NO JUNCTION INVOLVED,,ASPHALT,IMPROPER PASSING,$1001 TO $2500,SAME DIRECTION SIDESWIPE,SEAGLESON AVEAVEE 3RDST,0,,2022-12-16 12:03:00,,,
BLOOMINGTON PD,B22-43867,MONROE,VAN BUREN,BLOOMINGTON,2,,0,0,0,,W ST RD 45,,,,,W ST RD 45,INDUSTRIAL BLVD,,,,Y,,0.0,,39.14359311,-86.58034249,ST RD,,,,URBAN,N,N,N,,DAYLIGHT,CLEAR,DRY,,FOUR-WAY INTERSECTION,,ASPHALT,FAILURE TO YIELD RIGHT OF WAY,$5001 TO $10000,LEFT TURN,WSTATERD45INDUSTRIALBLVD,0,,2022-10-22 09:39:00,,,
BLOOMINGTON PD,B22-48499,MONROE,PERRY,BLOOMINGTON,2,,0,0,0,,E 3RD ST,,,,,E 3RD ST,S COLLEGE MALL RD,,,,Y,,0.0,,39.1641839,-86.4982356,LOCAL/CITY RD,,,,URBAN,N,N,N,,DAYLIGHT,CLEAR,DRY,,FOUR-WAY INTERSECTION,,ASPHALT,FAILURE TO YIELD RIGHT OF WAY,$1001 TO $2500,SAME DIRECTION SIDESWIPE,S.COLLEGEMALLRDE 3RDST,0,,2022-11-21 13:43:00,,,
ELLETTSVILLE PD,E22-05167,MONROE,RICHLAND,ELLETTSVILLE,2,,0,0,0,,N UNION VALLEY RD,,,,,N UNION VALLEY RD,N UNION VALLEY RD,,,,Y,,0.0,,39.21550961,-86.5927003,LOCAL/CITY RD,,,,URBAN,N,N,N,,DARK (NOT LIGHTED),RAIN,WET,,NO JUNCTION INVOLVED,,CONCRETE,IMPROPER TURNING,$2501 TO $5000,LEFT TURN,NUNIONVALLEYRDNUNIONVALLEYRD,0,,2022-12-08 20:20:00,,,
INDIANA UNIV BLOOMINGTON PD,224195,MONROE,BLOOMINGTON,BLOOMINGTON,2,,2,0,0,,N FEE LN,,,,,N FEE LN,,,600.0,,Y,,600.0,,39.18162107,-86.51915736,LOCAL/CITY RD,,,,URBAN,N,N,N,,DAYLIGHT,CLEAR,DRY,,NO JUNCTION INVOLVED,,ASPHALT,FOLLOWING TOO CLOSELY,$5001 TO $10000,REAR END,NFEELN,0,,2022-10-29 13:35:00,,,
ISP BLOOMINGTON 33,2.02201E+11,MONROE,WASHINGTON,BLOOMINGTON,1,,1,0,0,,,,37,,,37,,,106.0,,N,,0.0,,39.25390019,-86.52765889,INTERSTATE,,,,RURAL,N,N,N,,DAWN/DUSK,CLEAR,WET,,NO JUNCTION INVOLVED,,CONCRETE,FAILURE TO MAINTAIN LN,OVER $100000,RAN OFF RD,37106,0,,2022-11-27 17:01:00,,,
BLOOMINGTON PD,B22-42141,MONROE,BLOOMINGTON,BLOOMINGTON,1,,1,0,0,,N WALNUT ST,,,,,N WALNUT ST,E 6TH ST,,,,Y,,317.0,,39.16804764,-86.53360481,LOCAL/CITY RD,,,,URBAN,N,N,N,,DARK (LIGHTED),CLEAR,DRY,,NO JUNCTION INVOLVED,,ASPHALT,UNSAFE BACKING,UNDER $1001,BACKING CRASH,NWALNUTSTE6THST,1,,2022-09-30 09:00:00,,,True
INDIANA UNIV BLOOMINGTON PD,224190,MONROE,BLOOMINGTON,BLOOMINGTON,1,,0,0,0,,ST RD 45,,,,,ST RD 45,E 17TH ST,,,,Y,,0.0,,39.17935897,-86.5068943,ST RD,,,,URBAN,N,N,N,,DARK (LIGHTED),CLEAR,DRY,,T-INTERSECTION,,ASPHALT,FAILURE TO YIELD RIGHT OF WAY,$2501 TO $5000,RAN OFF RD,STATERD45E17THST,0,,2022-10-29 06:39:00,,,
BLOOMINGTON PD,B22-44948,MONROE,PERRY,BLOOMINGTON,2,,0,0,0,,E 1ST,,,,,E 1ST,S HAWTHORNE DR,,,,Y,,200.0,,39.15930714,-86.52074647,LOCAL/CITY RD,,,,URBAN,N,N,N,,DAYLIGHT,CLEAR,DRY,,NO JUNCTION INVOLVED,,ASPHALT,FAILURE TO YIELD RIGHT OF WAY,$2501 TO $5000,LEFT TURN,SHAWTHORNEDRE1STST,0,,2022-10-28 08:56:00,,,
ELLETTSVILLE PD,E22-04749,MONROE,RICHLAND,ELLETTSVILLE,2,,0,0,0,,W RATLIFF RD,,,,,W RATLIFF RD,S DEER RUN,,,,Y,,0.0,,39.2107938,-86.61944515,COUNTY RD,,,,URBAN,N,N,N,,DAWN/DUSK,RAIN,WET,,T-INTERSECTION,,ASPHALT,DRIVER DISTRACTED - EXPLAIN IN NARRATIVE,$5001 TO $10000,RIGHT TURN,WRATLIFFRDSDEERRUN,0,,2022-11-15 17:15:00,,,
BLOOMINGTON PD,B22-45698,MONROE,BLOOMINGTON,BLOOMINGTON,2,,0,0,0,,N COLLEGE AVE,,,,,N COLLEGE AVE,W 8TH ST,,,,Y,,53.0,,39.1696139,-86.53478927,LOCAL/CITY RD,,,,URBAN,N,N,N,,DAYLIGHT,CLEAR,DRY,,FOUR-WAY INTERSECTION,,ASPHALT,IMPROPER TURNING,$5001 TO $10000,SAME DIRECTION SIDESWIPE,W8THSTNCOLLEGEAVE,0,,2022-11-01 15:39:00,,,
ISP BLOOMINGTON 33,2.02201E+11,MONROE,BLOOMINGTON,BLOOMINGTON,1,,0,0,1,,N WALNUT ST,,,,,N WALNUT ST,E WHISNAND RD,,,,N,,0.0,,39.22370954,-86.53953785,COUNTY RD,,,,RURAL,N,N,N,,DARK (NOT LIGHTED),SNOW,DRY,,NO JUNCTION INVOLVED,,CONCRETE,ANIMAL/OBJECT IN RDWAY,$1001 TO $2500,COLLISION WITH ANIMAL OTHER,NWALNUTSTEWHISNANDRD,0,,2022-12-17 23:50:00,,,
ELLETTSVILLE PD,E22-05456,MONROE,RICHLAND,ELLETTSVILLE,2,,0,0,0,4681,W RICHLAND PLAZA DR,,,,,W RICHLAND PLAZA DR,,,,,Y,,0.0,,39.217139,-86.59525,PRIVATE DR,,,,URBAN,N,N,N,,DAYLIGHT,CLEAR,DRY,,NO JUNCTION INVOLVED,,ASPHALT,UNSAFE BACKING,$2501 TO $5000,BACKING CRASH,WRICHLANDPLAZADR,0,,2022-12-28 16:05:00,,,
MONROE SD,M22A30527,MONROE,VAN BUREN,BLOOMINGTON,2,,0,0,0,,S ROCKPORT RD,,,,,S ROCKPORT RD,W STANSIFER LN,,,,N,,0.0,,39.10779234,-86.57564014,,,,,RURAL,N,N,N,,DAYLIGHT,RAIN,WET,,NO JUNCTION INVOLVED,,ASPHALT,FOLLOWING TOO CLOSELY,$2501 TO $5000,REAR END,WSTANSIFERLNSROCKPORTRD,0,,2022-12-14 01:44:00,,,
MONROE SD,M22A27232,MONROE,VAN BUREN,BLOOMINGTON,2,,0,0,0,,JEFFREY RD,,,,,JEFFREY RD,JUDD AVE,,,,N,,0.0,,39.123621,-86.574061,LOCAL/CITY RD,,,,URBAN,N,N,N,,DAWN/DUSK,CLOUDY,DRY,,NO JUNCTION INVOLVED,,ASPHALT,UNSAFE BACKING,$2501 TO $5000,BACKING CRASH,JUDDAVEJEFFREYRD,0,,2022-11-05 19:20:00,,,
ELLETTSVILLE PD,E2204598,MONROE,RICHLAND,ELLETTSVILLE,2,0.0,0,0,0,,,,ST RD 46 W,,,ST RD 46 W,SALE,,,,Y,,,,39.23384,-86.624704,ST RD,Y,N,N,URBAN,N,N,N,,DAYLIGHT,CLEAR,DRY,,NO JUNCTION INVOLVED,STRAIGHT/LEVEL,ASPHALT,FAILURE TO YIELD RIGHT OF WAY,$1001 TO $2500,SAME DIRECTION SIDESWIPE,SALESTST RD 46 W,0,TRAFFIC CONTROL SIGNAL,2022-11-06 12:27:00,,,
ISP BLOOMINGTON 33,2.02201E+11,MONROE,BLOOMINGTON,BLOOMINGTON,2,,0,0,0,,W TAPP RD,,,,,W TAPP RD,HICKORY HEIGHTS TRLR PARK,,,,N,,264.0,,39.13704702,-86.5739955,LOCAL/CITY RD,,,,URBAN,N,N,N,,DARK (LIGHTED),CLEAR,DRY,,TRAFFIC CIRCLE/ROUNDABOUT,,ASPHALT,FAILURE TO YIELD RIGHT OF WAY,$5001 TO $10000,RIGHT ANGLE,WTAPPRDHICKORYHEIGHTSTRLRPARK,0,,2022-12-21 07:45:00,,,
BLOOMINGTON PD,B22-48432,MONROE,RICHLAND,BLOOMINGTON,2,,3,0,0,,W 3RD ST,,,100,C,W 3RD ST,,,,,Y,,0.0,,39.16466316,-86.57401903,LOCAL/CITY RD,,,,URBAN,N,N,N,,DAYLIGHT,CLEAR,DRY,,FOUR-WAY INTERSECTION,,ASPHALT,DISREGARD SIGNAL/REG SIGN,$10001 TO $25000,RIGHT ANGLE,W 3RDST100C,0,,2022-11-21 08:25:00,,,
MONROE SD,M22A25812,MONROE,PERRY,BLOOMINGTON,1,,1,0,1,,I-69 S,,,,,I-69 S,,,69.0,,N,,0.0,,39.08306355,-86.57691459,INTERSTATE,,,,RURAL,N,Y,N,,DARK (NOT LIGHTED),CLEAR,DRY,,NO JUNCTION INVOLVED,,CONCRETE,ANIMAL/OBJECT IN RDWAY,$10001 TO $25000,COLLISION WITH DEER,SINTERSTATE69,0,,2022-10-20 23:08:00,,,
INDIANA UNIV BLOOMINGTON PD,224790,MONROE,BLOOMINGTON,BLOOMINGTON,2,,0,0,0,,E 7TH ST,,,,,E 7TH ST,E 7TH ST,,,,Y,,0.0,,39.1686946,-86.52234986,LOCAL/CITY RD,,,,RURAL,N,N,N,,DAYLIGHT,CLOUDY,DRY,,NO JUNCTION INVOLVED,,ASPHALT,IMPROPER TURNING,$1001 TO $2500,LEFT TURN,E7THSTE7THST,0,,2022-12-07 14:00:00,,,
INDIANA UNIV BLOOMINGTON PD,224068,MONROE,BLOOMINGTON,BLOOMINGTON,2,,0,0,0,,ST RD 45,,,,,ST RD 45,WALKWAY,,,,Y,,0.0,,39.17559088,-86.50446857,ST RD,,,,URBAN,N,N,N,,DAYLIGHT,CLEAR,DRY,,T-INTERSECTION,,ASPHALT,FOLLOWING TOO CLOSELY,$1001 TO $2500,SAME DIRECTION SIDESWIPE,WALKWAYSTATERD45,0,,2022-10-22 12:43:00,,,
MONROE SD,M22A26514,MONROE,PERRY,BLOOMINGTON,1,,0,0,1,,S ST RD 37,,,,,S ST RD 37,S ROGERS ST,,,,N,,0.0,,39.09930123,-86.53790028,COUNTY RD,,,,RURAL,N,N,N,,DARK (NOT LIGHTED),CLEAR,DRY,,NO JUNCTION INVOLVED,,ASPHALT,ANIMAL/OBJECT IN RDWAY,$5001 TO $10000,COLLISION WITH DEER,SROGERSSTSOLDSTATERD37,0,,2022-10-28 07:49:00,,,