Agency,Local Code,County,Township,City,Vehicles Involved,Trailers Involved,Number Injured,Number Dead,Number Deer,House Number,Roadway Name,Roadway Suffix,Roadway Number,Roadway Interchange,Roadway Ramp,Roadway Id,Intersecting Road,Intersecting Road Number,Mile Marker,Interchange,Corporate Limits?,Property Type,Feet From,Direction,Latitude,Longitude,Roadway Class,Traffic Control Devices?,Aggressive Driving?,Hit and Run?,Locality,School Zone?,Rumble Strips?,Construction?,Construction Type,Light Condition,Weather Conditions,Surface Condition,Type of Median,Roadway Junction Type,Road Character,Roadway Surface,Primary Factor,Damage Estimate,Manner of Collision,Unique Location Id,State Property Damage?,Traffic Control,DateTime,Address Number,Cyclist Involved,Pedestrian Involved
BLOOMINGTON PD,B22-50090,MONROE,BLOOMINGTON,BLOOMINGTON,2,,0,0,0,,E 7TH ST,,,,,E 7TH ST,N DUNN ST,,,,Y,,0.0,,39.16851019,-86.52841762,LOCAL/CITY RD,,,,URBAN,N,N,N,,DAYLIGHT,CLOUDY,WET,,FOUR-WAY INTERSECTION,,ASPHALT,FAILURE TO YIELD RIGHT OF WAY,$2501 TO $5000,RIGHT ANGLE,NDUNNSTE7THST,0,,2022-12-02 17:02:00,,,
MONROE SD,M22A25562,MONROE,VAN BUREN,,2,,1,0,0,,S BUNGER RD,,,,,S BUNGER RD,W ST RD 45,,,,N,,0.0,,39.13394504,-86.60554819,,,,,RURAL,N,N,Y,INTERMITTENT OR MOVING WORK,DAWN/DUSK,CLEAR,DRY,,NO JUNCTION INVOLVED,,ASPHALT,DRIVER ASLEEP OR FATIGUED,$5001 TO $10000,REAR END,WSTATERD45SBUNGERRD,0,,2022-10-18 08:16:00,,,
BLOOMINGTON PD,B22-45881,MONROE,BLOOMINGTON,BLOOMINGTON,2,,0,0,0,,W 17TH ST,,,,,W 17TH ST,N KINSER PK,,,,Y,,0.0,,39.17903999,-86.53778516,LOCAL/CITY RD,,,,URBAN,N,N,N,,DAYLIGHT,CLEAR,DRY,,FOUR-WAY INTERSECTION,,ASPHALT,FAILURE TO YIELD RIGHT OF WAY,$5001 TO $10000,RIGHT ANGLE,W17THSTNKINSERPK,0,,2022-11-02 16:24:00,,,
BLOOMINGTON PD,B22-51696,MONROE,VAN BUREN,BLOOMINGTON,2,,0,0,0,,3700 W 3RD ST,,,,,W 3RD ST,S LIBERTY DR,,,,Y,,1000.0,,0.0,0.0,LOCAL/CITY RD,,,,URBAN,N,N,N,,DAYLIGHT,CLOUDY,DRY,,NO JUNCTION INVOLVED,,ASPHALT,UNDER STEERING/UNDER CORRECTING,$2501 TO $5000,RIGHT TURN,S.LIBERTYDR3700BLKW.3RDST,0,,2022-12-13 11:28:00,3700.0,,
BLOOMINGTON PD,B22-45458,MONROE,BLOOMINGTON,BLOOMINGTON,2,,0,0,0,,N ROGERS ST,,,,,N ROGERS ST,W 10TH ST,,,,Y,,0.0,,39.171408,-86.538624,LOCAL/CITY RD,,,,URBAN,N,N,N,,DAYLIGHT,RAIN,WET,,T-INTERSECTION,,ASPHALT,FAILURE TO YIELD RIGHT OF WAY,$1001 TO $2500,RIGHT ANGLE,W.10THSTN.ROGERSST,0,,2022-10-31 10:32:00,,,
INDIANA UNIV BLOOMINGTON PD,224547,MONROE,BLOOMINGTON,BLOOMINGTON,2,,0,0,0,150,N EAGLESON AVE,,,,,N EAGLESON AVE,,,,,Y,,0.0,,39.16740169,-86.5149573,PRIVATE DR,,,,URBAN,N,N,N,,DAYLIGHT,CLEAR,DRY,,NO JUNCTION INVOLVED,,ASPHALT,UNSAFE BACKING,$1001 TO $2500,BACKING CRASH,NEAGLESONAVE,0,,2022-11-10 10:30:00,,,
BLOOMINGTON PD,B22-50648,MONROE,VAN BUREN,BLOOMINGTON,2,,0,0,0,,W 3RD ST,,,,,W 3RD ST,AT HOME PRIVATE DR,,,,Y,,53.0,,39.16452073,-86.57503458,LOCAL/CITY RD,,,,URBAN,N,N,N,,DAYLIGHT,CLOUDY,DRY,,NO JUNCTION INVOLVED,,ASPHALT,OTHER (VEHICLE) - EXPLAIN IN NARRATIVE,$10001 TO $25000,SAME DIRECTION SIDESWIPE,W 3RDSTATHOMEPRIVATEDR,0,,2022-12-06 15:00:00,,,
BLOOMINGTON PD,B22-50782,MONROE,BLOOMINGTON,BLOOMINGTON,2,,0,0,0,,1000 N WALNUT ST,,,,,N WALNUT ST,,,,,Y,,0.0,,0.0,0.0,PRIVATE DR,,,,URBAN,N,N,N,,DAYLIGHT,CLOUDY,WET,,INTERCHANGE,,ASPHALT,UNSAFE BACKING,$1001 TO $2500,BACKING CRASH,1000N.WALNUTST,0,,2022-12-07 12:03:00,1000.0,,
INDIANA UNIV BLOOMINGTON PD,224687,MONROE,BLOOMINGTON,BLOOMINGTON,2,,0,0,0,1000,N FEE LN,,,,,N FEE LN,,,,,Y,,0.0,,39.17546665,-86.51875771,PRIVATE DR,,,,URBAN,N,N,N,,DAYLIGHT,CLEAR,DRY,,NO JUNCTION INVOLVED,,ASPHALT,DRIVER DISTRACTED - EXPLAIN IN NARRATIVE,$1001 TO $2500,SAME DIRECTION SIDESWIPE,NFEELN,0,,2022-11-30 13:30:00,,,
ISP BLOOMINGTON 33,2.02201E+11,MONROE,VAN BUREN,BLOOMINGTON,1,,1,0,0,,W ST RD 48,,,,,W ST RD 48,ALTOP MTN.,,,,N,,0.0,,39.16351713,-86.64582424,ST RD,,,,RURAL,N,N,N,,DARK (NOT LIGHTED),RAIN,WET,,NO JUNCTION INVOLVED,,ASPHALT,FAILURE TO MAINTAIN LN,$5001 TO $10000,RAN OFF RD,WST RD 48ALTOPMTN.,0,,2022-12-10 19:18:00,,,
ELLETTSVILLE PD,E22-04792,MONROE,RICHLAND,ELLETTSVILLE,2,,0,0,0,,IN ST RD 46 W,,,,,IN ST RD 46 W,BRIAR GATE DR.,,,,Y,,0.0,,39.21671213,-86.59674865,ST RD,,,,URBAN,N,N,N,,DAYLIGHT,CLEAR,DRY,,NO JUNCTION INVOLVED,,CONCRETE,UNSAFE LN MOVEMENT,$2501 TO $5000,SAME DIRECTION SIDESWIPE,INST RD 46 WBRIARGATEDR.,0,,2022-11-18 15:50:00,,,
BLOOMINGTON PD,B22-48912,MONROE,PERRY,BLOOMINGTON,2,,0,0,0,,W COUNTRY CLUB DR,,,,,W COUNTRY CLUB DR,S ROGERS ST,,,,Y,,0.0,,39.13604615,-86.5382833,LOCAL/CITY RD,,,,URBAN,N,N,N,,DARK (NOT LIGHTED),CLEAR,DRY,,FOUR-WAY INTERSECTION,,ASPHALT,DISREGARD SIGNAL/REG SIGN,$2501 TO $5000,RIGHT ANGLE,WCOUNTRYCLUBDRSROGERSST,0,,2022-11-23 22:40:00,,,
MONROE SD,M22A28122,MONROE,RICHLAND,ELLETTSVILLE,1,,0,0,0,,N UNION VALLEY RD,,,,,N UNION VALLEY RD,W MEADOWVALE DR,,,,N,,0.0,,39.2271534,-86.5926429,COUNTY RD,,,,RURAL,N,N,N,,DAWN/DUSK,CLEAR,DRY,,NO JUNCTION INVOLVED,,ASPHALT,OTHER (DRIVER) - EXPLAIN IN NARRATIVE,$2501 TO $5000,RAN OFF RD,WMEADOWVALEDRNUNIONVALLEYRD,0,,2022-11-16 07:21:00,,,
MONROE SD,M22A28963,MONROE,PERRY,BLOOMINGTON,1,,0,0,0,,ST RD 37,,,,,ST RD 37,,,,,N,,0.0,,39.0963942,-86.54655032,ST RD,,,,RURAL,N,Y,N,,DAWN/DUSK,CLOUDY,DRY,,NO JUNCTION INVOLVED,,ASPHALT,FAILURE TO MAINTAIN LN,$10001 TO $25000,RAN OFF RD,STATERD37,0,,2022-11-26 16:57:00,,,
BLOOMINGTON PD,B22-43386,MONROE,PERRY,BLOOMINGTON,2,,0,0,0,,S WALNUT ST,,,,,S WALNUT ST,E 2ND ST,,,,Y,,0.0,,39.16124357,-86.53363425,LOCAL/CITY RD,,,,URBAN,N,N,N,,DAYLIGHT,CLEAR,DRY,,FOUR-WAY INTERSECTION,,ASPHALT,FOLLOWING TOO CLOSELY,$1001 TO $2500,REAR END,SWALNUTSTE 2NDST,0,,2022-10-19 16:53:00,,,
BLOOMINGTON PD,B22-46671,MONROE,VAN BUREN,BLOOMINGTON,2,,1,0,0,,W ST RD 45,,,,,W ST RD 45,W ST RD 45,,,,Y,,0.0,,39.141953,-86.58260233,LOCAL/CITY RD,,,,URBAN,N,N,N,,DAYLIGHT,CLEAR,DRY,,FOUR-WAY INTERSECTION,,CONCRETE,FAILURE TO YIELD RIGHT OF WAY,$5001 TO $10000,LEFT TURN,WSTATERD45 WSTATERD45,0,,2022-11-07 16:00:00,,,
MONROE SD,M22A25726,MONROE,CLEAR CREEK,BLOOMINGTON,1,,0,0,0,,E SMITHVILLE RD,,,,,E SMITHVILLE RD,,,,,N,,0.0,,39.07085965,-86.52908029,LOCAL/CITY RD,,,,RURAL,N,N,N,,DAWN/DUSK,CLEAR,DRY,,NO JUNCTION INVOLVED,,ASPHALT,ANIMAL/OBJECT IN RDWAY,$2501 TO $5000,RAN OFF RD,ESMITHVILLERD,0,,2022-10-20 07:41:00,,,
BLOOMINGTON PD,B22-52339,MONROE,BLOOMINGTON,BLOOMINGTON,2,,0,0,0,,E JOHN HINKLE PL,,,,,E JOHN HINKLE PL,,,,,Y,,0.0,,39.17030224,-86.49190924,PRIVATE DR,,,,URBAN,N,N,N,,DARK (LIGHTED),CLEAR,DRY,,T-INTERSECTION,,ASPHALT,OTHER (DRIVER) - EXPLAIN IN NARRATIVE,$5001 TO $10000,RIGHT ANGLE,EJOHNHINKLEPL,0,,2022-12-17 00:00:00,,,
MONROE SD,M22A26010,MONROE,RICHLAND,BLOOMINGTON,2,,0,0,0,,W WOODYARD,,,,,W WOODYARD,N CURRY PK,,,,N,,0.0,,39.1901714,-86.58240609,LOCAL/CITY RD,,,,URBAN,N,N,N,,DAYLIGHT,CLEAR,DRY,,TRAFFIC CIRCLE/ROUNDABOUT,,ASPHALT,FOLLOWING TOO CLOSELY,$5001 TO $10000,REAR END,WWOODYARDRDNCURRYPK,0,,2022-10-23 13:00:00,,,
ISP BLOOMINGTON 33,2022-00610924,MONROE,BLOOMINGTON,BLOOMINGTON,3,,1,0,0,,S CURRY PK,,,,,S CURRY PK,W GLEN OAKS DR,,,,Y,,0.0,,39.14513732,-86.58257775,LOCAL/CITY RD,,,,URBAN,N,N,N,,DAYLIGHT,RAIN,WET,,NO JUNCTION INVOLVED,,ASPHALT,FOLLOWING TOO CLOSELY,$10001 TO $25000,REAR END,WGLENOAKSDRSCURRYPK,0,,2022-12-22 12:08:00,,,
MONROE SD,M22A29889,MONROE,RICHLAND,BLOOMINGTON,2,,0,0,0,,N CURRY PK,,,,,N CURRY PK,W WOODYARD,,,,N,,0.0,,39.1902762,-86.5825286,COUNTY RD,,,,RURAL,N,N,N,,DAYLIGHT,CLEAR,DRY,,NO JUNCTION INVOLVED,,ASPHALT,OTHER (DRIVER) - EXPLAIN IN NARRATIVE,$2501 TO $5000,SAME DIRECTION SIDESWIPE,WWOODYARDRDNCURRYPK,0,,2022-12-06 12:20:00,,,
BLOOMINGTON PD,B22-45110,MONROE,BLOOMINGTON,BLOOMINGTON,2,,0,0,0,,N COLLEGE AVE,,,,,N COLLEGE AVE,W KIRKWOOD AVE,,,,Y,,0.0,,39.1666087,-86.53488112,LOCAL/CITY RD,,,,URBAN,N,N,N,,DARK (LIGHTED),CLEAR,DRY,,FOUR-WAY INTERSECTION,,ASPHALT,DISREGARD SIGNAL/REG SIGN,$5001 TO $10000,RIGHT ANGLE,WKIRKWOODAVENCOLLEGEAVE,0,,2022-10-29 01:09:00,,,
INDIANA UNIV BLOOMINGTON PD,224822,MONROE,BLOOMINGTON,BLOOMINGTON,2,,0,0,0,,ST RD 45,,,,,ST RD 45,E 10TH ST,,,,Y,,0.0,,39.1722147,-86.50266005,ST RD,,,,URBAN,N,N,N,,DARK (NOT LIGHTED),RAIN,WET,,FOUR-WAY INTERSECTION,,ASPHALT,FOLLOWING TOO CLOSELY,$2501 TO $5000,REAR END,STATERD45E 10THST,0,,2022-12-08 18:07:00,,,
BLOOMINGTON PD,B22-45662,MONROE,VAN BUREN,BLOOMINGTON,2,,0,0,0,,S LIBERTY DR,,,,,S LIBERTY DR,W 3RD ST,,,,Y,,528.0,,39.16367098,-86.5791629,LOCAL/CITY RD,,,,URBAN,N,N,N,,DAYLIGHT,CLEAR,DRY,,FOUR-WAY INTERSECTION,,ASPHALT,FAILURE TO YIELD RIGHT OF WAY,$2501 TO $5000,RIGHT ANGLE,W 3RDSTSLIBERTYDR,0,,2022-11-01 12:54:00,,,
BLOOMINGTON PD,B22-50677,MONROE,PERRY,BLOOMINGTON,2,,0,0,0,,E 3RD ST,,,,,E 3RD ST,S PETE LLIS DR,,,,Y,,0.0,,39.16420018,-86.49499765,LOCAL/CITY RD,,,,URBAN,N,N,N,,DARK (LIGHTED),RAIN,WET,,T-INTERSECTION,,ASPHALT,FAILURE TO YIELD RIGHT OF WAY,$1001 TO $2500,RIGHT ANGLE,SPETEELLISDRE 3RDST,0,,2022-12-06 17:57:00,,,
MONROE SD,M22A30528,MONROE,PERRY,BLOOMINGTON,2,,0,0,0,,W DILLMAN RD,,,,,W DILLMAN RD,ST RD 37,,,,N,,0.0,,39.0929969,-86.5457993,ST RD,,,,URBAN,N,Y,N,,DAYLIGHT,CLOUDY,WET,,FOUR-WAY INTERSECTION,,ASPHALT,FAILURE TO YIELD RIGHT OF WAY,$5001 TO $10000,RIGHT ANGLE,WDILLMANRDSTATERD37,0,,2022-12-14 13:46:00,,,
MONROE SD,M22A27424,MONROE,PERRY,BLOOMINGTON,1,,0,0,1,,ST RD 37,,,,,ST RD 37,E MPIRE MILL RD,,,,N,,0.0,,39.08658333,-86.54398388,ST RD,,,,RURAL,N,Y,N,,DARK (NOT LIGHTED),CLEAR,DRY,,NO JUNCTION INVOLVED,,ASPHALT,ANIMAL/OBJECT IN RDWAY,$10001 TO $25000,COLLISION WITH DEER,STATERD37EEMPIREMILLRD,0,,2022-11-07 21:48:00,,,
MONROE SD,M22A30542,MONROE,CLEAR CREEK,HARRODSBURG,1,,0,0,0,,S ST RD 37,,,,,S ST RD 37,HARRODSBURG RD,,,,N,,0.0,,39.0111273,-86.54311267,LOCAL/CITY RD,,,,RURAL,N,N,N,,DARK (NOT LIGHTED),RAIN,WET,,NO JUNCTION INVOLVED,,ASPHALT,ANIMAL/OBJECT IN RDWAY,$2501 TO $5000,COLLISION WITH OBJECT IN RD,SOLDSTATERD37HARRODSBURGRD,0,,2022-12-14 21:01:00,,,
MONROE SD,M22A27312,MONROE,SALT CREEK,BLOOMINGTON,2,,0,0,0,,E KINGS RD,,,,,E KINGS RD,ST RD 46,,,,N,,0.0,,39.16663327,-86.45506329,ST RD,,,,RURAL,N,N,N,,DAYLIGHT,CLEAR,DRY,,T-INTERSECTION,,ASPHALT,DRIVER DISTRACTED - EXPLAIN IN NARRATIVE,$25001 TO $50000,REAR END,STATERD46EKINGSRD,0,,2022-11-06 17:15:00,,,
MONROE SD,M22A28980,MONROE,CLEAR CREEK,BLOOMINGTON,2,,0,0,0,270,E SMITHVILLE RD,,,,,E SMITHVILLE RD,,,,,N,,0.0,,39.0702894,-86.53189256,PRIVATE DR,,,,RURAL,N,N,N,,DARK (NOT LIGHTED),RAIN,WET,,NO JUNCTION INVOLVED,,ASPHALT,OVERCORRECTING/OVERSTEERING,$25001 TO $50000,OTHER - EXPLAIN IN NARRATIVE,ESMITHVILLERD,0,,2022-11-26 23:00:00,,,
BLOOMINGTON PD,B22-43490,MONROE,PERRY,BLOOMINGTON,2,,0,0,0,,S HENDERSON ST,,,,,S HENDERSON ST,E WINSLOW RD,,,,Y,,0.0,,39.136,-86.526893,LOCAL/CITY RD,,,,URBAN,N,N,N,,DAYLIGHT,CLOUDY,DRY,,FOUR-WAY INTERSECTION,,ASPHALT,OTHER (DRIVER) - EXPLAIN IN NARRATIVE,$5001 TO $10000,SAME DIRECTION SIDESWIPE,S.HENDERSONSTEWINSLOWRD,0,,2022-10-20 09:42:00,,,
BLOOMINGTON PD,B22-43886,MONROE,PERRY,BLOOMINGTON,2,,0,0,0,,S CLARIZZ BLVD,,,,,S CLARIZZ BLVD,S WILMINGTON CT,,,,Y,,0.0,,39.16343934,-86.49086188,LOCAL/CITY RD,,,,URBAN,N,N,N,,DAYLIGHT,CLEAR,DRY,,FOUR-WAY INTERSECTION,,ASPHALT,FAILURE TO YIELD RIGHT OF WAY,$1001 TO $2500,RIGHT ANGLE,SWILMINGTONCTSCLARIZZBLVD,0,,2022-10-22 12:14:00,,,
BLOOMINGTON PD,B22-47777,MONROE,BLOOMINGTON,BLOOMINGTON,2,,0,0,0,,E 3RD ST,,,,,E 3RD ST,S ST RD 45/46 BYPASS,,,,Y,,0.0,,39.16428115,-86.49829865,LOCAL/CITY RD,,,,URBAN,N,N,N,,DAYLIGHT,CLOUDY,DRY,,FOUR-WAY INTERSECTION,,ASPHALT,UNSAFE LN MOVEMENT,$5001 TO $10000,SAME DIRECTION SIDESWIPE,SSTRD45/46BYPASSE 3RDST,0,,2022-11-16 08:02:00,,,
BLOOMINGTON PD,B22-44769,MONROE,PERRY,BLOOMINGTON,2,,0,0,0,,E 3RD ST,,,,,E 3RD ST,EAGLESON AVE,,,,Y,,0.0,,39.164263,-86.516394,LOCAL/CITY RD,,,,URBAN,N,N,N,,DAYLIGHT,CLEAR,DRY,,FOUR-WAY INTERSECTION,,ASPHALT,UNSAFE LN MOVEMENT,$2501 TO $5000,SAME DIRECTION SIDESWIPE,EAGLESONAVEE 3RDST,0,,2022-10-27 11:21:00,,,
BLOOMINGTON PD,B22-44555,MONROE,PERRY,BLOOMINGTON,3,,0,0,0,,W BLOOMFIELD RD,,,,,W BLOOMFIELD RD,S BASSWOOD DR,,,,Y,,0.0,,39.1498172,-86.5689428,LOCAL/CITY RD,,,,URBAN,N,N,N,,DAYLIGHT,RAIN,WET,,FOUR-WAY INTERSECTION,,ASPHALT,FOLLOWING TOO CLOSELY,$5001 TO $10000,REAR END,W.BLOOMFIELDRDS.BASSWOODDR,0,,2022-10-26 09:03:00,,,
BLOOMINGTON PD,B22-50930,MONROE,PERRY,BLOOMINGTON,2,,1,0,0,,W COTA DR,,,,,W COTA DR,S DEBORAH DR,,,,Y,,0.0,,39.13589241,-86.5678086,LOCAL/CITY RD,,,,URBAN,N,N,N,,DAYLIGHT,RAIN,WET,,NO JUNCTION INVOLVED,,ASPHALT,SPEED TOO FAST FOR WEATHER CONDITIONS,$2501 TO $5000,RIGHT ANGLE,WCOTADRSDEBORAHDR,0,,2022-12-08 10:25:00,,,
MONROE SD,M22A25965,MONROE,CLEAR CREEK,BLOOMINGTON,1,,0,0,0,,W GORDON PK,,,,,W GORDON PK,S ROGERS ST,,,,N,,0.0,,39.12151994,-86.53852637,LOCAL/CITY RD,,,,URBAN,N,N,N,,DARK (LIGHTED),CLEAR,DRY,,NO JUNCTION INVOLVED,,ASPHALT,FAILURE TO MAINTAIN LN,$1001 TO $2500,RAN OFF RD,WGORDONPKSROGERSST,0,,2022-10-22 09:45:00,,,
MONROE SD,M22A25872,MONROE,RICHLAND,BLOOMINGTON,2,,0,0,0,,N SMITH PK,,,,,N SMITH PK,W WOODYARD,,,,Y,,0.0,,39.19270524,-86.582819,PRIVATE DR,,,,URBAN,N,N,N,,DAYLIGHT,CLEAR,DRY,,NO JUNCTION INVOLVED,,GRAVEL,UNSAFE BACKING,$1001 TO $2500,BACKING CRASH,WWOODYARDRDNSMITHPK,0,,2022-10-21 16:46:00,,,
MONROE SD,M22A29383,MONROE,PERRY,,2,,0,0,0,,N DANIELS WAY,,,,,N DANIELS WAY,,,,,Y,,0.0,,39.17206527,-86.59654134,PRIVATE DR,,,,URBAN,N,N,N,,DAYLIGHT,CLOUDY,DRY,,NO JUNCTION INVOLVED,,ASPHALT,OTHER (DRIVER) - EXPLAIN IN NARRATIVE,$2501 TO $5000,SAME DIRECTION SIDESWIPE,NDANIELSWAY,0,,2022-11-30 15:34:00,,,
MONROE SD,M22A28821,MONROE,SALT CREEK,BLOOMINGTON,1,,1,0,0,,8300 E ST RD 46,,,,,E ST RD 46,E KENT RD,,,,N,,0.0,,39.1506022,-86.4041708,ST RD,,,,RURAL,N,N,N,,DARK (NOT LIGHTED),CLEAR,DRY,,NO JUNCTION INVOLVED,,ASPHALT,ANIMAL/OBJECT IN RDWAY,$2501 TO $5000,COLLISION WITH DEER,EKENTRD8300EST RD 46,0,,2022-11-24 03:30:00,8300.0,,
MONROE SD,M22A31136,MONROE,VAN BUREN,BLOOMINGTON,1,,0,0,0,3585,ST RD 45,,,,,ST RD 45,,,,,N,,0.0,,39.14155612,-86.58049234,PRIVATE DR,,,,URBAN,N,N,N,,DAYLIGHT,CLOUDY,SNOW/SLUSH,,NO JUNCTION INVOLVED,,ASPHALT,OTHER (DRIVER) - EXPLAIN IN NARRATIVE,$1001 TO $2500,BACKING CRASH,STATERD45,0,,2022-12-23 15:00:00,,,
BLOOMINGTON PD,B22-51903,MONROE,PERRY,BLOOMINGTON,1,,0,0,0,807,S WINRIDGE CT,,,,,S WINRIDGE CT,,,,,Y,,0.0,,39.157706,-86.5491235,PRIVATE DR,,,,URBAN,N,N,N,,DAYLIGHT,CLOUDY,WET,,NO JUNCTION INVOLVED,,ASPHALT,UNSAFE BACKING,UNDER $1001,REAR END,SWINRIDGECT,0,,2022-12-14 10:00:00,,,
BLOOMINGTON PD,B22-53012,MONROE,BLOOMINGTON,BLOOMINGTON,2,,1,0,0,2966,E 3RD ST,,,,,E 3RD ST,,,,,Y,,0.0,,39.16200556,-86.49332527,PRIVATE DR,,,,URBAN,N,N,N,,DAWN/DUSK,CLEAR,DRY,,NO JUNCTION INVOLVED,,ASPHALT,IMPROPER LN USAGE,UNDER $1001,REAR TO REAR,E 3RDST,0,,2022-12-21 16:20:00,,,
ISP BLOOMINGTON 33,2.02201E+11,MONROE,BLOOMINGTON,BLOOMINGTON,1,,1,0,0,,I-69,,,,,I-69,,,124.5,,N,,0.0,,39.25253104,-86.52880901,INTERSTATE,,,,URBAN,N,N,N,,DAYLIGHT,SNOW,SNOW/SLUSH,,NO JUNCTION INVOLVED,,ASPHALT,FAILURE TO MAINTAIN LN,$5001 TO $10000,RAN OFF RD,I-69124.5,0,,2022-11-12 09:39:00,,,
BLOOMINGTON PD,B22-51536,MONROE,BLOOMINGTON,BLOOMINGTON,1,,0,0,0,,N WASHINGTON ST,,,,,N WASHINGTON ST,E 7TH ST,,,,Y,,0.0,,39.168529,-86.53233,LOCAL/CITY RD,,,,URBAN,N,N,N,,DAYLIGHT,CLEAR,DRY,,FOUR-WAY INTERSECTION,,ASPHALT,OVERCORRECTING/OVERSTEERING,$1001 TO $2500,RAN OFF RD,N.WASHINGTONSTE7THST,0,,2022-12-12 12:55:00,,,
MONROE SD,M22A28425,MONROE,PERRY,BLOOMINGTON,2,,0,0,0,,S DERBY DR,,,,,S DERBY DR,E SECRETARIAT CT,,,,Y,,0.0,,39.12106475,-86.52070062,LOCAL/CITY RD,,,,URBAN,N,N,N,,DARK (NOT LIGHTED),CLOUDY,DRY,,NO JUNCTION INVOLVED,,ASPHALT,IMPROPER LN USAGE,$2501 TO $5000,SAME DIRECTION SIDESWIPE,SDERBYDRESECRETARIATCT,0,,2022-11-19 18:35:00,,,
MONROE SD,M22A27900,MONROE,BLOOMINGTON,BLOOMINGTON,1,,0,0,0,,ST RD 45,,,,,ST RD 45,N PRAIRIE GREEN CT,,,,N,,200.0,,39.18019904,-86.47327374,ST RD,,,,URBAN,N,Y,N,,DAYLIGHT,CLEAR,DRY,,NO JUNCTION INVOLVED,,ASPHALT,UNSAFE SPEED,$10001 TO $25000,RAN OFF RD,STATERD45NPRAIRIEGREENCT,0,,2022-11-13 13:29:00,,,
BLOOMINGTON PD,B22-47776,MONROE,PERRY,BLOOMINGTON,2,,0,0,0,,W BLOOMFIELD RD,,,,,W BLOOMFIELD RD,LIBERTY DR,,,,Y,,0.0,,39.1562755,-86.5611625,LOCAL/CITY RD,,,,URBAN,N,N,N,,DAYLIGHT,CLOUDY,DRY,,NO JUNCTION INVOLVED,,ASPHALT,OTHER (DRIVER) - EXPLAIN IN NARRATIVE,$2501 TO $5000,REAR END,W.BLOOMFIELDRDLIBERTYDR,0,,2022-11-16 07:49:00,,,
BLOOMINGTON PD,B22-44431,MONROE,BLOOMINGTON,BLOOMINGTON,2,,0,0,0,,N COLLEGE AVE,,,,,N COLLEGE AVE,W 8TH ST,,,,Y,,0.0,,39.169503,-86.534847,LOCAL/CITY RD,,,,URBAN,N,N,N,,DAYLIGHT,RAIN,WET,,FOUR-WAY INTERSECTION,,ASPHALT,FAILURE TO YIELD RIGHT OF WAY,$2501 TO $5000,RIGHT TURN,W8THSTNCOLLEGEAVE,0,,2022-10-25 15:07:00,,,
BLOOMINGTON PD,B22-50836,MONROE,PERRY,BLOOMINGTON,1,,0,0,0,,W BLOOMFIELD RD,,,,,W BLOOMFIELD RD,S BASSWOOD DR,,,,Y,,0.0,,39.15003373,-86.5686316,LOCAL/CITY RD,,,,URBAN,N,N,N,,DARK (LIGHTED),CLEAR,DRY,,NO JUNCTION INVOLVED,,CONCRETE,UNSAFE SPEED,$5001 TO $10000,OTHER - EXPLAIN IN NARRATIVE,WBLOOMFIELDRDSBASSWOODDR,0,,2022-12-07 17:50:00,,,
ELLETTSVILLE PD,E22-05398,MONROE,RICHLAND,ELLETTSVILLE,1,,0,0,0,,N HARTSTRAIT RD,,,,,N HARTSTRAIT RD,N CAMPBELL PARK RD,,,,Y,,0.0,,39.22615681,-86.61635258,LOCAL/CITY RD,,,,URBAN,N,N,N,,DAYLIGHT,CLEAR,SNOW/SLUSH,,T-INTERSECTION,,CONCRETE,OTHER (ENVIRONMENTAL) - EXPLAIN IN NARR,$1001 TO $2500,RAN OFF RD,NHARTSTRAITRDNCAMPBELLPARKRD,0,,2022-12-24 14:44:00,,,
BLOOMINGTON PD,B22-36826,MONROE,BLOOMINGTON,BLOOMINGTON,2,,0,0,0,,W 3RD ST,,,,,W 3RD ST,I-69 SB OFF RAMP,,,,Y,,0.0,,39.16449754,-86.5735767,LOCAL/CITY RD,,,,URBAN,N,N,N,,DARK (LIGHTED),CLEAR,DRY,,FOUR-WAY INTERSECTION,,ASPHALT,DISREGARD SIGNAL/REG SIGN,$2501 TO $5000,SAME DIRECTION SIDESWIPE,W 3RDSTI-69SBOFFRAMP,0,,2022-09-12 20:20:00,,,
BLOOMINGTON PD,B22-44965,MONROE,BLOOMINGTON,BLOOMINGTON,2,,0,0,0,,W ARLINGTON RD,,,,,W ARLINGTON RD,N MONROE,,,,Y,,0.0,,39.20636417,-86.57126485,LOCAL/CITY RD,,,,URBAN,N,N,N,,DAYLIGHT,CLEAR,DRY,,NO JUNCTION INVOLVED,,ASPHALT,FAILURE TO YIELD RIGHT OF WAY,$25001 TO $50000,RIGHT ANGLE,W.ARLINGTONRDN.MONROE,0,,2022-10-28 11:10:00,,,
MONROE SD,M22A30180,MONROE,PERRY,BLOOMINGTON,2,,0,0,0,,S ST RD 37,,,,,S ST RD 37,S ST RD 37,,,,N,,0.0,,39.08525388,-86.54272487,ST RD,,,,RURAL,N,N,N,,DAYLIGHT,RAIN,WET,,FOUR-WAY INTERSECTION,,ASPHALT,FAILURE TO YIELD RIGHT OF WAY,$5001 TO $10000,LEFT TURN,SOLDSTATERD37SOLDSTATERD37,0,,2022-12-09 16:02:00,,,
MONROE SD,M22A27483,MONROE,PERRY,BLOOMINGTON,2,,0,0,0,4025,S ST RD 37,,,,,S ST RD 37,,,,,N,,0.0,,39.12022467,-86.53047618,PRIVATE DR,,,,RURAL,N,N,N,,DAYLIGHT,CLEAR,DRY,,NO JUNCTION INVOLVED,,ASPHALT,FAILURE TO YIELD RIGHT OF WAY,$1001 TO $2500,BACKING CRASH,SOLDSTATERD37,0,,2022-11-08 16:43:00,,,