Agency,Local Code,County,Township,City,Vehicles Involved,Trailers Involved,Number Injured,Number Dead,Number Deer,House Number,Roadway Name,Roadway Suffix,Roadway Number,Roadway Interchange,Roadway Ramp,Roadway Id,Intersecting Road,Intersecting Road Number,Mile Marker,Interchange,Corporate Limits?,Property Type,Feet From,Direction,Latitude,Longitude,Roadway Class,Traffic Control Devices?,Aggressive Driving?,Hit and Run?,Locality,School Zone?,Rumble Strips?,Construction?,Construction Type,Light Condition,Weather Conditions,Surface Condition,Type of Median,Roadway Junction Type,Road Character,Roadway Surface,Primary Factor,Damage Estimate,Manner of Collision,Unique Location Id,State Property Damage?,Traffic Control,DateTime,Address Number,Cyclist Involved,Pedestrian Involved
ELLETTSVILLE PD,E2200224,MONROE,RICHLAND,ELLETTSVILLE,1,0.0,0,0,0,303,W RITTER,ST,,,,W RITTER,,,,,Y,,,,39.23068408,-86.62537665,LOCAL/CITY RD,,N,N,URBAN,N,N,N,,DAYLIGHT,CLEAR,DRY,,NO JUNCTION INVOLVED,STRAIGHT/GRADE,GRAVEL,OTHER (VEHICLE) - EXPLAIN IN NARRATIVE,UNDER $1001,OTHER - EXPLAIN IN NARRATIVE,WRITTERST,0,NONE,2022-01-18 08:03:00,,,
INDIANA UNIV BLOOMINGTON PD,220277,MONROE,BLOOMINGTON,BLOOMINGTON,2,,0,0,0,,E 17TH ST,,,,,E 17TH ST,N DUNN ST,,,,Y,,0.0,,39.17899511,-86.52840025,LOCAL/CITY RD,,,,URBAN,N,N,N,,DAYLIGHT,CLEAR,DRY,,FOUR-WAY INTERSECTION,,ASPHALT,FOLLOWING TOO CLOSELY,$1001 TO $2500,REAR END,NDUNNSTE17THST,0,,2022-01-26 09:55:00,,,
INDIANA UNIV BLOOMINGTON PD,220239,MONROE,BLOOMINGTON,BLOOMINGTON,2,,0,0,0,,E 10TH ST,,,,,E 10TH ST,,,,,Y,,0.0,,39.17053856,-86.51091761,OTHER,,,,URBAN,N,N,N,,DARK (LIGHTED),CLEAR,DRY,,NO JUNCTION INVOLVED,,ASPHALT,UNSAFE BACKING,$1001 TO $2500,BACKING CRASH,E 10THST,0,,2022-01-23 18:40:00,,,
BLOOMINGTON PD,B22-03810,MONROE,PERRY,BLOOMINGTON,2,,0,0,0,966,S CLARIZZ BLVD,,,,,S CLARIZZ BLVD,,,,,Y,,0.0,,39.15495931,-86.49091703,LOCAL/CITY RD,,,,URBAN,N,N,N,,DARK (LIGHTED),SNOW,SNOW/SLUSH,,Y-INTERSECTION,,ASPHALT,RDWAY SURFACE CONDITION,$2501 TO $5000,REAR TO REAR,SCLARIZZBLVD,0,,2022-02-03 18:19:00,,,
INDIANA UNIV BLOOMINGTON PD,220505,MONROE,BLOOMINGTON,BLOOMINGTON,2,,0,0,0,,E 3RD ST,,,,,E 3RD ST,S FACULTY AVE,,,,Y,,0.0,,39.16426116,-86.52160768,LOCAL/CITY RD,,,,URBAN,N,N,N,,DARK (LIGHTED),CLOUDY,WET,,NO JUNCTION INVOLVED,,ASPHALT,UNSAFE LN MOVEMENT,UNDER $1001,SAME DIRECTION SIDESWIPE,SFACULTYAVEE 3RDST,0,,2022-02-09 20:50:00,,,
BLOOMINGTON PD,B22-01745,MONROE,BLOOMINGTON,BLOOMINGTON,2,,0,0,0,,N WASHINGTON ST,,,,,N WASHINGTON ST,E 19TH ST,,,,Y,,0.0,,39.18137921,-86.53234106,LOCAL/CITY RD,,,,URBAN,N,N,N,,DARK (LIGHTED),CLEAR,DRY,,T-INTERSECTION,,ASPHALT,IMPROPER TURNING,$2501 TO $5000,RIGHT ANGLE,NWASHINGTONSTE19THST,0,,2022-01-16 23:15:00,,,
BLOOMINGTON PD,B2200027,MONROE,PERRY,BLOOMINGTON,2,0.0,0,0,0,,S HENDERSON,ST,,,,S HENDERSON,E HILLSIDE,,,,Y,,,,39.15064,-86.52696,LOCAL/CITY RD,Y,N,N,URBAN,Y,N,N,,DARK (LIGHTED),RAIN,WET,,FOUR-WAY INTERSECTION,STRAIGHT/LEVEL,ASPHALT,FAILURE TO YIELD RIGHT OF WAY,$5001 TO $10000,RIGHT ANGLE,EHILLSIDEDRSHENDERSONST,0,TRAFFIC CONTROL SIGNAL,2022-01-01 05:33:00,,,
MONROE SD,M22A873,MONROE,,,2,,1,0,0,,W ST RD 45,,,,,W ST RD 45,ST RD 45,,,,N,,106.0,,39.14120759,-86.58432624,ST RD,,,,URBAN,N,N,N,,DAYLIGHT,CLEAR,DRY,,NO JUNCTION INVOLVED,,ASPHALT,FOLLOWING TOO CLOSELY,$5001 TO $10000,REAR END,WSTATERD45STATERD45,0,,2022-01-12 11:48:00,,,
MONROE SD,M22A899,MONROE,BENTON,BLOOMINGTON,1,0.0,1,0,0,,,,ST RD 45,,,ST RD 45,N PATHWAYS,,,,N,,,,39.24436075,-86.38545575,ST RD,,N,N,RURAL,N,N,N,,DARK (NOT LIGHTED),CLOUDY,DRY,,NO JUNCTION INVOLVED,STRAIGHT/LEVEL,ASPHALT,RAN OFF RD RIGHT,$2501 TO $5000,RAN OFF RD,NPATHWAYSDRST RD 45,0,NONE,2022-01-12 18:04:00,,,
BLOOMINGTON PD,B22-01694,MONROE,BLOOMINGTON,BLOOMINGTON,2,,4,0,0,,N KINSER PK,,,,,N KINSER PK,ST RD 46,,,,Y,,0.0,,39.18649849,-86.53773791,LOCAL/CITY RD,,,,URBAN,N,N,N,,DAYLIGHT,CLEAR,DRY,,FOUR-WAY INTERSECTION,,CONCRETE,FAILURE TO YIELD RIGHT OF WAY,$10001 TO $25000,LEFT TURN,STATERD46NKINSERPK,0,,2022-01-16 14:27:00,,,
BLOOMINGTON PD,B22-01125,MONROE,BLOOMINGTON,BLOOMINGTON,2,,0,0,0,,S COLLEGE AVE,,,,,S COLLEGE AVE,W 3RD ST,,,,Y,,0.0,,39.164609,-86.534898,LOCAL/CITY RD,,,,URBAN,N,N,N,,DAYLIGHT,CLEAR,DRY,,FOUR-WAY INTERSECTION,,ASPHALT,DISREGARD SIGNAL/REG SIGN,$5001 TO $10000,RIGHT ANGLE,W 3RDSTSCOLLEGEAVE,0,,2022-01-11 09:40:00,,,
BLOOMINGTON PD,B22-00452,MONROE,BLOOMINGTON,BLOOMINGTON,2,,0,0,0,,W 17TH ST,,,,,W 17TH ST,N WALNUT ST,,,,Y,,0.0,,39.17897822,-86.53353954,LOCAL/CITY RD,,,,URBAN,N,N,N,,DAYLIGHT,CLEAR,DRY,,FOUR-WAY INTERSECTION,,ASPHALT,DISREGARD SIGNAL/REG SIGN,$2501 TO $5000,RIGHT ANGLE,W17THSTNWALNUTST,0,,2022-01-05 13:48:00,,,
BLOOMINGTON PD,B22-01157,MONROE,BLOOMINGTON,BLOOMINGTON,2,,0,0,0,,S JEFFERSON ST,,,,,S JEFFERSON ST,E 5TH ST,,,,Y,,0.0,,39.166783,-86.50714821,LOCAL/CITY RD,,,,URBAN,N,N,N,,DAYLIGHT,CLEAR,DRY,,FOUR-WAY INTERSECTION,,ASPHALT,DISREGARD SIGNAL/REG SIGN,$10001 TO $25000,RIGHT ANGLE,SJEFFERSONSTE5THST,0,,2022-01-11 04:09:00,,,
MONROE SD,M22A933,MONROE,CLEAR CREEK,BLOOMINGTON,2,0.0,0,0,0,,S ROGERS,ST,,,,S ROGERS,GREEN,,,,N,,,,39.13108,-86.538546,OTHER,,N,N,URBAN,N,N,N,,DAYLIGHT,CLEAR,DRY,,NO JUNCTION INVOLVED,STRAIGHT/HILLCREST,ASPHALT,LEFT OF CENTER,$2501 TO $5000,OPPOSITE DIRECTION SIDESWIPE,GREENRDSROGERSST,0,NONE,2022-01-13 08:00:00,,,
MONROE SD,M22A22695,MONROE,PERRY,BLOOMINGTON,1,,0,0,1,,E RHORER RD,,,,,E RHORER RD,S WALNUT ST PK,,,,N,,0.0,,39.12150139,-86.52643724,COUNTY RD,,,,RURAL,N,N,N,,DARK (NOT LIGHTED),CLEAR,DRY,,FOUR-WAY INTERSECTION,,ASPHALT,ANIMAL/OBJECT IN RDWAY,$5001 TO $10000,COLLISION WITH DEER,SWALNUTSTPKERHORERRD,0,,2022-09-14 22:48:00,,,
BLOOMINGTON PD,B22-40174,MONROE,PERRY,BLOOMINGTON,1,,0,0,0,,S COLLEGE AVE,,,,,S COLLEGE AVE,W 3RD ST,,,,Y,,0.0,,39.1645329,-86.53485364,LOCAL/CITY RD,,,,URBAN,N,N,N,,DAYLIGHT,CLEAR,DRY,,FOUR-WAY INTERSECTION,,ASPHALT,LEFT OF CENTER,$5001 TO $10000,RAN OFF RD,W 3RDSTSCOLLEGEAVE,0,,2022-10-01 12:45:00,,,
INDIANA UNIV BLOOMINGTON PD,220359,MONROE,PERRY,BLOOMINGTON,2,,0,0,0,,S FESS AVE,,,,,S FESS AVE,E 3RD ST,,,,Y,,0.0,,39.16426671,-86.52587361,LOCAL/CITY RD,,,,URBAN,N,N,N,,DARK (LIGHTED),CLEAR,DRY,,T-INTERSECTION,,ASPHALT,UNSAFE LN MOVEMENT,$2501 TO $5000,LEFT TURN,SFESSAVEE 3RDST,0,,2022-01-31 20:00:00,,,
MONROE SD,M22A11930,MONROE,PERRY,BLOOMINGTON,4,,1,0,0,,S FAIRFAX RD,,,,,S FAIRFAX RD,S ST RD 37,,,,N,,0.0,,39.10722992,-86.53131958,,,,,URBAN,N,N,N,,DAYLIGHT,CLOUDY,DRY,,FOUR-WAY INTERSECTION,,ASPHALT,UNSAFE SPEED,$50001 TO $100000,RAN OFF RD,SOLDSTATERD37SFAIRFAXRD,0,,2022-05-23 00:01:00,,,
BLOOMINGTON PD,B22-12890,MONROE,VAN BUREN,BLOOMINGTON,3,,1,0,0,,W 3RD ST,,,,,W 3RD ST,I-69/37 OVERPASS,,,,Y,,0.0,,0.0,0.0,LOCAL/CITY RD,,,,URBAN,N,N,N,,DAYLIGHT,RAIN,WET,,NO JUNCTION INVOLVED,,CONCRETE,FOLLOWING TOO CLOSELY,$2501 TO $5000,REAR END,W.3RDSTI-69/37OVERPASS,0,,2022-04-13 13:13:00,,,
BLOOMINGTON PD,B22-17053,MONROE,PERRY,BLOOMINGTON,2,,0,0,0,,N ST RD 69,,,,,N ST RD 69,W BLOOMFIELD RD,,,,Y,,0.0,,39.14873855,-86.57105631,ST RD,,,,URBAN,N,N,N,,DAYLIGHT,CLEAR,DRY,,T-INTERSECTION,,ASPHALT,FOLLOWING TOO CLOSELY,$25001 TO $50000,REAR END,WBLOOMFIELDRDNSTATERD69,0,,2022-05-10 12:50:00,,,
BLOOMINGTON PD,B22-30934,MONROE,BLOOMINGTON,BLOOMINGTON,2,,0,0,0,,E 3RD ST,,,,,E 3RD ST,S SMITH RD,,,,Y,,0.0,,39.1642582,-86.48126073,LOCAL/CITY RD,,,,URBAN,N,N,N,,DAYLIGHT,CLEAR,DRY,,FOUR-WAY INTERSECTION,,ASPHALT,FOLLOWING TOO CLOSELY,$2501 TO $5000,REAR END,SSMITHRDE 3RDST,0,,2022-08-10 11:50:00,,,
INDIANA UNIV BLOOMINGTON PD,223365,MONROE,BLOOMINGTON,BLOOMINGTON,1,,0,0,0,,S DUNN ST,,,,,S DUNN ST,E 3RD ST,,,,Y,,0.0,,39.16420588,-86.52814678,LOCAL/CITY RD,,,,URBAN,N,N,N,,DARK (LIGHTED),CLEAR,DRY,,FOUR-WAY INTERSECTION,,ASPHALT,FAILURE TO MAINTAIN LN,$10001 TO $25000,RIGHT TURN,SDUNNSTE 3RDST,0,,2022-09-17 03:15:00,,,
BLOOMINGTON PD,B22-08164,MONROE,BLOOMINGTON,BLOOMINGTON,2,,1,0,0,,ST RD 46,,,,,ST RD 46,N KINSER PK,,,,Y,,0.0,,39.1865068,-86.53675265,ST RD,,,,URBAN,N,N,N,,DAYLIGHT,SNOW,WET,,NO JUNCTION INVOLVED,,ASPHALT,FOLLOWING TOO CLOSELY,$5001 TO $10000,REAR END,STATERD46N.KINSERPK,0,,2022-03-11 15:36:00,,,
BLOOMINGTON PD,B22-35177,MONROE,PERRY,BLOOMINGTON,1,,0,0,0,,W TAPP RD,,,,,W TAPP RD,S ADAMS ST,,,,Y,,0.0,,39.13649983,-86.55415006,LOCAL/CITY RD,,,,URBAN,N,N,N,,DAWN/DUSK,RAIN,WET,,TRAFFIC CIRCLE/ROUNDABOUT,,ASPHALT,SPEED TOO FAST FOR WEATHER CONDITIONS,$5001 TO $10000,RAN OFF RD,WTAPPRDSADAMSST,0,,2022-09-03 07:00:00,,,
BLOOMINGTON PD,B22-36742,MONROE,PERRY,BLOOMINGTON,2,,0,0,0,,300 W COUNTRY CLUB DR,,,,,W COUNTRY CLUB DR,S MADISON ST,,,,Y,,1000.0,,0.0,0.0,LOCAL/CITY RD,,,,URBAN,N,N,N,,DAYLIGHT,CLEAR,DRY,,NO JUNCTION INVOLVED,,ASPHALT,FOLLOWING TOO CLOSELY,$1001 TO $2500,REAR END,S.MADISONST300BLKW.COUNTRYCLUBDR,0,,2022-09-12 12:15:00,300.0,,
BLOOMINGTON PD,B22-36991,MONROE,BLOOMINGTON,BLOOMINGTON,2,,0,0,0,,N COLLEGE AVE,,,,,N COLLEGE AVE,W 10TH ST,,,,Y,,0.0,,39.17172515,-86.53487453,LOCAL/CITY RD,,,,URBAN,N,N,N,,DAYLIGHT,CLOUDY,DRY,,FOUR-WAY INTERSECTION,,ASPHALT,IMPROPER LN USAGE,$5001 TO $10000,RIGHT ANGLE,W10THSTNCOLLEGEAVE,0,,2022-09-13 18:55:00,,,
INDIANA UNIV BLOOMINGTON PD,221145,MONROE,BLOOMINGTON,BLOOMINGTON,2,,0,0,0,,E 4TH ST,,,,,E 4TH ST,,,,,Y,,0.0,,39.1652332,-86.52762442,PRIVATE DR,,,,URBAN,N,N,N,,DAYLIGHT,CLEAR,DRY,,NO JUNCTION INVOLVED,,ASPHALT,UNSAFE BACKING,$1001 TO $2500,OPPOSITE DIRECTION SIDESWIPE,E4THST,0,,2022-03-28 16:20:00,,,
MONROE SD,M22A2935,MONROE,SALT CREEK,BLOOMINGTON,1,,0,0,1,,S ST RD 446,,,,,S ST RD 446,S KNIGHTRIDGE RD,,,,N,,2600.0,,39.12480503,-86.43723367,ST RD,,,,RURAL,N,Y,N,,DARK (NOT LIGHTED),CLEAR,DRY,,NO JUNCTION INVOLVED,,ASPHALT,ANIMAL/OBJECT IN RDWAY,$2501 TO $5000,COLLISION WITH DEER,SST RD 446SKNIGHTRIDGERD,0,,2022-02-07 19:22:00,,,
BLOOMINGTON PD,B22-24358,MONROE,BLOOMINGTON,BLOOMINGTON,1,,0,0,0,,E 3RD ST,,,,,E 3RD ST,S WALNUT AVE,,,,Y,,0.0,,39.16463901,-86.53375428,LOCAL/CITY RD,,,,URBAN,N,N,N,,DAYLIGHT,CLEAR,DRY,,T-INTERSECTION,,ASPHALT,FAILURE TO YIELD RIGHT OF WAY,UNDER $1001,OTHER - EXPLAIN IN NARRATIVE,SWALNUTAVEE 3RDST,1,,2022-06-27 17:00:00,,,True
BLOOMINGTON PD,B22-06922,MONROE,BLOOMINGTON,BLOOMINGTON,2,,0,0,0,,2801 N WALNUT ST,,,,,N WALNUT ST,E BLUE RIDGE DR,,,,Y,,2000.0,,39.1959163,-86.53202564,LOCAL/CITY RD,,,,URBAN,N,N,N,,DAYLIGHT,CLEAR,DRY,,NO JUNCTION INVOLVED,,ASPHALT,FOLLOWING TOO CLOSELY,$1001 TO $2500,REAR END,EBLUERIDGEDR2801N.WALNUTST,0,,2022-03-02 08:12:00,2801.0,,
INDIANA UNIV BLOOMINGTON PD,221272,MONROE,BLOOMINGTON,BLOOMINGTON,1,,1,0,0,,E 3RD ST,,,,,E 3RD ST,S FESS AVE,,,,Y,,0.0,,39.16427918,-86.52599163,LOCAL/CITY RD,,,,URBAN,N,N,N,,DAYLIGHT,RAIN,WET,,T-INTERSECTION,,ASPHALT,VIEW OBSTRUCTED,UNDER $1001,RIGHT ANGLE,SFESSAVEE 3RDST,1,,2022-04-05 13:00:00,,,True
ISP BLOOMINGTON 33,2022-00249196,MONROE,BLOOMINGTON,,2,,0,0,0,,N CURRY PK,,,,,N CURRY PK,ST RD 46,,,,N,,475.0,,39.19332879,-86.57231756,COUNTY RD,,,,RURAL,N,N,N,,DAYLIGHT,CLEAR,DRY,,Y-INTERSECTION,,ASPHALT,FAILURE TO YIELD RIGHT OF WAY,$5001 TO $10000,SAME DIRECTION SIDESWIPE,STATERD46NCURRYPK,0,,2022-06-03 12:20:00,,,
BLOOMINGTON PD,B22-31716,MONROE,VAN BUREN,BLOOMINGTON,2,,0,0,0,,S CURRY PK,,,,,S CURRY PK,W ROLL AVE,,,,Y,,0.0,,39.14784008,-86.58262734,,,,,URBAN,N,N,N,,DAYLIGHT,CLEAR,DRY,,NO JUNCTION INVOLVED,,ASPHALT,FOLLOWING TOO CLOSELY,$1001 TO $2500,REAR END,WROLLAVESCURRYPK,0,,2022-08-15 17:21:00,,,
ELLETTSVILLE PD,E2202057,MONROE,RICHLAND,ELLETTSVILLE,1,,0,0,0,,1ST,,,,,1ST,DEWEY DR,,,,Y,,100.0,,39.228525,-86.624592,LOCAL/CITY RD,,,,URBAN,N,N,N,,DAYLIGHT,CLEAR,DRY,,NO JUNCTION INVOLVED,,ASPHALT,OVERCORRECTING/OVERSTEERING,$1001 TO $2500,RAN OFF RD,DEWEYDR1STST,0,,2022-06-03 20:40:00,,,
BLOOMINGTON PD,B22-04611,MONROE,PERRY,BLOOMINGTON,2,,0,0,0,,E 2ND ST,,,,,E 2ND ST,S COLLEGE MALL RD,,,,Y,,100.0,,39.16758408,-86.53701381,LOCAL/CITY RD,,,,URBAN,N,N,N,,DAYLIGHT,CLEAR,DRY,,FOUR-WAY INTERSECTION,,ASPHALT,FAILURE TO YIELD RIGHT OF WAY,$2501 TO $5000,RIGHT ANGLE,S.COLLEGEMALLRDE 2NDST,0,,2022-02-10 12:21:00,,,
BLOOMINGTON PD,B22-41869,MONROE,BLOOMINGTON,BLOOMINGTON,2,,1,0,0,,E 7TH ST,,,,,E 7TH ST,N WASHINGTON ST,,,,Y,,0.0,,39.16852866,-86.53235139,LOCAL/CITY RD,,,,URBAN,N,N,N,,DARK (NOT LIGHTED),CLEAR,DRY,,FOUR-WAY INTERSECTION,,ASPHALT,FAILURE TO YIELD RIGHT OF WAY,$2501 TO $5000,RIGHT ANGLE,NWASHINGTONSTE7THST,0,,2022-10-10 19:54:00,,,
BLOOMINGTON PD,B22-16341,MONROE,PERRY,BLOOMINGTON,2,,0,0,0,,E MOORES PK,,,,,E MOORES PK,S SARE RD,,,,Y,,0.0,,39.15045251,-86.49833269,,,,,URBAN,N,N,N,,DAYLIGHT,RAIN,WET,,FOUR-WAY INTERSECTION,,ASPHALT,IMPROPER LN USAGE,$1001 TO $2500,SAME DIRECTION SIDESWIPE,SSARERDEMOORESPK,0,,2022-05-05 13:00:00,,,
ELLETTSVILLE PD,E2200703,MONROE,RICHLAND,ELLETTSVILLE,2,0.0,0,0,0,,,,ST RD 46 W,,,ST RD 46 W,SALE,,,,Y,,,,39.23384,-86.624704,ST RD,Y,N,N,URBAN,N,N,N,,DAYLIGHT,CLEAR,DRY,,NO JUNCTION INVOLVED,STRAIGHT/LEVEL,ASPHALT,FOLLOWING TOO CLOSELY,$5001 TO $10000,REAR END,SALESTST RD 46 W,0,TRAFFIC CONTROL SIGNAL,2022-02-25 07:42:00,,,
BLOOMINGTON PD,B22-21228,MONROE,PERRY,BLOOMINGTON,2,,0,0,0,2894,E 3RD ST,,,,,E 3RD ST,,,,,Y,,0.0,,39.16014163,-86.49379026,PRIVATE DR,,,,URBAN,N,N,N,,DAYLIGHT,CLEAR,DRY,,NO JUNCTION INVOLVED,,ASPHALT,OTHER (DRIVER) - EXPLAIN IN NARRATIVE,$1001 TO $2500,SAME DIRECTION SIDESWIPE,E 3RDST,0,,2022-06-07 18:59:00,,,
MONROE SD,M22A13312,MONROE,CLEAR CREEK,BLOOMINGTON,1,,0,0,1,,E POINTE RD,,,,,E POINTE RD,S POINTE VIEW DR,,,,N,,300.0,,39.034912,-86.508591,COUNTY RD,,,,RURAL,N,N,N,,DAWN/DUSK,CLEAR,DRY,,NO JUNCTION INVOLVED,,ASPHALT,ANIMAL/OBJECT IN RDWAY,$2501 TO $5000,COLLISION WITH DEER,SPOINTEVIEWDREPOINTERD,0,,2022-06-07 05:57:00,,,
BLOOMINGTON PD,B22-28378,MONROE,BLOOMINGTON,BLOOMINGTON,2,,1,0,0,,W 4TH ST,,,,,W 4TH ST,S ROGERS ST,,,,Y,,0.0,,39.16561844,-86.53874106,LOCAL/CITY RD,,,,URBAN,N,N,N,,DAYLIGHT,CLEAR,DRY,,FOUR-WAY INTERSECTION,,ASPHALT,FAILURE TO YIELD RIGHT OF WAY,$10001 TO $25000,RIGHT ANGLE,W4THSTSROGERSST,0,,2022-07-24 14:59:00,,,
ELLETTSVILLE PD,E22-03631,MONROE,RICHLAND,ELLETTSVILLE,2,,0,0,0,,CENTENNIAL DR,,,,,CENTENNIAL DR,W ST RD 46,,,,N,,0.0,,39.20996382,-86.58271713,ST RD,,,,URBAN,N,N,N,,DAYLIGHT,CLEAR,DRY,,FOUR-WAY INTERSECTION,,ASPHALT,DISREGARD SIGNAL/REG SIGN,$5001 TO $10000,RIGHT ANGLE,WSTATERD46CENTENNIALDR,0,,2022-09-16 12:53:00,,,
BLOOMINGTON PD,B22-37656,MONROE,PERRY,BLOOMINGTON,2,,0,0,0,,S ROGERS ST,,,,,S ROGERS ST,S ROCKPORT RD,,,,Y,,0.0,,39.14593197,-86.53886082,LOCAL/CITY RD,,,,URBAN,N,N,N,,DAYLIGHT,CLEAR,DRY,,FOUR-WAY INTERSECTION,,ASPHALT,IMPROPER PASSING,$5001 TO $10000,REAR END,SROGERSSTSROCKPORTRD,0,,2022-09-17 18:27:00,,,
INDIANA UNIV BLOOMINGTON PD,223863,MONROE,BLOOMINGTON,BLOOMINGTON,2,,0,0,0,,N DUNN ST,,,,,N DUNN ST,,,,,Y,,0.0,,39.18146306,-86.52743197,PRIVATE DR,,,,URBAN,N,N,N,,DAYLIGHT,CLEAR,DRY,,NO JUNCTION INVOLVED,,ASPHALT,IMPROPER TURNING,$1001 TO $2500,LEFT TURN,NDUNNST,0,,2022-10-11 09:15:00,,,
MONROE SD,M22A25184,MONROE,BEAN BLOSSOM,BLOOMINGTON,1,,0,0,1,,ST RD 46,,,,,ST RD 46,N SISCOE LN,,,,N,,0.0,,39.27100733,-86.67159266,ST RD,,,,RURAL,N,N,N,,DARK (NOT LIGHTED),CLEAR,DRY,,T-INTERSECTION,,ASPHALT,ANIMAL/OBJECT IN RDWAY,$2501 TO $5000,COLLISION WITH DEER,STATERD46NSISCOELN,0,,2022-10-13 21:16:00,,,
ELLETTSVILLE PD,E2202765,MONROE,RICHLAND,ELLETTSVILLE,2,0.0,0,0,0,4499,W ST RD 46,HWY,,,,W ST RD 46,,,,,N,,,,,,OTHER,,N,N,URBAN,N,N,N,,DAYLIGHT,CLOUDY,DRY,,NO JUNCTION INVOLVED,STRAIGHT/LEVEL,ASPHALT,UNSAFE BACKING,$5001 TO $10000,BACKING CRASH,WSTATERD46HWY,0,NONE,2022-07-25 09:14:00,,,
BLOOMINGTON PD,B22-12737,MONROE,PERRY,BLOOMINGTON,2,,0,0,0,,S WALNUT ST,,,,,S WALNUT ST,S DR,,,,Y,,0.0,,39.1419,-86.531138,LOCAL/CITY RD,,,,URBAN,Y,N,N,,DAYLIGHT,CLOUDY,DRY,,FOUR-WAY INTERSECTION,,ASPHALT,DISREGARD SIGNAL/REG SIGN,$10001 TO $25000,RIGHT ANGLE,SOUTHDRS.WALNUTST,0,,2022-04-12 12:23:00,,,
BLOOMINGTON PD,B22-33114,MONROE,BLOOMINGTON,BLOOMINGTON,2,,1,0,0,,CURRY PK,,,,,CURRY PK,3RD ST,,,,Y,,0.0,,39.16442614,-86.58287234,LOCAL/CITY RD,,,,URBAN,N,N,N,,DARK (LIGHTED),CLEAR,DRY,,FOUR-WAY INTERSECTION,,ASPHALT,FAILURE TO YIELD RIGHT OF WAY,$2501 TO $5000,RIGHT ANGLE,CURRYPK3RDST,0,,2022-08-23 05:56:00,,,
MONROE SD,M22A14685,MONROE,PERRY,BLOOMINGTON,2,,1,0,0,,S ST RD 37,,,,,S ST RD 37,E DILLMAN RD,,,,N,,0.0,,39.09287199,-86.54413527,ST RD,,,,RURAL,N,N,N,,DAYLIGHT,CLEAR,DRY,,T-INTERSECTION,,ASPHALT,FAILURE TO YIELD RIGHT OF WAY,$50001 TO $100000,RIGHT ANGLE,SOLDSTATERD37EDILLMANRD,0,,2022-06-21 18:16:00,,,
INDIANA UNIV BLOOMINGTON PD,223830,MONROE,BLOOMINGTON,BLOOMINGTON,2,,1,0,0,,E 10TH ST,,,,,E 10TH ST,ST RD 46,,,,Y,,0.0,,39.17158451,-86.50198049,ST RD,,,,URBAN,N,N,N,,DAYLIGHT,CLEAR,DRY,,FOUR-WAY INTERSECTION,,ASPHALT,DISREGARD SIGNAL/REG SIGN,$1001 TO $2500,RIGHT ANGLE,STATERD46E 10THST,0,,2022-10-09 13:15:00,,True,
MONROE SD,M22A23015,MONROE,VAN BUREN,BLOOMINGTON,1,,0,0,0,,W ST RD 48,,,,,W ST RD 48,,,920.0,,N,,0.0,,39.16841516,-86.67031032,ST RD,,,,RURAL,N,N,N,,DAWN/DUSK,CLOUDY,WET,,NO JUNCTION INVOLVED,,ASPHALT,SPEED TOO FAST FOR WEATHER CONDITIONS,$5001 TO $10000,RAN OFF RD,WSTRD48,0,,2022-09-19 07:22:00,,,
INDIANA UNIV BLOOMINGTON PD,221791,MONROE,BLOOMINGTON,BLOOMINGTON,1,,0,0,1,,ST RD 45,,,,,ST RD 45,N FEE LN,,,,Y,,0.0,,39.18593716,-86.51965088,ST RD,,,,URBAN,N,N,N,,DARK (NOT LIGHTED),CLOUDY,DRY,,FOUR-WAY INTERSECTION,,ASPHALT,ANIMAL/OBJECT IN RDWAY,$5001 TO $10000,COLLISION WITH DEER,STATERD45NFEELN,0,,2022-05-07 00:00:00,,,
BLOOMINGTON PD,B22-13637,MONROE,PERRY,BLOOMINGTON,3,,3,0,0,,W COUNTRY CLUB DR,,,,,W COUNTRY CLUB DR,S BANTA AVE,,,,Y,,1000.0,,39.136219,-86.544827,LOCAL/CITY RD,,,,URBAN,N,N,N,,DAYLIGHT,CLEAR,DRY,,NO JUNCTION INVOLVED,,ASPHALT,FOLLOWING TOO CLOSELY,$25001 TO $50000,REAR END,W.COUNTRYCLUBDRSBANTAAVE,0,,2022-04-19 08:58:00,,,
MONROE SD,M22A8801,MONROE,VAN BUREN,BLOOMINGTON,2,,0,0,0,,S CURRY PK,,,,,S CURRY PK,W CURRY CT,,,,Y,,0.0,,39.15404081,-86.58262377,LOCAL/CITY RD,,,,URBAN,N,N,N,,DAYLIGHT,CLOUDY,DRY,,T-INTERSECTION,,ASPHALT,FAILURE TO YIELD RIGHT OF WAY,$10001 TO $25000,RIGHT TURN,WCURRYCTSCURRYPK,0,,2022-04-19 15:57:00,,,
BLOOMINGTON PD,B22-31952,MONROE,BLOOMINGTON,BLOOMINGTON,2,,0,0,0,,W 3RD ST,,,,,W 3RD ST,S CORY LN,,,,Y,,0.0,,39.16447883,-86.56014419,LOCAL/CITY RD,,,,URBAN,N,N,N,,DARK (LIGHTED),CLEAR,DRY,,FOUR-WAY INTERSECTION,,ASPHALT,DISREGARD SIGNAL/REG SIGN,$5001 TO $10000,RIGHT ANGLE,W 3RDSTSCORYLN,0,,2022-08-16 22:27:00,,,
INDIANA UNIV BLOOMINGTON PD,221703,MONROE,BLOOMINGTON,BLOOMINGTON,1,,0,0,0,,E UNIVERSITY RD,,,,,E UNIVERSITY RD,N FEE LN,,,,Y,,0.0,,39.17624845,-86.51765532,PRIVATE DR,,,,URBAN,N,N,N,,DARK (LIGHTED),RAIN,WET,,NO JUNCTION INVOLVED,,ASPHALT,WRONG WAY ON ONE WAY,$1001 TO $2500,SAME DIRECTION SIDESWIPE,NFEELNEUNIVERSITYRD,0,,2022-04-30 02:30:00,,,