Agency,Local Code,County,Township,City,Vehicles Involved,Trailers Involved,Number Injured,Number Dead,Number Deer,House Number,Roadway Name,Roadway Suffix,Roadway Number,Roadway Interchange,Roadway Ramp,Roadway Id,Intersecting Road,Intersecting Road Number,Mile Marker,Interchange,Corporate Limits?,Property Type,Feet From,Direction,Latitude,Longitude,Roadway Class,Traffic Control Devices?,Aggressive Driving?,Hit and Run?,Locality,School Zone?,Rumble Strips?,Construction?,Construction Type,Light Condition,Weather Conditions,Surface Condition,Type of Median,Roadway Junction Type,Road Character,Roadway Surface,Primary Factor,Damage Estimate,Manner of Collision,Unique Location Id,State Property Damage?,Traffic Control,DateTime,Address Number,Cyclist Involved,Pedestrian Involved
INDIANA UNIV BLOOMINGTON PD,333937,MONROE,BLOOMINGTON,BLOOMINGTON,2,,0,0,0,,N DUNN ST,,,,,N DUNN ST,E 20TH ST,,,,Y,,0.0,,39.18212421,-86.52614719,PRIVATE DR,,,,URBAN,N,N,N,,DAYLIGHT,CLOUDY,WET,,NO JUNCTION INVOLVED,,ASPHALT,UNSAFE BACKING,$1001 TO $2500,BACKING CRASH,NDUNNSTE20THST,0,,2022-10-12 10:00:00,,,
INDIANA UNIV BLOOMINGTON PD,223917,MONROE,BLOOMINGTON,BLOOMINGTON,2,,0,0,0,,BALLANTINE RD,,,,,BALLANTINE RD,E 3RD ST,,,,Y,,0.0,,39.16425949,-86.51912962,LOCAL/CITY RD,,,,URBAN,N,N,N,,DAYLIGHT,CLOUDY,DRY,,T-INTERSECTION,,ASPHALT,IMPROPER TURNING,$2501 TO $5000,LEFT TURN,E 3RDSTBALLANTINERD,0,,2022-10-12 15:53:00,,,
MONROE SD,M22A25125,MONROE,WASHINGTON,BLOOMINGTON,1,,1,0,0,,N ST RD 37,,,,,N ST RD 37,NEWT FULFORD,,,,N,,0.0,,39.28931586,-86.49645692,LOCAL/CITY RD,,,,RURAL,N,N,N,,DAYLIGHT,CLEAR,WET,,NO JUNCTION INVOLVED,,ASPHALT,SPEED TOO FAST FOR WEATHER CONDITIONS,$5001 TO $10000,RAN OFF RD,NEWTFULFORDRDNOLDST RD 37,0,,2022-10-13 09:29:00,,,
BLOOMINGTON PD,B22-42399,MONROE,BLOOMINGTON,BLOOMINGTON,2,,0,0,0,4461,E 3RD ST,,,,,E 3RD ST,,,,,Y,,0.0,,39.1646871,-86.47461817,PRIVATE DR,,,,URBAN,N,N,N,,UNKNOWN,CLEAR,DRY,,NO JUNCTION INVOLVED,,ASPHALT,OTHER (DRIVER) - EXPLAIN IN NARRATIVE,UNDER $1001,RIGHT ANGLE,E 3RDST,0,,2022-10-13 14:00:00,,,
BLOOMINGTON PD,B22-40925,MONROE,PERRY,BLOOMINGTON,2,,0,0,0,,W 3RD ST,,,,,W 3RD ST,S JOHNSON AVE,,,,Y,,317.0,,39.16444955,-86.56434347,LOCAL/CITY RD,,,,URBAN,N,N,N,,DAYLIGHT,CLEAR,DRY,,NO JUNCTION INVOLVED,,ASPHALT,FOLLOWING TOO CLOSELY,$1001 TO $2500,REAR END,W 3RDSTSJOHNSONAVE,0,,2022-10-05 18:00:00,,,
MONROE SD,M22A14226,MONROE,CLEAR CREEK,BLOOMINGTON,2,,0,0,0,4790,W FLUCK MILL RD,,,,,W FLUCK MILL RD,,,,,N,,0.0,,39.07391823,-86.57054878,PRIVATE DR,,,,RURAL,N,N,N,,DAYLIGHT,CLEAR,DRY,,NO JUNCTION INVOLVED,,ASPHALT,OTHER (DRIVER) - EXPLAIN IN NARRATIVE,$2501 TO $5000,SAME DIRECTION SIDESWIPE,WFLUCKMILLRD,0,,2022-06-16 07:00:00,,,
BLOOMINGTON PD,B22-32693,MONROE,BLOOMINGTON,BLOOMINGTON,2,,0,0,0,,W 8TH ST,,,,,W 8TH ST,N COLLEGE AVE,,,,Y,,0.0,,39.16948964,-86.53483619,LOCAL/CITY RD,,,,URBAN,N,N,N,,DAYLIGHT,CLEAR,DRY,,FOUR-WAY INTERSECTION,,ASPHALT,UNSAFE LN MOVEMENT,$1001 TO $2500,SAME DIRECTION SIDESWIPE,W8THSTNCOLLEGEAVE,0,,2022-08-20 15:44:00,,,
BLOOMINGTON PD,B22-32915,MONROE,VAN BUREN,BLOOMINGTON,1,,1,0,0,,S COPPER BEECH WAY,,,,,S COPPER BEECH WAY,S BASSWOOD DR,,,,Y,,0.0,,39.15665904,-86.57102055,LOCAL/CITY RD,,,,URBAN,N,N,N,,DAYLIGHT,CLOUDY,DRY,,NO JUNCTION INVOLVED,,ASPHALT,OTHER (DRIVER) - EXPLAIN IN NARRATIVE,UNDER $1001,RAN OFF RD,SCOPPERBEECHWAYSBASSWOODDR,0,,2022-08-21 20:00:00,,,
BLOOMINGTON PD,B22-42147,MONROE,BLOOMINGTON,BLOOMINGTON,2,,0,0,0,,N WALNUT ST,,,,,N WALNUT ST,E 7TH ST,,,,Y,,0.0,,39.16858802,-86.53357691,LOCAL/CITY RD,,,,URBAN,N,N,N,,DAYLIGHT,CLOUDY,DRY,,FOUR-WAY INTERSECTION,,ASPHALT,DRIVER ILLNESS,$5001 TO $10000,REAR END,NWALNUTSTE7THST,0,,2022-10-12 12:10:00,,,
MONROE SD,M22A8441,MONROE,PERRY,BLOOMINGTON,2,,0,0,0,,I-69,,,,,I-69,,,114.0,,N,,475.0,,39.11566324,-86.56541055,INTERSTATE,,,,RURAL,N,N,N,,DAYLIGHT,CLEAR,DRY,,NO JUNCTION INVOLVED,,ASPHALT,UNSAFE LN MOVEMENT,$1001 TO $2500,SAME DIRECTION SIDESWIPE,I-69114,0,,2022-04-14 17:45:00,,,
BLOOMINGTON PD,B2217199,MONROE,BLOOMINGTON,BLOOMINGTON,2,,0,0,0,,N DUNN ST,,,,,N DUNN ST,E KIRKWOOD AVE,,,,Y,,264.0,,39.16701591,-86.52820534,,,,,URBAN,N,N,N,,DAYLIGHT,CLEAR,DRY,,T-INTERSECTION,,ASPHALT,FAILURE TO YIELD RIGHT OF WAY,$2501 TO $5000,RIGHT ANGLE,NDUNNSTEKIRKWOODAVE,0,,2022-05-11 12:20:00,,,
BLOOMINGTON PD,B22-33529,MONROE,PERRY,BLOOMINGTON,1,,1,0,0,,S WALNUT ST,,,,,S WALNUT ST,E WYLIE ST,,,,Y,,0.0,,39.158367,-86.533661,LOCAL/CITY RD,,,,URBAN,N,N,N,,DARK (LIGHTED),CLEAR,DRY,,T-INTERSECTION,,ASPHALT,PEDESTRIAN ACTION,$1001 TO $2500,COLLISION WITH OBJECT IN RD,SWALNUTSTEWYLIEST,1,,2022-08-25 05:47:00,,,True
BLOOMINGTON PD,B22-22770,MONROE,PERRY,BLOOMINGTON,2,,0,0,0,,W 3RD ST,,,,,W 3RD ST,,,,,Y,,0.0,,39.16441876,-86.57227061,LOCAL/CITY RD,,,,URBAN,N,N,N,,DAYLIGHT,CLEAR,DRY,,FOUR-WAY INTERSECTION,,ASPHALT,FAILURE TO YIELD RIGHT OF WAY,$1001 TO $2500,SAME DIRECTION SIDESWIPE,W 3RDST,0,,2022-06-17 17:32:00,,,
MONROE SD,M22A4590,MONROE,BLOOMINGTON,BLOOMINGTON,2,,0,0,0,,N WALNUT ST,,,,,N WALNUT ST,E WHISNAND RD,,,,N,,0.0,,39.22561783,-86.54010005,,,,,RURAL,N,N,N,,DAYLIGHT,CLEAR,DRY,,NO JUNCTION INVOLVED,,ASPHALT,FOLLOWING TOO CLOSELY,$5001 TO $10000,REAR END,NWALNUTSTEWHISNANDRD,0,,2022-02-26 10:16:00,,,
BLOOMINGTON PD,B22-39288,MONROE,VAN BUREN,BLOOMINGTON,2,,0,0,0,,W 3RD ST,,,,,W 3RD ST,S LIBERTY DR,,,,Y,,800.0,,39.16462694,-86.58062552,LOCAL/CITY RD,,,,URBAN,N,N,N,,DAYLIGHT,CLEAR,DRY,,FOUR-WAY INTERSECTION,,ASPHALT,FAILURE TO YIELD RIGHT OF WAY,$10001 TO $25000,RIGHT ANGLE,W 3RDSTSLIBERTYDR,0,,2022-09-27 12:17:00,,,
BLOOMINGTON PD,B22-40048,MONROE,BLOOMINGTON,BLOOMINGTON,3,,0,0,0,,ST RD 46,,,,,ST RD 46,E 7TH ST,,,,Y,,264.0,,39.16804181,-86.50039262,ST RD,,,,URBAN,N,N,N,,DAYLIGHT,CLEAR,DRY,,NO JUNCTION INVOLVED,,ASPHALT,FOLLOWING TOO CLOSELY,$10001 TO $25000,REAR END,STATERD46E7THST,0,,2022-09-30 18:04:00,,,
ISP BLOOMINGTON 33,2.022E+11,MONROE,CLEAR CREEK,BLOOMINGTON,2,,0,0,0,4725,GUTHRIE RD,,,,,GUTHRIE RD,,,,,N,,0.0,,38.99540394,-86.46403962,PRIVATE DR,,,,RURAL,N,N,N,,DARK (NOT LIGHTED),CLOUDY,MUDDY,,NO JUNCTION INVOLVED,,OTHER - EXPLAIN IN NARRATIVE,OTHER (DRIVER) - EXPLAIN IN NARRATIVE,$1001 TO $2500,RIGHT ANGLE,GUTHRIERD,0,,2022-05-18 23:42:00,,,
MONROE SD,M22A24068,MONROE,PERRY,BLOOMINGTON,4,,2,0,0,,S ST RD 37,,,,,S ST RD 37,,,,,N,,0.0,,39.09758145,-86.54027442,COUNTY RD,,,,RURAL,N,N,N,,DAYLIGHT,CLEAR,DRY,,NO JUNCTION INVOLVED,,ASPHALT,FOLLOWING TOO CLOSELY,OVER $100000,REAR END,SOLDSTATERD37,0,,2022-09-30 03:56:00,,,True
BLOOMINGTON PD,B22-26183,MONROE,BLOOMINGTON,BLOOMINGTON,2,,0,0,0,,W 14TH ST,,,,,W 14TH ST,N COLLEGE AVE,,,,Y,,0.0,,39.17593069,-86.53464961,LOCAL/CITY RD,,,,URBAN,N,N,N,,DAYLIGHT,CLEAR,DRY,,FOUR-WAY INTERSECTION,,ASPHALT,FAILURE TO YIELD RIGHT OF WAY,$1001 TO $2500,REAR END,W14THSTNCOLLEGEAVE,0,,2022-07-09 17:42:00,,,
INDIANA UNIV BLOOMINGTON PD,220314,MONROE,BLOOMINGTON,BLOOMINGTON,1,,0,0,0,310,S FESS AVE,,,,,S FESS AVE,,,,,Y,,0.0,,39.16348015,-86.52638871,LOCAL/CITY RD,,,,URBAN,N,N,N,,DAYLIGHT,CLEAR,DRY,,NO JUNCTION INVOLVED,,CONCRETE,BRAKE FAILURE OR DEFECTIVE,UNDER $1001,RIGHT TURN,SFESSAVE,0,,2022-01-12 13:30:00,,,
BLOOMINGTON PD,B22-14546,MONROE,,,2,,1,0,0,,E 1ST,,,,,E 1ST,S WOODLAWN AVE,,,,Y,,0.0,,0.0,0.0,LOCAL/CITY RD,,,,URBAN,N,N,N,,DAYLIGHT,CLEAR,DRY,,FOUR-WAY INTERSECTION,,ASPHALT,OTHER (DRIVER) - EXPLAIN IN NARRATIVE,$10001 TO $25000,REAR END,SWOODLAWNAVEE1STST,0,,2022-04-23 20:09:00,,,
BLOOMINGTON PD,B22-25961,MONROE,PERRY,BLOOMINGTON,2,,0,0,0,,STONEGATE DR,,,,,STONEGATE DR,S SMITH RD,,,,Y,,0.0,,39.16116344,-86.48070706,LOCAL/CITY RD,,,,URBAN,N,N,N,,DAYLIGHT,CLEAR,DRY,,NO JUNCTION INVOLVED,,ASPHALT,FOLLOWING TOO CLOSELY,$2501 TO $5000,REAR END,STONEGATEDRSSMITHRD,0,,2022-07-08 08:00:00,,,
INDIANA UNIV BLOOMINGTON PD,221841,MONROE,BLOOMINGTON,BLOOMINGTON,2,,0,0,0,,E 3RD ST,,,,,E 3RD ST,S EAGLESON AVE,,,,Y,,0.0,,39.16425839,-86.51635177,LOCAL/CITY RD,,,,URBAN,N,N,N,,DAYLIGHT,CLEAR,DRY,,FOUR-WAY INTERSECTION,,ASPHALT,UNSAFE LN MOVEMENT,$2501 TO $5000,SAME DIRECTION SIDESWIPE,SEAGLESON AVEAVEE 3RDST,0,,2022-05-10 19:20:00,,,
INDIANA UNIV BLOOMINGTON PD,222154,MONROE,BLOOMINGTON,BLOOMINGTON,2,,0,0,0,,E 3RD ST,,,,,E 3RD ST,N EAGLESON AVE,,,,Y,,0.0,,39.16425423,-86.51603527,LOCAL/CITY RD,,,,URBAN,N,N,N,,DAYLIGHT,CLEAR,DRY,,FOUR-WAY INTERSECTION,,ASPHALT,UNSAFE LN MOVEMENT,$2501 TO $5000,SAME DIRECTION SIDESWIPE,NEAGLESONAVEE 3RDST,0,,2022-06-15 12:40:00,,,
BLOOMINGTON PD,B22-08153,MONROE,BLOOMINGTON,BLOOMINGTON,2,,0,0,0,,N WALNUT ST,,,,,N WALNUT ST,E GLENDORA DR,,,,Y,,0.0,,39.19024889,-86.53320713,LOCAL/CITY RD,,,,URBAN,N,N,N,,DAYLIGHT,SNOW,WET,,T-INTERSECTION,,ASPHALT,FOLLOWING TOO CLOSELY,$1001 TO $2500,REAR END,NWALNUTSTEGLENDORADR,0,,2022-03-11 14:39:00,,,
BLOOMINGTON PD,B22-04183,MONROE,PERRY,BLOOMINGTON,1,,0,0,0,,S MULLER PKWY,,,,,S MULLER PKWY,S BASSWOOD DR,,,,Y,,0.0,,39.15981479,-86.56805224,LOCAL/CITY RD,,,,URBAN,N,N,N,,DAYLIGHT,CLEAR,SNOW/SLUSH,,NO JUNCTION INVOLVED,,ASPHALT,UNSAFE BACKING,$1001 TO $2500,RIGHT ANGLE,SMULLERPKWYSBASSWOODDR,0,,2022-02-06 14:25:00,,,
BLOOMINGTON PD,B22-14983,MONROE,PERRY,BLOOMINGTON,2,,0,0,0,,W DODDS ST,,,,,W DODDS ST,S MORTON ST,,,,Y,,0.0,,39.157449,-86.536329,LOCAL/CITY RD,,,,URBAN,N,N,N,,DAYLIGHT,CLEAR,DRY,,FOUR-WAY INTERSECTION,,ASPHALT,UNSAFE BACKING,$1001 TO $2500,BACKING CRASH,W.DODDSSTS.MORTONST,0,,2022-04-26 11:55:00,,,
INDIANA UNIV BLOOMINGTON PD,220853,MONROE,BLOOMINGTON,BLOOMINGTON,2,,0,0,0,,E ATWATER AVE,,,,,E ATWATER AVE,S EAGLESON AVE,,,,Y,,211.0,,39.1631229,-86.51594944,LOCAL/CITY RD,,,,URBAN,N,N,N,,DAYLIGHT,CLEAR,DRY,,NO JUNCTION INVOLVED,,ASPHALT,FAILURE TO YIELD RIGHT OF WAY,$2501 TO $5000,SAME DIRECTION SIDESWIPE,SEAGLESONAVEEATWATERAVE,0,,2022-03-05 14:30:00,,,
BLOOMINGTON PD,B22-15648,MONROE,PERRY,BLOOMINGTON,2,,2,1,0,,W COUNTRY CLUB DR,,,,,W COUNTRY CLUB DR,S BANTA AVE,,,,Y,,106.0,,39.13624947,-86.54508403,LOCAL/CITY RD,,,,URBAN,N,N,N,,DAYLIGHT,CLEAR,DRY,,NO JUNCTION INVOLVED,,ASPHALT,LEFT OF CENTER,$10001 TO $25000,HEAD ON BETWEEN TWO MOTOR VEHICLES,WCOUNTRYCLUBDRSBANTAAVE,0,,2022-04-30 15:55:00,,,
MONROE SD,M22A15466,MONROE,PERRY,BLOOMINGTON,1,,0,0,1,,I-69,,,,,I-69,,,112.9,,N,,0.0,,39.09309775,-86.56628117,,,,,RURAL,N,Y,N,,DAYLIGHT,CLEAR,DRY,,NO JUNCTION INVOLVED,,ASPHALT,ANIMAL/OBJECT IN RDWAY,$2501 TO $5000,COLLISION WITH DEER,I-69112.9,0,,2022-06-29 11:55:00,,,
BLOOMINGTON PD,B22-11187,MONROE,BLOOMINGTON,BLOOMINGTON,2,,0,0,0,,W KIRKWOOD AVE,,,,,W KIRKWOOD AVE,N COLLEGE AVE,,,,N,,0.0,,39.16660832,-86.53490729,LOCAL/CITY RD,,,,URBAN,N,N,N,,DAYLIGHT,CLEAR,DRY,,FOUR-WAY INTERSECTION,,ASPHALT,FOLLOWING TOO CLOSELY,$1001 TO $2500,REAR END,WKIRKWOODAVENCOLLEGEAVE,0,,2022-04-01 04:23:00,,,
BLOOMINGTON PD,B22-26968,MONROE,BLOOMINGTON,BLOOMINGTON,2,,0,0,0,,N PLYMOUTH RD,,,,,N PLYMOUTH RD,E WALPOLE LN,,,,Y,,370.0,,39.17381706,-86.47528715,LOCAL/CITY RD,,,,URBAN,N,N,N,,DAYLIGHT,CLEAR,DRY,,NO JUNCTION INVOLVED,,ASPHALT,IMPROPER PASSING,$1001 TO $2500,SAME DIRECTION SIDESWIPE,NPLYMOUTHRDEWALPOLELN,0,,2022-07-14 21:04:00,,,
BLOOMINGTON PD,B22-38095,MONROE,BLOOMINGTON,BLOOMINGTON,2,,0,0,0,3020,E 3RD ST,,,,,E 3RD ST,,,,,Y,,0.0,,39.16498401,-86.49258294,PRIVATE DR,,,,URBAN,N,N,N,,DAYLIGHT,CLEAR,DRY,,NO JUNCTION INVOLVED,,ASPHALT,UNSAFE BACKING,$1001 TO $2500,BACKING CRASH,E 3RDST,0,,2022-09-20 16:00:00,,,
BLOOMINGTON PD,B22-27690,MONROE,VAN BUREN,BLOOMINGTON,2,,1,0,0,,S LEONARD SPRINGS RD,,,,,S LEONARD SPRINGS RD,W TAPP RD,,,,Y,,0.0,,39.13684504,-86.58258624,LOCAL/CITY RD,,,,RURAL,N,N,N,,DAYLIGHT,CLEAR,DRY,,T-INTERSECTION,,ASPHALT,FAILURE TO YIELD RIGHT OF WAY,$10001 TO $25000,RIGHT ANGLE,WTAPPRDSLEONARDSPRINGSRD,0,,2022-07-19 17:43:00,,,
ISP BLOOMINGTON 33,2.022E+11,MONROE,PERRY,BLOOMINGTON,2,,0,0,0,,E RHORER RD,,,,,E RHORER RD,S ST RD 37,,,,Y,,0.0,,39.12098693,-86.53063099,PRIVATE DR,,,,URBAN,N,N,N,,DAYLIGHT,CLEAR,DRY,,NO JUNCTION INVOLVED,,ASPHALT,UNSAFE BACKING,$1001 TO $2500,BACKING CRASH,SOLDSTATERD37ERHORERRD,0,,2022-07-12 18:16:00,,,
MONROE SD,M22A11566,MONROE,BLOOMINGTON,BLOOMINGTON,2,,0,0,0,,E BETHEL LN,,,,,E BETHEL LN,N ST RD 37,,,,N,,0.0,,39.21537949,-86.52140724,LOCAL/CITY RD,,,,RURAL,N,N,N,,DAYLIGHT,CLEAR,DRY,,T-INTERSECTION,,ASPHALT,UNSAFE BACKING,$1001 TO $2500,BACKING CRASH,NOLDSTATERD37EBETHELLN,0,,2022-05-19 13:15:00,,,
BLOOMINGTON PD,B22-33768,MONROE,BLOOMINGTON,BLOOMINGTON,2,,0,0,0,,E KIRKWOOD AVE,,,,,E KIRKWOOD AVE,S DUNN ST,,,,Y,,0.0,,39.16606878,-86.52901508,PRIVATE DR,,,,URBAN,N,N,N,,DAYLIGHT,CLEAR,DRY,,FOUR-WAY INTERSECTION,,ASPHALT,UNSAFE BACKING,$2501 TO $5000,LEFT TURN,SDUNNSTEKIRKWOODAVE,0,,2022-08-26 13:50:00,,,
INDIANA UNIV BLOOMINGTON PD,221879,MONROE,BLOOMINGTON,BLOOMINGTON,1,,0,0,0,,E 7TH ST,,,,,E 7TH ST,N WOODLAWN AVE,,,,Y,,0.0,,39.16851108,-86.52385391,LOCAL/CITY RD,,,,URBAN,N,N,N,,DAYLIGHT,CLEAR,DRY,,NO JUNCTION INVOLVED,,ASPHALT,OTHER (DRIVER) - EXPLAIN IN NARRATIVE,$2501 TO $5000,OTHER - EXPLAIN IN NARRATIVE,NWOODLAWNAVEE7THST,0,,2022-05-16 07:25:00,,,
BLOOMINGTON PD,B22-30428,MONROE,PERRY,BLOOMINGTON,2,,1,0,0,,E 3RD ST,,,,,E 3RD ST,S PETE LLIS DR,,,,Y,,0.0,,39.16420634,-86.49458494,,,,,URBAN,N,N,N,,DARK (LIGHTED),CLEAR,DRY,,T-INTERSECTION,,ASPHALT,UNSAFE SPEED,$2501 TO $5000,RIGHT ANGLE,SPETEELLISDRE 3RDST,0,,2022-08-06 21:00:00,,,
BLOOMINGTON PD,B22-38083,MONROE,PERRY,BLOOMINGTON,2,,0,0,0,535,S WALNUT ST,,,,,S WALNUT ST,,,,,Y,,0.0,,39.15999701,-86.53287725,LOCAL/CITY RD,,,,URBAN,N,N,N,,DAYLIGHT,CLEAR,DRY,,NO JUNCTION INVOLVED,,ASPHALT,UNSAFE BACKING,UNDER $1001,BACKING CRASH,SWALNUTST,0,,2022-09-20 14:33:00,,,
MONROE SD,M22A12073,MONROE,CLEAR CREEK,BLOOMINGTON,2,,0,0,0,,E SMITHVILLE RD,,,,,E SMITHVILLE RD,ST RD 37,,,,N,,0.0,,39.07093885,-86.53622764,ST RD,,,,RURAL,N,N,N,,DAWN/DUSK,CLEAR,DRY,,T-INTERSECTION,,ASPHALT,FAILURE TO YIELD RIGHT OF WAY,$25001 TO $50000,RIGHT ANGLE,STATERD37ESMITHVILLERD,0,,2022-05-25 08:39:00,,,
INDIANA UNIV BLOOMINGTON PD,221961,MONROE,BLOOMINGTON,BLOOMINGTON,2,,2,0,0,,N FEE LN,,,,,N FEE LN,N EAGLESON AVE,,,,Y,,0.0,,39.18375004,-86.51923246,LOCAL/CITY RD,,,,URBAN,N,N,N,,DAYLIGHT,CLEAR,DRY,,FOUR-WAY INTERSECTION,,ASPHALT,FOLLOWING TOO CLOSELY,$2501 TO $5000,REAR END,NEAGLESON AVEAVENFEELN,0,,2022-05-24 16:55:00,,,
ELLETTSVILLE PD,E22-02974,MONROE,RICHLAND,ELLETTSVILLE,2,,0,0,0,,W ST RD 46,,,,,W ST RD 46,N CAPITOL AVE,,,,Y,,686.0,,39.22250933,-86.60791784,ST RD,,,,RURAL,N,N,N,,DAYLIGHT,CLOUDY,WET,,NO JUNCTION INVOLVED,,ASPHALT,UNSAFE LN MOVEMENT,$5001 TO $10000,SAME DIRECTION SIDESWIPE,WSTATERD46NCAPITOLAVE,0,,2022-08-09 16:19:00,,,
MONROE SD,M22A25107,MONROE,INDIAN CREEK,HARRODSBURG,1,,0,1,0,,W POPCORN RD,,,,,W POPCORN RD,,,,,N,,0.0,,38.99275351,-86.6313564,COUNTY RD,,,,RURAL,N,N,N,,DARK (NOT LIGHTED),CLEAR,WET,,NO JUNCTION INVOLVED,,ASPHALT,SPEED TOO FAST FOR WEATHER CONDITIONS,$10001 TO $25000,RAN OFF RD,WPOPCORNRD,0,,2022-10-12 20:30:00,,,
BLOOMINGTON PD,B22-18730,MONROE,BLOOMINGTON,BLOOMINGTON,2,,0,0,0,,E JOHN HINKLE PL,,,,,E JOHN HINKLE PL,N PETE LLIS DR,,,,Y,,0.0,,39.17052204,-86.49537646,LOCAL/CITY RD,,,,URBAN,N,N,N,,DAYLIGHT,CLEAR,DRY,,T-INTERSECTION,,ASPHALT,IMPROPER TURNING,$5001 TO $10000,OPPOSITE DIRECTION SIDESWIPE,NPETEELLISDREJOHNHINKLEPL,0,,2022-05-21 18:00:00,,,
MONROE SD,M22A12812,MONROE,RICHLAND,BLOOMINGTON,1,,0,0,1,,W DELAP RD,,,,,W DELAP RD,N UNION VALLEY RD,,,,N,,0.0,,39.25180625,-86.59276109,COUNTY RD,,,,RURAL,N,N,N,,DARK (NOT LIGHTED),RAIN,WET,,T-INTERSECTION,,ASPHALT,ANIMAL/OBJECT IN RDWAY,$50001 TO $100000,RAN OFF RD,WDELAPRDNUNIONVALLEYRD,0,,2022-06-02 03:29:00,,,
BLOOMINGTON PD,B22-22807,MONROE,PERRY,BLOOMINGTON,2,,0,0,0,,S ELEMENT WAY,,,,,S ELEMENT WAY,,,,,Y,,0.0,,,,LOCAL/CITY RD,,,,URBAN,N,N,N,,UNKNOWN,CLEAR,DRY,,NO JUNCTION INVOLVED,,ASPHALT,IMPROPER LN USAGE,$2501 TO $5000,SAME DIRECTION SIDESWIPE,SELEMENTWAY,0,,2022-06-17 20:00:00,,,
BLOOMINGTON PD,B2242908,MONROE,BLOOMINGTON,BLOOMINGTON,2,,1,0,0,,S COLLEGE MALL RD,,,,,S COLLEGE MALL RD,E BUICK CADILLAC BLVD,,,,Y,,0.0,,39.15810106,-86.49790353,,,,,URBAN,N,N,N,,DARK (NOT LIGHTED),CLEAR,DRY,,FOUR-WAY INTERSECTION,,ASPHALT,FOLLOWING TOO CLOSELY,$5001 TO $10000,REAR END,SCOLLEGEMALLRDEBUICKCADILLACBLVD,0,,2022-10-17 06:27:00,,,
MONROE SD,M22A3848,MONROE,RICHLAND,BLOOMINGTON,2,,0,0,0,,ST RD 46,,,,,ST RD 46,N CURRY PK,,,,N,,0.0,,39.19368655,-86.57138948,ST RD,,,,RURAL,N,N,N,,DARK (NOT LIGHTED),SNOW,ICE,,FOUR-WAY INTERSECTION,,ASPHALT,FAILURE TO YIELD RIGHT OF WAY,$5001 TO $10000,LEFT/RIGHT TURN,STATERD46NCURRYPK,0,,2022-02-17 20:05:00,,,
ELLETTSVILLE PD,E2202298,MONROE,RICHLAND,ELLETTSVILLE,1,0.0,1,0,0,,GILMORE,RD,,,,GILMORE,REEVES,,,,N,,2000.0,N,39.231648,-86.671296,LOCAL/CITY RD,,Y,N,RURAL,N,N,N,,DAYLIGHT,CLEAR,DRY,,NO JUNCTION INVOLVED,CURVE/LEVEL,ASPHALT,UNSAFE SPEED,$10001 TO $25000,RAN OFF RD,GILMORERDREEVESRD,0,NONE,2022-06-20 13:17:00,,,
INDIANA UNIV BLOOMINGTON PD,223375,MONROE,BLOOMINGTON,BLOOMINGTON,2,,0,0,0,,ST RD 45,,,,,ST RD 45,N MILO B SAMPSON LN,,,,Y,,0.0,,39.18619656,-86.52406563,ST RD,,,,URBAN,N,N,N,,DAYLIGHT,CLEAR,DRY,,T-INTERSECTION,,ASPHALT,FAILURE TO YIELD RIGHT OF WAY,$2501 TO $5000,RIGHT ANGLE,STATERD45NMILOBSAMPSONLN,0,,2022-09-17 16:35:00,,,
BLOOMINGTON PD,B22-09679,MONROE,BLOOMINGTON,BLOOMINGTON,2,,2,0,0,,N PROW RD,,,,,N PROW RD,W ARLINGTON RD,,,,Y,,0.0,,39.19251752,-86.55258841,LOCAL/CITY RD,,,,URBAN,N,N,N,,DAYLIGHT,RAIN,WET,,T-INTERSECTION,,CONCRETE,FOLLOWING TOO CLOSELY,$2501 TO $5000,REAR END,WARLINGTONRDNPROWRD,0,,2022-03-22 02:49:00,,,
BLOOMINGTON PD,B22-31651,MONROE,PERRY,BLOOMINGTON,2,,0,0,0,,S MITCHELL ST,,,,,S MITCHELL ST,E ATWATER AVE,,,,Y,,100.0,,39.16349751,-86.51418164,LOCAL/CITY RD,,,,URBAN,N,N,N,,DAYLIGHT,CLOUDY,DRY,,NO JUNCTION INVOLVED,,ASPHALT,UNSAFE BACKING,$2501 TO $5000,BACKING CRASH,SMITCHELLSTEATWATERAVE,0,,2022-08-15 08:51:00,,,
BLOOMINGTON PD,B22-19275,MONROE,BLOOMINGTON,BLOOMINGTON,2,,0,0,0,,S ROGERS ST,,,,,S ROGERS ST,W 4TH ST,,,,Y,,0.0,,39.16546966,-86.53872317,LOCAL/CITY RD,,,,URBAN,N,N,N,,DAYLIGHT,CLEAR,DRY,,FOUR-WAY INTERSECTION,,ASPHALT,FAILURE TO YIELD RIGHT OF WAY,$1001 TO $2500,SAME DIRECTION SIDESWIPE,W4THSTSROGERSST,0,,2022-05-25 13:58:00,,,
MONROE SD,M22A15084,MONROE,VAN BUREN,BLOOMINGTON,1,,0,0,0,3585,W ST RD 45,,,,,W ST RD 45,,,,,Y,,0.0,,39.14237322,-86.5816421,PRIVATE DR,,,,URBAN,N,N,N,,DAYLIGHT,CLEAR,DRY,,NO JUNCTION INVOLVED,,ASPHALT,OTHER (DRIVER) - EXPLAIN IN NARRATIVE,$1001 TO $2500,RAN OFF RD,WSTATERD45,0,,2022-06-25 08:21:00,,,