Agency,Local Code,County,Township,City,Vehicles Involved,Trailers Involved,Number Injured,Number Dead,Number Deer,House Number,Roadway Name,Roadway Suffix,Roadway Number,Roadway Interchange,Roadway Ramp,Roadway Id,Intersecting Road,Intersecting Road Number,Mile Marker,Interchange,Corporate Limits?,Property Type,Feet From,Direction,Latitude,Longitude,Roadway Class,Traffic Control Devices?,Aggressive Driving?,Hit and Run?,Locality,School Zone?,Rumble Strips?,Construction?,Construction Type,Light Condition,Weather Conditions,Surface Condition,Type of Median,Roadway Junction Type,Road Character,Roadway Surface,Primary Factor,Damage Estimate,Manner of Collision,Unique Location Id,State Property Damage?,Traffic Control,DateTime,Address Number,Cyclist Involved,Pedestrian Involved
BLOOMINGTON PD,B22-17775,MONROE,PERRY,BLOOMINGTON,2,,0,0,0,,E DAVID DR,,,,,E DAVID DR,E DAVID DR,,,,Y,,0.0,,39.13855375,-86.49654097,LOCAL/CITY RD,,,,URBAN,N,N,N,,DAWN/DUSK,RAIN,WET,,T-INTERSECTION,,ASPHALT,FOLLOWING TOO CLOSELY,$5001 TO $10000,REAR END,EDAVIDDREDAVIDDR,0,,2022-05-14 08:20:00,,,
INDIANA UNIV BLOOMINGTON PD,223569,MONROE,BLOOMINGTON,BLOOMINGTON,2,,0,0,0,,S FESS AVE,,,,,S FESS AVE,E ATWATER AVE,,,,Y,,0.0,,39.16311927,-86.52590194,LOCAL/CITY RD,,,,URBAN,N,N,N,,DAYLIGHT,CLEAR,DRY,,FOUR-WAY INTERSECTION,,ASPHALT,FAILURE TO YIELD RIGHT OF WAY,$2501 TO $5000,RIGHT ANGLE,SFESSAVEEATWATERAVE,0,,2022-09-26 08:45:00,,,
BLOOMINGTON PD,B22-15978,MONROE,BLOOMINGTON,BLOOMINGTON,2,,1,0,0,,E 3RD ST,,,,,E 3RD ST,E 3RD ST,,,,Y,,0.0,,39.16427641,-86.49830765,,,,,URBAN,N,N,N,,DARK (LIGHTED),RAIN,WET,,FOUR-WAY INTERSECTION,,ASPHALT,DISREGARD SIGNAL/REG SIGN,$5001 TO $10000,LEFT TURN,E 3RDSTE 3RDST,0,,2022-05-03 01:43:00,,,
BLOOMINGTON PD,B22-40698,MONROE,PERRY,BLOOMINGTON,2,,0,0,0,1300,S PATTERSON DR,,,,,S PATTERSON DR,,,,,N,,0.0,,39.1548311,-86.54382931,PRIVATE DR,,,,URBAN,N,N,N,,DAYLIGHT,CLEAR,DRY,,NO JUNCTION INVOLVED,,ASPHALT,UNSAFE BACKING,$2501 TO $5000,RIGHT ANGLE,SPATTERSONDR,0,,2022-10-04 16:24:00,,,
BLOOMINGTON PD,B22-41824,MONROE,PERRY,BLOOMINGTON,2,,0,0,0,1275,S COLLEGE MALL RD,,,,,S COLLEGE MALL RD,,,,,Y,,0.0,,39.1526681,-86.49666996,PRIVATE DR,,,,URBAN,N,N,N,,DAYLIGHT,CLEAR,DRY,,NO JUNCTION INVOLVED,,ASPHALT,UNSAFE BACKING,$2501 TO $5000,BACKING CRASH,SCOLLEGEMALLRD,0,,2022-10-10 15:30:00,,,
BLOOMINGTON PD,B22-15296,MONROE,PERRY,BLOOMINGTON,2,,0,0,0,541,S LINCOLN ST,,,,,S LINCOLN ST,,,,,N,,0.0,,39.15891169,-86.53089315,PRIVATE DR,,,,URBAN,N,N,N,,DARK (NOT LIGHTED),CLOUDY,DRY,,NO JUNCTION INVOLVED,,CONCRETE,IMPROPER TURNING,UNDER $1001,SAME DIRECTION SIDESWIPE,SLINCOLNST,0,,2022-04-27 00:00:00,,,
BLOOMINGTON PD,B22-33057,MONROE,BLOOMINGTON,BLOOMINGTON,2,,0,0,0,,E 10TH ST,,,,,E 10TH ST,N PETE LLIS DR,,,,Y,,0.0,,39.171474,-86.495398,LOCAL/CITY RD,,,,URBAN,N,N,N,,DAYLIGHT,CLEAR,DRY,,FOUR-WAY INTERSECTION,,ASPHALT,VIEW OBSTRUCTED,$2501 TO $5000,RIGHT ANGLE,NPETEELLISDRE 10THST,0,,2022-08-22 19:22:00,,,
MONROE SD,M22A2988,MONROE,PERRY,BLOOMINGTON,2,,0,0,0,4025,S ST RD 37,,,,,S ST RD 37,E RHORER RD,,,,N,,0.0,,39.12381061,-86.53341582,LOCAL/CITY RD,,,,URBAN,N,N,N,,DAYLIGHT,CLEAR,ICE,,NO JUNCTION INVOLVED,,ASPHALT,SPEED TOO FAST FOR WEATHER CONDITIONS,$5001 TO $10000,HEAD ON BETWEEN TWO MOTOR VEHICLES,SOLDSTATERD37ERHORERRD,0,,2022-02-08 10:33:00,,,
MONROE SD,M22A18247,MONROE,RICHLAND,BLOOMINGTON,2,,0,0,0,2150,21N ANGELINA LN50,,,,,21N ANGELINA LN50,,,,,N,,0.0,,39.19151588,-86.60177958,PRIVATE DR,,,,URBAN,N,N,N,,DAWN/DUSK,CLEAR,DRY,,NO JUNCTION INVOLVED,,ASPHALT,IMPROPER TURNING,$1001 TO $2500,LEFT TURN,21NANGELINALN50,0,,2022-07-28 07:05:00,,,
BLOOMINGTON PD,B22-37608,MONROE,BLOOMINGTON,BLOOMINGTON,2,,0,0,0,320,N JACOB DR,,,,,N JACOB DR,,,,,Y,,0.0,,39.17043525,-86.57206587,PRIVATE DR,,,,URBAN,N,N,N,,DAYLIGHT,CLEAR,DRY,,NO JUNCTION INVOLVED,,ASPHALT,OVERCORRECTING/OVERSTEERING,$1001 TO $2500,SAME DIRECTION SIDESWIPE,NJACOBDR,0,,2022-09-17 12:52:00,,,
BLOOMINGTON PD,B22-41289,MONROE,VAN BUREN,BLOOMINGTON,2,,0,0,0,,W 3RD ST,,,,,W 3RD ST,I-69,,,,Y,,0.0,,39.16466313,-86.57403989,INTERSTATE,,,,URBAN,N,N,N,,DAYLIGHT,CLEAR,DRY,,FOUR-WAY INTERSECTION,,ASPHALT,FAILURE TO MAINTAIN LN,$2501 TO $5000,SAME DIRECTION SIDESWIPE,W 3RDSTI-69,0,,2022-10-07 14:33:00,,,
BLOOMINGTON PD,B22-42243,MONROE,PERRY,BLOOMINGTON,2,,0,0,0,,S KINGSTON DR,,,,,S KINGSTON DR,E 3RD ST,,,,Y,,0.0,,39.16404065,-86.49304797,LOCAL/CITY RD,,,,URBAN,N,N,N,,DARK (NOT LIGHTED),CLEAR,DRY,,FOUR-WAY INTERSECTION,,ASPHALT,FOLLOWING TOO CLOSELY,$2501 TO $5000,REAR END,SKINGSTONDRE 3RDST,0,,2022-10-12 19:12:00,,,
BLOOMINGTON PD,B22-05993,MONROE,BLOOMINGTON,BLOOMINGTON,1,,0,0,0,,W SMITH AVE,,,,,W SMITH AVE,S WALNUT ST,,,,Y,,0.0,,39.16281234,-86.53402573,LOCAL/CITY RD,,,,URBAN,N,N,N,,DARK (LIGHTED),CLEAR,DRY,,INTERCHANGE,,ASPHALT,IMPROPER TURNING,UNDER $1001,RAN OFF RD,WSMITHAVESWALNUTST,0,,2022-02-22 23:45:00,,,
BLOOMINGTON PD,B22-03704,MONROE,BLOOMINGTON,BLOOMINGTON,2,,1,0,0,,N WALNUT ST,,,,,N WALNUT ST,W 11TH ST,,,,Y,,0.0,,39.17302968,-86.53357692,LOCAL/CITY RD,,,,URBAN,N,N,N,,DAYLIGHT,RAIN,WET,,NO JUNCTION INVOLVED,,ASPHALT,FOLLOWING TOO CLOSELY,$1001 TO $2500,REAR END,W11THSTNWALNUTST,0,,2022-02-02 05:00:00,,,
BLOOMINGTON PD,B22-32235,MONROE,PERRY,BLOOMINGTON,2,,1,0,0,,W 2ND ST,,,,,W 2ND ST,S WALKER ST,,,,Y,,0.0,,39.16140994,-86.54614974,LOCAL/CITY RD,,,,URBAN,N,N,N,,DAYLIGHT,CLEAR,DRY,,FOUR-WAY INTERSECTION,,ASPHALT,FOLLOWING TOO CLOSELY,$5001 TO $10000,REAR END,W 2NDSTSWALKERST,0,,2022-08-18 11:26:00,,,
ISP BLOOMINGTON 33,2.022E+11,MONROE,VAN BUREN,BLOOMINGTON,2,,1,0,0,,W ST RD 45,,,,,W ST RD 45,S ISON RD,,,,N,,0.0,,39.12793094,-86.60646434,ST RD,,,,RURAL,N,N,N,,DAYLIGHT,CLEAR,DRY,,T-INTERSECTION,,ASPHALT,FAILURE TO YIELD RIGHT OF WAY,$5001 TO $10000,REAR END,WSTATERD45SISONRD,0,,2022-07-30 11:55:00,,,
BLOOMINGTON PD,B22-41913,MONROE,PERRY,BLOOMINGTON,2,,0,0,0,,SARE RD,,,,,SARE RD,ROGERS ST,,,,Y,,0.0,,39.135917,-86.4963307,LOCAL/CITY RD,,,,URBAN,N,N,N,,DAYLIGHT,CLOUDY,DRY,,TRAFFIC CIRCLE/ROUNDABOUT,,ASPHALT,FAILURE TO YIELD RIGHT OF WAY,$5001 TO $10000,RIGHT ANGLE,SARERDROGERSRD,0,,2022-10-11 07:40:00,,,
MONROE SD,M22A4134,MONROE,VAN BUREN,BLOOMINGTON,2,,0,0,0,3939,W INDUSTRIAL BLVD,,,,,W INDUSTRIAL BLVD,,,,,N,,0.0,,39.14365347,-86.58260783,,,,,RURAL,N,N,N,,DAYLIGHT,CLEAR,DRY,,NO JUNCTION INVOLVED,,ASPHALT,IMPROPER TURNING,$5001 TO $10000,RIGHT TURN,WINDUSTRIALBLVD,0,,2022-02-21 08:26:00,,,
BLOOMINGTON PD,B22-15732,MONROE,PERRY,BLOOMINGTON,1,,0,0,0,,S AZALEA LN,,,,,S AZALEA LN,S AZALEA LN,,,,N,,0.0,,39.14224043,-86.52437605,LOCAL/CITY RD,,,,URBAN,N,N,N,,DAYLIGHT,CLEAR,WET,,NO JUNCTION INVOLVED,,ASPHALT,UNSAFE SPEED,$25001 TO $50000,RAN OFF RD,SAZALEALNSAZALEALN,0,,2022-05-01 09:15:00,,,
BLOOMINGTON PD,B22-18053,MONROE,BLOOMINGTON,BLOOMINGTON,2,,0,0,0,,N WALNUT ST,,,,,N WALNUT ST,W KIRKWOOD AVE,,,,Y,,0.0,,39.16686341,-86.53360552,LOCAL/CITY RD,,,,URBAN,N,N,N,,DAYLIGHT,CLEAR,DRY,,NO JUNCTION INVOLVED,,ASPHALT,INSECURE/LEAKY LOAD,$1001 TO $2500,NON-COLLISION,WKIRKWOODAVENWALNUTST,0,,2022-05-17 10:15:00,,,
INDIANA UNIV BLOOMINGTON PD,221014,MONROE,BLOOMINGTON,BLOOMINGTON,2,,0,0,0,,N SUNRISE DR,,,,,N SUNRISE DR,E 7TH ST,,,,Y,,0.0,,39.16924098,-86.51246256,LOCAL/CITY RD,,,,URBAN,N,N,N,,DAYLIGHT,CLEAR,DRY,,NO JUNCTION INVOLVED,,ASPHALT,OTHER (DRIVER) - EXPLAIN IN NARRATIVE,$1001 TO $2500,RIGHT TURN,NSUNRISEDRE7THST,0,,2022-03-17 14:15:00,,,
INDIANA UNIV BLOOMINGTON PD,221541,MONROE,BLOOMINGTON,BLOOMINGTON,2,,0,0,0,,N FEE LN,,,,,N FEE LN,E LAW LN,,,,Y,,0.0,,39.17397094,-86.51888018,LOCAL/CITY RD,,,,URBAN,N,N,N,,DAYLIGHT,CLEAR,DRY,,T-INTERSECTION,,ASPHALT,DISREGARD SIGNAL/REG SIGN,UNDER $1001,RIGHT ANGLE,NFEELNELAWLN,0,,2022-04-22 13:20:00,,,
BLOOMINGTON PD,B22-41176,MONROE,PERRY,BLOOMINGTON,2,,0,0,0,,S BASSWOOD DR,,,,,S BASSWOOD DR,S MULLER PKWY,,,,Y,,0.0,,39.158777,-86.5700648,PRIVATE DR,,,,URBAN,N,N,N,,DARK (LIGHTED),CLOUDY,DRY,,NO JUNCTION INVOLVED,,ASPHALT,UNSAFE SPEED,$2501 TO $5000,RIGHT ANGLE,SMULLERPKWYSBASSWOODDR,0,,2022-10-06 23:03:00,,,
INDIANA UNIV BLOOMINGTON PD,223886,MONROE,BLOOMINGTON,BLOOMINGTON,2,,1,0,0,,ST RD 45,,,,,ST RD 45,,,,,Y,,0.0,,39.17681774,-86.50515529,LOCAL/CITY RD,,,,URBAN,N,N,N,,DAYLIGHT,CLEAR,DRY,,T-INTERSECTION,,ASPHALT,FOLLOWING TOO CLOSELY,$1001 TO $2500,REAR END,STATERD45,0,,2022-10-11 14:55:00,,,
BLOOMINGTON PD,B22-37458,MONROE,BLOOMINGTON,BLOOMINGTON,2,,0,0,0,115,S ST RD 46,,,,,S ST RD 46,,,,,Y,,0.0,,39.16444611,-86.49787317,PRIVATE DR,,,,URBAN,N,N,N,,DAYLIGHT,CLEAR,DRY,,NO JUNCTION INVOLVED,,ASPHALT,UNSAFE BACKING,$1001 TO $2500,BACKING CRASH,SSTRD46,0,,2022-09-16 12:58:00,,,
BLOOMINGTON PD,B22-04053,MONROE,PERRY,BLOOMINGTON,1,,0,0,0,,S WALNUT ST,,,,,S WALNUT ST,W DODDS ST,,,,Y,,0.0,,39.15704728,-86.53373874,LOCAL/CITY RD,,,,URBAN,N,N,N,,DARK (LIGHTED),CLEAR,SNOW/SLUSH,,NO JUNCTION INVOLVED,,ASPHALT,RDWAY SURFACE CONDITION,$2501 TO $5000,RAN OFF RD,WDODDSSTSWALNUTST,0,,2022-02-06 03:00:00,,,
BLOOMINGTON PD,B22-25992,MONROE,PERRY,BLOOMINGTON,2,,2,0,0,,E WYLIE ST,,,,,E WYLIE ST,S WALNUT ST,,,,Y,,0.0,,39.15835897,-86.53361886,LOCAL/CITY RD,,,,URBAN,N,N,N,,DAYLIGHT,CLEAR,DRY,,FOUR-WAY INTERSECTION,,ASPHALT,OVERCORRECTING/OVERSTEERING,$1001 TO $2500,REAR END,SWALNUTSTEWYLIEST,0,,2022-07-08 13:50:00,,,
BLOOMINGTON PD,B22-34639,MONROE,PERRY,BLOOMINGTON,2,,0,0,0,530,S COLLEGE MALL,,,,,S COLLEGE MALL,,,,,Y,,0.0,,39.16153594,-86.49858711,,,,,URBAN,N,N,N,,DAYLIGHT,CLEAR,DRY,,NO JUNCTION INVOLVED,,ASPHALT,UNDER STEERING/UNDER CORRECTING,$1001 TO $2500,SAME DIRECTION SIDESWIPE,SCOLLEGEMALL,0,,2022-08-31 12:55:00,,,
BLOOMINGTON PD,B22-32522,MONROE,BLOOMINGTON,BLOOMINGTON,2,,0,0,0,350,S LANDMARK AVE,,,,,S LANDMARK AVE,,,,,Y,,0.0,,39.16348344,-86.55627938,PRIVATE DR,,,,URBAN,N,N,N,,DAYLIGHT,CLEAR,DRY,,NO JUNCTION INVOLVED,,ASPHALT,IMPROPER TURNING,$1001 TO $2500,REAR END,SLANDMARKAVE,0,,2022-08-19 17:30:00,,,
MONROE SD,M22A24943,MONROE,VAN BUREN,BLOOMINGTON,2,,0,0,0,3585,W ST RD 45,,,,,W ST RD 45,,,,,N,,0.0,,39.141477,-86.58021,PRIVATE DR,,,,RURAL,N,N,N,,DAYLIGHT,CLEAR,DRY,,NO JUNCTION INVOLVED,,ASPHALT,IMPROPER TURNING,$1001 TO $2500,RIGHT TURN,WESTSTATERD45,0,,2022-10-11 11:10:00,,,
BLOOMINGTON PD,B22-20643,MONROE,RICHLAND,BLOOMINGTON,2,,2,0,0,3890,W 3RD ST,,,,,W 3RD ST,,,,,Y,,0.0,,39.16670969,-86.5819995,PRIVATE DR,,,,URBAN,N,N,N,,DAYLIGHT,CLEAR,DRY,,T-INTERSECTION,,ASPHALT,DRIVER DISTRACTED - EXPLAIN IN NARRATIVE,$1001 TO $2500,REAR END,W 3RDST,0,,2022-06-03 18:13:00,,,
BLOOMINGTON PD,B22-04762,MONROE,BLOOMINGTON,BLOOMINGTON,2,,0,0,0,1825,N KINSER PK; KROGER NORTH,,,,,N KINSER PK,,,,,Y,,0.0,,39.18767435,-86.53945458,LOCAL/CITY RD,,,,URBAN,N,N,N,,DAYLIGHT,RAIN,WET,,NO JUNCTION INVOLVED,,ASPHALT,UNSAFE BACKING,$1001 TO $2500,REAR TO REAR,NKINSERPK;KROGERNORTH,0,,2022-02-11 17:39:00,,,
BLOOMINGTON PD,B22-30004,MONROE,PERRY,BLOOMINGTON,2,,0,0,0,,S RAMSEY DR,,,,,S RAMSEY DR,E NORA HILL DR,,,,Y,,100.0,,39.1450031,-86.50319032,LOCAL/CITY RD,,,,URBAN,N,N,N,,DAYLIGHT,CLOUDY,DRY,,NO JUNCTION INVOLVED,,ASPHALT,UNSAFE BACKING,$2501 TO $5000,BACKING CRASH,SRAMSEYDRENORAHILLDR,0,,2022-08-04 11:46:00,,,
BLOOMINGTON PD,B22-35069,MONROE,PERRY,BLOOMINGTON,2,,0,0,0,,S LIBERTY DR,,,,,S LIBERTY DR,W CONSTITUTION AVE,,,,Y,,0.0,,39.15107097,-86.57691425,LOCAL/CITY RD,,,,URBAN,N,N,N,,DAYLIGHT,CLEAR,DRY,,T-INTERSECTION,,ASPHALT,FOLLOWING TOO CLOSELY,$2501 TO $5000,REAR END,WCONSTITUTIONAVESLIBERTYDR,0,,2022-09-02 16:45:00,,,
MONROE SD,M22A25284,MONROE,BLOOMINGTON,BLOOMINGTON,3,,3,0,0,,ST RD 46,,,,,ST RD 46,ST RD 46,,,,Y,,0.0,,39.19372875,-86.57127804,ST RD,,,,URBAN,N,N,N,,DARK (NOT LIGHTED),CLEAR,DRY,,FIVE POINT OR MORE,,ASPHALT,DRIVER DISTRACTED - EXPLAIN IN NARRATIVE,$2501 TO $5000,HEAD ON BETWEEN TWO MOTOR VEHICLES,STATERD46STATERD46,0,,2022-10-14 21:59:00,,,
INDIANA UNIV BLOOMINGTON PD,221783,MONROE,BLOOMINGTON,BLOOMINGTON,2,,0,0,0,,E 10TH ST,,,,,E 10TH ST,,,,,Y,,0.0,,39.17180284,-86.51375002,LOCAL/CITY RD,,,,URBAN,N,N,N,,DAYLIGHT,CLOUDY,DRY,,NO JUNCTION INVOLVED,,ASPHALT,OTHER (DRIVER) - EXPLAIN IN NARRATIVE,$1001 TO $2500,BACKING CRASH,E 10THST,0,,2022-05-06 14:34:00,,,
BLOOMINGTON PD,B22-30811,MONROE,PERRY,BLOOMINGTON,2,,0,0,0,,W BLOOMFIELD RD,,,,,W BLOOMFIELD RD,S OAKDALE DR,,,,Y,,0.0,,39.14975879,-86.56884583,LOCAL/CITY RD,,,,URBAN,N,N,N,,DAYLIGHT,RAIN,WET,,FOUR-WAY INTERSECTION,,ASPHALT,BRAKE FAILURE OR DEFECTIVE,$2501 TO $5000,REAR END,WBLOOMFIELDRDSOAKDALEDR,0,,2022-08-09 16:27:00,,,
BLOOMINGTON PD,B22-38552,MONROE,BLOOMINGTON,BLOOMINGTON,2,,1,0,0,,W 17TH ST,,,,,W 17TH ST,N WILLIS DR,,,,Y,,0.0,,39.17907735,-86.54360777,LOCAL/CITY RD,,,,URBAN,N,N,N,,DAYLIGHT,CLEAR,DRY,,NO JUNCTION INVOLVED,,ASPHALT,DRIVER DISTRACTED - EXPLAIN IN NARRATIVE,$5001 TO $10000,REAR END,W17THSTNWILLISDR,0,,2022-09-23 08:00:00,,,
BLOOMINGTON PD,B22-42636,MONROE,PERRY,BLOOMINGTON,2,,0,0,0,,W BLOOMFIELD RD,,,99,1,W BLOOMFIELD RD,,,,,Y,,0.0,,39.14902508,-86.57096906,INTERSTATE,,,,URBAN,N,N,N,,DAYLIGHT,CLEAR,DRY,,FIVE POINT OR MORE,,ASPHALT,FOLLOWING TOO CLOSELY,$2501 TO $5000,REAR END,WBLOOMFIELDRD099119,0,,2022-10-15 14:07:00,,,
BLOOMINGTON PD,B2210284,MONROE,PERRY,BLOOMINGTON,1,,0,0,0,,S WALNUT ST,,,,,S WALNUT ST,E BURKS DR,,,,Y,,739.0,,39.12537404,-86.53137383,LOCAL/CITY RD,,,,URBAN,N,N,N,,DARK (NOT LIGHTED),CLEAR,DRY,,NO JUNCTION INVOLVED,,CONCRETE,FAILURE TO MAINTAIN LN,$5001 TO $10000,RAN OFF RD,S.WALNUTSTEBURKSDR,0,,2022-03-26 03:10:00,,,
ISP BLOOMINGTON 33,2.022E+11,MONROE,RICHLAND,ELLETTSVILLE,2,,0,0,0,,ST RD 46,,,,,ST RD 46,LAKEVIEW DR,,,,Y,,0.0,,39.22100501,-86.60542328,ST RD,,,,URBAN,N,N,N,,DAYLIGHT,CLOUDY,WET,,T-INTERSECTION,,ASPHALT,FAILURE TO YIELD RIGHT OF WAY,$5001 TO $10000,RIGHT ANGLE,ST RD 46LAKEVIEWDR,0,,2022-05-27 07:15:00,,,
BLOOMINGTON PD,B22-30933,MONROE,PERRY,BLOOMINGTON,2,,0,0,0,,E COVENANTER DR,,,,,E COVENANTER DR,E AUTO MALL RD,,,,Y,,300.0,,39.15520089,-86.49527357,LOCAL/CITY RD,,,,URBAN,N,N,N,,DAYLIGHT,CLEAR,DRY,,NO JUNCTION INVOLVED,,ASPHALT,FAILURE TO YIELD RIGHT OF WAY,$5001 TO $10000,RIGHT ANGLE,ECOVENANTERDREAUTOMALLRD,0,,2022-08-10 11:52:00,,,
BLOOMINGTON PD,B22-27761,MONROE,BLOOMINGTON,BLOOMINGTON,2,,0,0,0,,W ARLINGTON RD,,,,,W ARLINGTON RD,W 17TH ST,,,,Y,,0.0,,39.17921135,-86.54731116,LOCAL/CITY RD,,,,URBAN,N,N,N,,DARK (LIGHTED),CLEAR,DRY,,NO JUNCTION INVOLVED,,ASPHALT,UNSAFE BACKING,$1001 TO $2500,BACKING CRASH,WARLINGTONRDW17THST,0,,2022-07-20 05:39:00,,,
BLOOMINGTON PD,B22-27988,MONROE,PERRY,BLOOMINGTON,2,,0,0,0,,E BUICK CADILLAC BLVD,,,,,E BUICK CADILLAC BLVD,E AUTO MALL RD,,,,Y,,200.0,,39.15823358,-86.4969018,LOCAL/CITY RD,,,,URBAN,N,N,N,,DAYLIGHT,CLEAR,DRY,,T-INTERSECTION,,ASPHALT,FAILURE TO YIELD RIGHT OF WAY,$2501 TO $5000,LEFT TURN,EBUICKCADILLACBLVDEAUTOMALLRD,0,,2022-07-21 14:02:00,,,
ISP BLOOMINGTON 33,2.022E+11,MONROE,VAN BUREN,BLOOMINGTON,2,,0,0,0,,W 3RD ST,,,,,W 3RD ST,I-69,,,,Y,,0.0,,39.16447298,-86.57415535,LOCAL/CITY RD,,,,URBAN,N,N,N,,DAYLIGHT,CLEAR,DRY,,RAMP,,ASPHALT,FOLLOWING TOO CLOSELY,$5001 TO $10000,REAR END,W 3RDSTINTERSTATE69,0,,2022-02-15 17:03:00,,,
INDIANA UNIV BLOOMINGTON PD,222692,MONROE,BLOOMINGTON,BLOOMINGTON,2,,0,0,0,,ST RD 45,,,,,ST RD 45,E DISCOVERY PARKWAY,,,,Y,,0.0,,39.17597704,-86.50470438,ST RD,,,,URBAN,N,N,N,,DAYLIGHT,CLEAR,DRY,,FOUR-WAY INTERSECTION,,ASPHALT,FOLLOWING TOO CLOSELY,$5001 TO $10000,REAR END,STATERD45EASTDISCOVERYPARKWAY,0,,2022-08-18 16:00:00,,,
BLOOMINGTON PD,B22-33932,MONROE,PERRY,BLOOMINGTON,2,,0,0,0,,E 1ST,,,,,E 1ST,S HENDERSON ST,,,,Y,,200.0,,39.15934152,-86.5280362,LOCAL/CITY RD,,,,URBAN,N,N,N,,DARK (LIGHTED),CLEAR,DRY,,NO JUNCTION INVOLVED,,ASPHALT,OTHER (DRIVER) - EXPLAIN IN NARRATIVE,$1001 TO $2500,SAME DIRECTION SIDESWIPE,SHENDERSONSTE1STST,0,,2022-08-27 00:00:00,,,
INDIANA UNIV BLOOMINGTON PD,220777,MONROE,BLOOMINGTON,BLOOMINGTON,1,,1,0,0,,N EAGLESON AVE,,,,,N EAGLESON AVE,,,,,Y,,0.0,,39.16684539,-86.5153057,PRIVATE DR,,,,URBAN,N,N,N,,DAYLIGHT,CLEAR,DRY,,T-INTERSECTION,,ASPHALT,PEDESTRIAN ACTION,$1001 TO $2500,COLLISION WITH OBJECT IN RD,NEAGLESON AVEAVE,1,,2022-03-01 12:50:00,,,True
BLOOMINGTON PD,B22-32341,MONROE,BLOOMINGTON,BLOOMINGTON,2,,0,0,0,,S WALNUT ST,,,,,S WALNUT ST,W SMITH AVE,,,,Y,,0.0,,39.16290939,-86.53364844,LOCAL/CITY RD,,,,URBAN,N,N,N,,DARK (LIGHTED),CLEAR,DRY,,FOUR-WAY INTERSECTION,,ASPHALT,UNSAFE BACKING,$1001 TO $2500,BACKING CRASH,WSMITHAVESWALNUTST,0,,2022-08-18 20:50:00,,,
BLOOMINGTON PD,B22-41728,MONROE,BLOOMINGTON,BLOOMINGTON,1,,1,0,0,,621 W 17TH ST,,,,,W 17TH ST,,,,,Y,,0.0,,39.1787674,-86.5408283,PRIVATE DR,,,,URBAN,N,N,N,,DARK (LIGHTED),CLEAR,DRY,,NO JUNCTION INVOLVED,,ASPHALT,OTHER (DRIVER) - EXPLAIN IN NARRATIVE,$1001 TO $2500,OTHER - EXPLAIN IN NARRATIVE,621W17THST,1,,2022-10-09 23:35:00,621.0,,True
BLOOMINGTON PD,B22-16309,MONROE,BLOOMINGTON,BLOOMINGTON,2,,1,0,0,,N MORTON ST,,,,,N MORTON ST,W 7TH ST,,,,Y,,0.0,,39.16856792,-86.53612191,LOCAL/CITY RD,,,,URBAN,N,N,N,,DAYLIGHT,CLEAR,DRY,,FOUR-WAY INTERSECTION,,ASPHALT,FAILURE TO YIELD RIGHT OF WAY,UNDER $1001,RIGHT ANGLE,W7THSTNMORTONST,0,,2022-05-05 10:50:00,,,
BLOOMINGTON PD,B2206481,MONROE,BLOOMINGTON,BLOOMINGTON,2,,0,0,0,,W 3RD ST,,,100,A,W 3RD ST,,,,,Y,,0.0,,39.16446219,-86.57234377,LOCAL/CITY RD,,,,URBAN,N,N,N,,DARK (LIGHTED),CLEAR,DRY,,RAMP,,ASPHALT,FOLLOWING TOO CLOSELY,$5001 TO $10000,REAR END,W 3RDST100A,0,,2022-02-26 19:30:00,,,
BLOOMINGTON PD,B22-39781,MONROE,BLOOMINGTON,BLOOMINGTON,2,,0,0,0,,E 3RD ST,,,,,E 3RD ST,S KINGSTON DR,,,,Y,,211.0,,39.16418525,-86.49355031,LOCAL/CITY RD,,,,URBAN,N,N,N,,DAYLIGHT,CLOUDY,DRY,,NO JUNCTION INVOLVED,,ASPHALT,FAILURE TO YIELD RIGHT OF WAY,$2501 TO $5000,RIGHT ANGLE,SKINGSTONDRE 3RDST,0,,2022-09-29 14:14:00,,,
BLOOMINGTON PD,B22-5610,MONROE,PERRY,BLOOMINGTON,2,,0,0,0,,S GRANT ST,,,,,S GRANT ST,,,,,Y,,0.0,,39.16439459,-86.52981925,LOCAL/CITY RD,,,,URBAN,N,N,N,,DAYLIGHT,CLEAR,DRY,,NO JUNCTION INVOLVED,,CONCRETE,UNDER STEERING/UNDER CORRECTING,$1001 TO $2500,SAME DIRECTION SIDESWIPE,SGRANTST,0,,2022-02-19 00:00:00,,,
MONROE SD,M22A11445,MONROE,SALT CREEK,BLOOMINGTON,1,,0,0,0,,ST RD 446,,,,,ST RD 446,CHANDLER RD,,,,N,,0.0,,39.05754714,-86.41037769,,,,,RURAL,N,N,N,,DAYLIGHT,CLOUDY,DRY,,NO JUNCTION INVOLVED,,ASPHALT,UNSAFE SPEED,$10001 TO $25000,RAN OFF RD,STATERD446CHANDLERRD,0,,2022-05-18 08:51:00,,,
BLOOMINGTON PD,B22-28740,MONROE,PERRY,BLOOMINGTON,2,,0,0,0,,W DODDS ST,,,,,W DODDS ST,S COLLEGE AVE,,,,Y,,100.0,,39.15745634,-86.53546615,LOCAL/CITY RD,,,,URBAN,N,N,N,,DAYLIGHT,CLOUDY,DRY,,NO JUNCTION INVOLVED,,ASPHALT,UNSAFE BACKING,$2501 TO $5000,BACKING CRASH,WDODDSSTSCOLLEGEAVE,0,,2022-07-27 12:11:00,,,