Agency,Local Code,County,Township,City,Vehicles Involved,Trailers Involved,Number Injured,Number Dead,Number Deer,House Number,Roadway Name,Roadway Suffix,Roadway Number,Roadway Interchange,Roadway Ramp,Roadway Id,Intersecting Road,Intersecting Road Number,Mile Marker,Interchange,Corporate Limits?,Property Type,Feet From,Direction,Latitude,Longitude,Roadway Class,Traffic Control Devices?,Aggressive Driving?,Hit and Run?,Locality,School Zone?,Rumble Strips?,Construction?,Construction Type,Light Condition,Weather Conditions,Surface Condition,Type of Median,Roadway Junction Type,Road Character,Roadway Surface,Primary Factor,Damage Estimate,Manner of Collision,Unique Location Id,State Property Damage?,Traffic Control,DateTime,Address Number,Cyclist Involved,Pedestrian Involved
ISP BLOOMINGTON 33,2.022E+11,MONROE,VAN BUREN,BLOOMINGTON,1,,0,0,0,,I-69,,,,,I-69,,,116.0,,N,,0.0,,39.13965445,-86.57342869,INTERSTATE,,,,RURAL,N,N,N,,DAYLIGHT,CLEAR,DRY,,RAMP,,ASPHALT,,$10001 TO $25000,RAN OFF RD,I-69116,0,,2022-04-21 06:44:00,,,
BLOOMINGTON PD,B22-06301,MONROE,BLOOMINGTON,BLOOMINGTON,3,,0,0,0,,E 10TH ST,,,,,E 10TH ST,,,,,Y,,0.0,,0.0,0.0,LOCAL/CITY RD,,,,URBAN,N,N,N,,DAYLIGHT,CLEAR,DRY,,NO JUNCTION INVOLVED,,ASPHALT,FOLLOWING TOO CLOSELY,$2501 TO $5000,REAR END,E 10THST,0,,2022-02-25 12:19:00,,,
BLOOMINGTON PD,B22-10965,MONROE,BLOOMINGTON,BLOOMINGTON,2,,1,0,0,,W 3RD ST,,,,,W 3RD ST,ST RD 37,,,,Y,,0.0,,39.16447467,-86.57216854,LOCAL/CITY RD,,,,URBAN,N,N,N,,DAYLIGHT,CLEAR,DRY,,FOUR-WAY INTERSECTION,,ASPHALT,FOLLOWING TOO CLOSELY,UNDER $1001,REAR END,W 3RDSTSTATERD37,0,,2022-03-31 09:57:00,,,
BLOOMINGTON PD,B22-29534,MONROE,BLOOMINGTON,BLOOMINGTON,2,,0,0,0,,W 6TH ST,,,,,W 6TH ST,N COLLEGE AVE,,,,Y,,300.0,,,,LOCAL/CITY RD,,,,URBAN,N,N,N,,DAYLIGHT,CLOUDY,DRY,,NO JUNCTION INVOLVED,,ASPHALT,UNSAFE BACKING,$1001 TO $2500,BACKING CRASH,W.6THSTN.COLLEGEAVE,0,,2022-08-01 14:28:00,,,
BLOOMINGTON PD,B22-11990,MONROE,PERRY,BLOOMINGTON,2,,0,0,0,,BLOOMFIELD RD,,,,,BLOOMFIELD RD,S ADAMS ST,,,,Y,,0.0,,39.16038048,-86.55086464,,,,,URBAN,N,N,N,,DAYLIGHT,CLOUDY,DRY,,FOUR-WAY INTERSECTION,,ASPHALT,DRIVER DISTRACTED - EXPLAIN IN NARRATIVE,$5001 TO $10000,REAR END,SADAMSSTBLOOMFIELDRD,0,,2022-04-07 11:22:00,,,
MONROE SD,M22A6014,MONROE,VAN BUREN,BLOOMINGTON,2,,0,0,0,,W TAPP RD,,,,,W TAPP RD,HICKORY HEIGHTS TRLR PARK,,,,N,,0.0,,39.13705167,-86.57403519,LOCAL/CITY RD,,,,URBAN,N,N,N,,DAYLIGHT,CLEAR,DRY,,TRAFFIC CIRCLE/ROUNDABOUT,,ASPHALT,FAILURE TO YIELD RIGHT OF WAY,$5001 TO $10000,RIGHT ANGLE,WTAPPRDHICKORYHEIGHTSTRLRPARK,0,,2022-03-16 09:06:00,,,
MONROE SD,M22A16720,MONROE,PERRY,BLOOMINGTON,2,,0,0,0,,CATHERINE ST,,,,,CATHERINE ST,ANNE CT,,,,N,,0.0,,39.10307017,-86.53840489,LOCAL/CITY RD,,,,RURAL,N,N,N,,DAYLIGHT,CLEAR,DRY,,T-INTERSECTION,,ASPHALT,FAILURE TO YIELD RIGHT OF WAY,$2501 TO $5000,SAME DIRECTION SIDESWIPE,CATHERINESTANNECT,0,,2022-07-12 17:35:00,,,
MONROE SD,M22A15947,MONROE,VAN BUREN,BLOOMINGTON,1,,1,0,0,8950,W RICE RD,,,,,W RICE RD,,,,,N,,0.0,,39.14958045,-86.66661566,COUNTY RD,,,,RURAL,N,N,N,,DAWN/DUSK,CLEAR,DRY,,NO JUNCTION INVOLVED,,GRAVEL,UNSAFE SPEED,$10001 TO $25000,RAN OFF RD,WRICERD,0,,2022-07-04 20:54:00,,,
MONROE SD,M22A15801,MONROE,RICHLAND,BLOOMINGTON,2,,0,0,0,,ST RD 46,,,,,ST RD 46,N SISCOE LN,,,,N,,0.0,,39.26912279,-86.66905528,ST RD,,,,RURAL,N,N,N,,DAYLIGHT,CLEAR,DRY,,NO JUNCTION INVOLVED,,ASPHALT,DRIVER ASLEEP OR FATIGUED,$2501 TO $5000,SAME DIRECTION SIDESWIPE,STATERD46NSISCOELN,0,,2022-07-02 16:35:00,,,
BLOOMINGTON PD,B22-03425,MONROE,,BLOOMINGTON,1,,0,0,0,,104 E PETE LLIS DR,,,,,E PETE LLIS DR,,,,,Y,,0.0,,0.0,0.0,LOCAL/CITY RD,,,,URBAN,N,N,N,,DAYLIGHT,CLEAR,DRY,,NO JUNCTION INVOLVED,,ASPHALT,OTHER (VEHICLE) - EXPLAIN IN NARRATIVE,$5001 TO $10000,RAN OFF RD,104EPETEELLISDR,0,,2022-01-31 09:42:00,104.0,,
BLOOMINGTON PD,B22-02992,MONROE,PERRY,BLOOMINGTON,2,,0,0,0,,E N DR,,,,,E N DR,PRIVATE DR,,,,Y,,0.0,,39.14455412,-86.52932758,LOCAL/CITY RD,,,,URBAN,N,N,N,,DAYLIGHT,CLEAR,DRY,,FOUR-WAY INTERSECTION,,ASPHALT,FAILURE TO YIELD RIGHT OF WAY,$2501 TO $5000,RIGHT ANGLE,PRIVATEDRENORTHDR,0,,2022-01-27 15:01:00,,,
BLOOMINGTON PD,B22-33974,MONROE,BLOOMINGTON,BLOOMINGTON,2,,0,0,0,304,E 20TH ST,,,,,E 20TH ST,,,,,Y,,0.0,,39.18181339,-86.53052903,PRIVATE DR,,,,URBAN,N,N,N,,DAYLIGHT,CLEAR,DRY,,NO JUNCTION INVOLVED,,ASPHALT,IMPROPER TURNING,UNDER $1001,OPPOSITE DIRECTION SIDESWIPE,E20THST,0,,2022-08-27 13:00:00,,,
MONROE SD,M22A22892,MONROE,RICHLAND,ELLETTSVILLE,2,,2,0,0,,N MATHEWS DR,,,,,N MATHEWS DR,N MATHEWS DR,,,,N,,0.0,,39.24534239,-86.62054229,LOCAL/CITY RD,,,,RURAL,N,N,N,,DAYLIGHT,CLEAR,DRY,,FOUR-WAY INTERSECTION,,ASPHALT,FAILURE TO YIELD RIGHT OF WAY,$10001 TO $25000,HEAD ON BETWEEN TWO MOTOR VEHICLES,NMATHEWSDRNMATHEWSDR,0,,2022-09-17 13:15:00,,,
BLOOMINGTON PD,B22-14817,MONROE,BLOOMINGTON,BLOOMINGTON,1,,0,0,0,,S KINGSTON DR,,,,,S KINGSTON DR,E LONGVIEW AVE,,,,Y,,0.0,,39.16658336,-86.49280734,LOCAL/CITY RD,,,,URBAN,N,N,N,,DAYLIGHT,RAIN,WET,,NO JUNCTION INVOLVED,,ASPHALT,RDWAY SURFACE CONDITION,UNDER $1001,RAN OFF RD,SKINGSTONDRELONGVIEWAVE,0,,2022-04-25 11:05:00,,,
MONROE SD,M22A12477,MONROE,RICHLAND,BLOOMINGTON,3,,1,0,0,,W ST RD 46,,,,,W ST RD 46,CENTENNIAL DR,,,,N,,0.0,,39.20991619,-86.58263455,COUNTY RD,,,,RURAL,N,N,N,,DAYLIGHT,CLEAR,DRY,,FOUR-WAY INTERSECTION,,ASPHALT,FOLLOWING TOO CLOSELY,$1001 TO $2500,REAR END,WSTATERD46CENTENNIALDR,0,,2022-05-29 10:15:00,,,
ISP BLOOMINGTON 33,2.022E+11,MONROE,RICHLAND,ELLETTSVILLE,2,,0,0,0,,W ST RD 46,,,,,W ST RD 46,N SMITH PK,,,,Y,,100.0,,39.21035973,-86.58330014,ST RD,,,,URBAN,N,N,N,,DAYLIGHT,CLEAR,DRY,,NO JUNCTION INVOLVED,,ASPHALT,OTHER (DRIVER) - EXPLAIN IN NARRATIVE,$5001 TO $10000,REAR END,WSTATERD46NSMITHPK,0,,2022-04-01 08:20:00,,,
BLOOMINGTON PD,B22-22631,MONROE,PERRY,BLOOMINGTON,2,,0,0,0,560,S PARK RIDGE RD; APT 4103A,,,,,S PARK RIDGE RD,,,,,Y,,0.0,,39.16177773,-86.47812991,PRIVATE DR,,,,URBAN,N,N,N,,DAYLIGHT,CLEAR,DRY,,NO JUNCTION INVOLVED,,ASPHALT,UNSAFE BACKING,$1001 TO $2500,REAR TO REAR,SPARKRIDGERD;APT4103A,0,,2022-06-16 19:16:00,,,
ELLETTSVILLE PD,E220056,MONROE,RICHLAND,ELLETTSVILLE,2,0.0,0,0,0,,,,ST RD 46 W,,,ST RD 46 W,UNION VALLEY,,,,Y,,,,39.215152,-86.5928,ST RD,Y,N,N,URBAN,N,N,N,,DAYLIGHT,CLEAR,DRY,,NO JUNCTION INVOLVED,STRAIGHT/LEVEL,ASPHALT,VIEW OBSTRUCTED,$2501 TO $5000,REAR END,ST RD 46 WUNIONVALLEYDR,0,TRAFFIC CONTROL SIGNAL,2022-02-09 10:55:00,,,
ELLETTSVILLE PD,E2203876,MONROE,RICHLAND,ELLETTSVILLE,2,,0,0,0,,W TEMPERANCE ST,,,,,W TEMPERANCE ST,N MATHEWS DR,,,,Y,,0.0,,39.23483609,-86.62634236,ST RD,,,,URBAN,N,N,N,,DAYLIGHT,CLEAR,DRY,,T-INTERSECTION,,ASPHALT,IMPROPER TURNING,$2501 TO $5000,LEFT TURN,WTEMPERANCESTNMATHEWSDR,0,,2022-09-27 13:30:00,,,
MONROE SD,M22A2807,MONROE,BEAN BLOSSOM,ELLETTSVILLE,1,,1,0,0,,ST RD 46,,,,,ST RD 46,,,,,N,,0.0,,39.28013467,-86.67943318,ST RD,,,,RURAL,N,Y,N,,DARK (NOT LIGHTED),CLOUDY,SNOW/SLUSH,,T-INTERSECTION,,ASPHALT,FAILURE TO MAINTAIN LN,$1001 TO $2500,RAN OFF RD,STATERD46,0,,2022-02-05 06:55:00,,,
BLOOMINGTON PD,B22-27829,MONROE,PERRY,BLOOMINGTON,1,,1,0,0,,W BLOOMFIELD RD,,,,,W BLOOMFIELD RD,S PATTERSON DR,,,,Y,,0.0,,39.16079128,-86.54847248,LOCAL/CITY RD,,,,URBAN,N,N,N,,DAYLIGHT,CLEAR,DRY,,FOUR-WAY INTERSECTION,,ASPHALT,FAILURE TO YIELD RIGHT OF WAY,UNDER $1001,RIGHT ANGLE,WBLOOMFIELDRDSPATTERSONDR,1,,2022-07-20 15:15:00,,True,
ELLETTSVILLE PD,E22-02195,MONROE,RICHLAND,ELLETTSVILLE,2,,4,0,0,,N RIDGEWOOD DR,,,,,N RIDGEWOOD DR,W ST RD 46,,,,Y,,0.0,,39.2173365,-86.59899765,ST RD,,,,URBAN,N,N,N,,DAYLIGHT,CLEAR,DRY,,T-INTERSECTION,,ASPHALT,FAILURE TO YIELD RIGHT OF WAY,$5001 TO $10000,LEFT/RIGHT TURN,WSTATERD46NRIDGEWOODDR,0,,2022-06-14 19:29:00,,,
MONROE SD,M22A14225,MONROE,BENTON,BLOOMINGTON,2,,0,0,0,,ST RD 46,,,,,ST RD 46,E KINGS RD,,,,N,,0.0,,39.16657593,-86.45515533,ST RD,,,,RURAL,N,N,N,,DAYLIGHT,CLEAR,DRY,,Y-INTERSECTION,,ASPHALT,FOLLOWING TOO CLOSELY,$10001 TO $25000,REAR END,STATERD46EKINGSRD,0,,2022-06-16 15:08:00,,,
BLOOMINGTON PD,B22-08610,MONROE,BLOOMINGTON,BLOOMINGTON,1,,0,0,0,,W 12 ST,,,,,W 12 ST,N SUMMIT ST,,,,Y,,0.0,,0.0,0.0,LOCAL/CITY RD,,,,URBAN,N,N,Y,WORK ON SHOULDER,DAYLIGHT,CLEAR,DRY,,T-INTERSECTION,,ASPHALT,OVERCORRECTING/OVERSTEERING,$1001 TO $2500,COLLISION WITH OBJECT IN RD,W.12STNSUMMITST,0,,2022-03-15 08:15:00,,,
MONROE SD,M22A11643,MONROE,PERRY,,2,,0,0,0,4025,S ST RD 37,,,,,S ST RD 37,,,,,N,,0.0,,39.11942842,-86.53081254,,,,,RURAL,N,N,N,,DAYLIGHT,CLEAR,DRY,,NO JUNCTION INVOLVED,,ASPHALT,UNSAFE BACKING,$1001 TO $2500,BACKING CRASH,SOLDSTATERD37,0,,2022-05-20 11:24:00,,,
ISP BLOOMINGTON 33,2.022E+11,MONROE,BLOOMINGTON,,1,,0,0,0,,I-69,,,,,I-69,,,124.5,,N,,581.0,,39.243916,-86.53467598,INTERSTATE,,,,RURAL,N,N,N,,DAYLIGHT,CLEAR,DRY,,NO JUNCTION INVOLVED,,ASPHALT,DRIVER ASLEEP OR FATIGUED,$1001 TO $2500,SAME DIRECTION SIDESWIPE,I-69124.5,0,,2022-06-11 09:50:00,,,
BLOOMINGTON PD,B22-07007,MONROE,BLOOMINGTON,BLOOMINGTON,2,,0,0,0,,W 3RD ST,,,,,W 3RD ST,S PATTERSON DR,,,,Y,,0.0,,39.1643693,-86.55227727,LOCAL/CITY RD,,,,URBAN,N,N,N,,DARK (LIGHTED),CLEAR,DRY,,FOUR-WAY INTERSECTION,,ASPHALT,FAILURE TO YIELD RIGHT OF WAY,$5001 TO $10000,SAME DIRECTION SIDESWIPE,W 3RDSTSPATTERSONDR,0,,2022-03-02 07:37:00,,,
MONROE SD,M22A14993,MONROE,VAN BUREN,BLOOMINGTON,2,,0,0,0,,W TAPP RD,,,,,W TAPP RD,,,,,N,,0.0,,39.13682116,-86.57498698,LOCAL/CITY RD,,,,RURAL,N,N,N,,DAYLIGHT,CLEAR,DRY,,INTERCHANGE,,ASPHALT,UNSAFE LN MOVEMENT,$5001 TO $10000,OPPOSITE DIRECTION SIDESWIPE,WTAPPRD,0,,2022-06-24 15:24:00,,,
MONROE SD,M22A14863,MONROE,RICHLAND,BLOOMINGTON,2,,0,0,0,,N HARTSTRAIT RD,,,,,N HARTSTRAIT RD,W RATLIFF RD,,,,N,,0.0,,39.20909318,-86.61138243,COUNTY RD,,,,RURAL,N,N,N,,DAYLIGHT,CLEAR,DRY,,T-INTERSECTION,,ASPHALT,IMPROPER TURNING,$5001 TO $10000,LEFT TURN,WRATLIFFRDNHARTSTRAITRD,0,,2022-06-23 14:11:00,,,
MONROE SD,M22A9439,MONROE,WASHINGTON,BLOOMINGTON,1,,0,0,0,,I-69 S,,,,,I-69 S,,,125.0,,N,,500.0,,0.0,0.0,ST RD,,,,URBAN,N,Y,N,,DARK (LIGHTED),CLEAR,DRY,,NO JUNCTION INVOLVED,,ASPHALT,DRIVER ASLEEP OR FATIGUED,$5001 TO $10000,SAME DIRECTION SIDESWIPE,I-69SOUTHBOUND125,0,,2022-04-25 23:10:00,,,
BLOOMINGTON PD,B22-23549,MONROE,BLOOMINGTON,,2,,0,0,0,,W BLOOMFIELD RD,,,,,W BLOOMFIELD RD,S PATTERSON DR,,,,Y,,0.0,,,,LOCAL/CITY RD,,,,URBAN,N,N,N,,DAYLIGHT,CLEAR,DRY,,FOUR-WAY INTERSECTION,,ASPHALT,IMPROPER TURNING,$5001 TO $10000,SAME DIRECTION SIDESWIPE,WBLOOMFIELDRDSPATTERSONDR,0,,2022-06-23 11:09:00,,,
INDIANA UNIV BLOOMINGTON PD,223388,MONROE,BLOOMINGTON,BLOOMINGTON,2,,0,0,0,,E 3RD ST,,,,,E 3RD ST,S FESS AVE,,,,Y,,0.0,,39.16427086,-86.52539081,LOCAL/CITY RD,,,,URBAN,N,N,N,,DAYLIGHT,CLEAR,DRY,,NO JUNCTION INVOLVED,,ASPHALT,UNSAFE LN MOVEMENT,$2501 TO $5000,SAME DIRECTION SIDESWIPE,SFESSAVEE 3RDST,0,,2022-09-18 16:25:00,,,
INDIANA UNIV BLOOMINGTON PD,220881,MONROE,BLOOMINGTON,BLOOMINGTON,2,,0,0,0,,ST RD 46,,,,,ST RD 46,EASTGATE LN,,,,Y,,0.0,,39.17003533,-86.50136895,ST RD,,,,URBAN,N,N,N,,DAYLIGHT,CLOUDY,DRY,,NO JUNCTION INVOLVED,,ASPHALT,FOLLOWING TOO CLOSELY,UNDER $1001,REAR END,STATERD46EASTGATELN,0,,2022-03-07 15:25:00,,,
MONROE SD,M22A15862,MONROE,RICHLAND,BLOOMINGTON,2,,0,0,0,,ST RD 46,,,,,ST RD 46,CENTENNIAL DR,,,,N,,0.0,,39.20991032,-86.58264993,,,,,RURAL,N,N,N,,DAYLIGHT,CLEAR,DRY,,FOUR-WAY INTERSECTION,,ASPHALT,FOLLOWING TOO CLOSELY,$2501 TO $5000,REAR END,STATERD46CENTENNIALDR,0,,2022-07-03 04:04:00,,,
BLOOMINGTON PD,B22-24291,MONROE,BLOOMINGTON,BLOOMINGTON,1,,1,0,0,,W 17TH ST,,,,,W 17TH ST,N WALNUT ST,,,,Y,,0.0,,39.178982,-86.533502,LOCAL/CITY RD,,,,URBAN,N,N,Y,LN CLOSURE,DAYLIGHT,CLEAR,DRY,,FOUR-WAY INTERSECTION,,ASPHALT,BRAKE FAILURE OR DEFECTIVE,$10001 TO $25000,COLLISION WITH OBJECT IN RD,W.17THSTN.WALNUTST,0,,2022-06-28 09:05:00,,,
MONROE SD,M22A22306,MONROE,BLOOMINGTON,BLOOMINGTON,2,,1,0,0,,N WALNUT ST,,,,,N WALNUT ST,ST RD 45/46 BYPASS,,,,Y,,0.0,,39.1862698,-86.53430647,LOCAL/CITY RD,,,,URBAN,N,N,N,,DAYLIGHT,CLOUDY,DRY,,FOUR-WAY INTERSECTION,,ASPHALT,FAILURE TO YIELD RIGHT OF WAY,$50001 TO $100000,RIGHT ANGLE,STATERD45/46BYPASSNWALNUTST,0,,2022-09-10 12:45:00,,,
MONROE SD,M22A23649,MONROE,RICHLAND,BLOOMINGTON,1,,0,0,1,,N LOUDEN RD,,,,,N LOUDEN RD,W HOWARD,,,,N,,0.0,,39.19043669,-86.63956324,LOCAL/CITY RD,,,,RURAL,N,N,N,,DAWN/DUSK,CLEAR,DRY,,NO JUNCTION INVOLVED,,ASPHALT,ANIMAL/OBJECT IN RDWAY,$1001 TO $2500,COLLISION WITH DEER,WHOWARDRDNLOUDENRD,0,,2022-09-26 07:29:00,,,
BLOOMINGTON PD,B22-07742,MONROE,PERRY,BLOOMINGTON,4,,0,0,0,,W COUNTRY CLUB DR,,,,,W COUNTRY CLUB DR,S MILTON DR,,,,N,,1003.0,,39.13619182,-86.54158678,LOCAL/CITY RD,,,,URBAN,N,N,N,,DAYLIGHT,CLOUDY,DRY,,NO JUNCTION INVOLVED,,ASPHALT,FAILURE TO MAINTAIN LN,$10001 TO $25000,SAME DIRECTION SIDESWIPE,WCOUNTRYCLUBDRSMILTONDR,0,,2022-03-08 16:10:00,,,
MONROE SD,M22A20320,MONROE,PERRY,BLOOMINGTON,1,,1,0,0,5006,S ROGERS ST,,,,,S ROGERS ST,,,,,N,,0.0,,39.11133948,-86.54034256,PRIVATE DR,,,,RURAL,N,N,N,,DAYLIGHT,CLEAR,DRY,,NO JUNCTION INVOLVED,,ASPHALT,PEDESTRIAN ACTION,UNDER $1001,OPPOSITE DIRECTION SIDESWIPE,SROGERSST,1,,2022-08-19 17:39:00,,True,
BLOOMINGTON PD,B22-36899,MONROE,BLOOMINGTON,BLOOMINGTON,2,,0,0,0,,E 3RD ST,,,,,E 3RD ST,S OVERHILL DR,,,,Y,,50.0,,39.16429701,-86.50136142,LOCAL/CITY RD,,,,URBAN,N,N,N,,DAYLIGHT,CLOUDY,DRY,,NO JUNCTION INVOLVED,,ASPHALT,FOLLOWING TOO CLOSELY,$1001 TO $2500,REAR END,SOVERHILLDRE 3RDST,0,,2022-09-13 10:56:00,,,
BLOOMINGTON PD,B22-24355,MONROE,BLOOMINGTON,BLOOMINGTON,2,,0,0,0,,E 3RD ST,,,,,E 3RD ST,S WOODSCREST DR,,,,Y,,0.0,,39.16426789,-86.5024372,LOCAL/CITY RD,,,,URBAN,N,N,N,,DAYLIGHT,CLEAR,DRY,,FOUR-WAY INTERSECTION,,ASPHALT,FAILURE TO YIELD RIGHT OF WAY,$5001 TO $10000,HEAD ON BETWEEN TWO MOTOR VEHICLES,SWOODSCRESTDRE 3RDST,0,,2022-06-28 15:30:00,,,
ELLETTSVILLE PD,E2201955,MONROE,RICHLAND,ELLETTSVILLE,3,,0,0,0,,ST RD 46,,,,,ST RD 46,SALE ST,,,,Y,,150.0,,0.0,0.0,ST RD,,,,URBAN,N,N,N,,DAYLIGHT,CLOUDY,WET,,NO JUNCTION INVOLVED,,ASPHALT,FOLLOWING TOO CLOSELY,$10001 TO $25000,REAR END,STATERD46SALEST,0,,2022-05-26 15:42:00,,,
BLOOMINGTON PD,B22-32194,MONROE,BLOOMINGTON,BLOOMINGTON,2,,0,0,0,,W 17TH ST,,,,,W 17TH ST,N KINSER PK,,,,Y,,300.0,,39.17906121,-86.53837235,LOCAL/CITY RD,,,,URBAN,N,N,N,,DAYLIGHT,CLEAR,DRY,,NO JUNCTION INVOLVED,,ASPHALT,FAILURE TO YIELD RIGHT OF WAY,$10001 TO $25000,RIGHT ANGLE,W17THSTNKINSERPK,0,,2022-08-18 07:56:00,,,
BLOOMINGTON PD,B22-33968,MONROE,BLOOMINGTON,BLOOMINGTON,2,,4,0,0,,W 3RD ST,,,,,W 3RD ST,S MULLER PKWY,,,,Y,,0.0,,39.16444555,-86.56270034,LOCAL/CITY RD,,,,URBAN,N,N,N,,DAYLIGHT,CLEAR,DRY,,T-INTERSECTION,,ASPHALT,FOLLOWING TOO CLOSELY,UNDER $1001,REAR END,W 3RDSTSMULLERPKWY,0,,2022-08-27 16:29:00,,,
BLOOMINGTON PD,B22-38626,MONROE,BLOOMINGTON,BLOOMINGTON,2,,0,0,0,,N PINE ST,,,,,N PINE ST,W 6TH ST,,,,Y,,0.0,,39.16747383,-86.54843907,LOCAL/CITY RD,,,,URBAN,N,N,N,,DAYLIGHT,CLEAR,DRY,,FOUR-WAY INTERSECTION,,ASPHALT,OTHER (DRIVER) - EXPLAIN IN NARRATIVE,$1001 TO $2500,SAME DIRECTION SIDESWIPE,W6THSTNPINEST,0,,2022-09-23 15:32:00,,,
MONROE SD,M22A20022,MONROE,PERRY,BLOOMINGTON,1,,0,0,0,,S FAIRFAX RD,,,,,S FAIRFAX RD,MARIE LN,,,,N,,0.0,,39.10624411,-86.52279647,LOCAL/CITY RD,,,,RURAL,N,N,N,,DAYLIGHT,CLEAR,DRY,,NO JUNCTION INVOLVED,,ASPHALT,UNSAFE SPEED,$25001 TO $50000,RAN OFF RD,SFAIRFAXRDMARIELN,0,,2022-08-16 09:55:00,,,
INDIANA UNIV BLOOMINGTON PD,220680,MONROE,BLOOMINGTON,BLOOMINGTON,2,,0,0,0,,N FEE LN,,,,,N FEE LN,E 17TH ST,,,,Y,,145.0,,39.17959599,-86.51902325,LOCAL/CITY RD,,,,URBAN,N,N,N,,DAYLIGHT,CLEAR,DRY,,NO JUNCTION INVOLVED,,ASPHALT,FOLLOWING TOO CLOSELY,$2501 TO $5000,REAR END,NFEELNE17THST,0,,2022-02-21 18:14:00,,,
BLOOMINGTON PD,B22-32355,MONROE,BLOOMINGTON,BLOOMINGTON,2,,0,0,0,,N WALNUT ST,,,,,N WALNUT ST,E 17TH ST,,,,Y,,0.0,,39.17895976,-86.53349108,LOCAL/CITY RD,,,,URBAN,N,N,N,,DARK (NOT LIGHTED),CLEAR,DRY,,FOUR-WAY INTERSECTION,,ASPHALT,FOLLOWING TOO CLOSELY,$1001 TO $2500,REAR END,NWALNUTSTE17THST,0,,2022-08-18 21:30:00,,,
ISP BLOOMINGTON 33,2022-00053736,MONROE,BLOOMINGTON,BLOOMINGTON,1,,0,0,0,,I-69,,,100,A,I-69,,,,,Y,,0.0,,39.16126949,-86.57297749,ST RD,,,,URBAN,N,N,N,,DAYLIGHT,SNOW,SNOW/SLUSH,,NO JUNCTION INVOLVED,,ASPHALT,SPEED TOO FAST FOR WEATHER CONDITIONS,$2501 TO $5000,SAME DIRECTION SIDESWIPE,I-69100A,0,,2022-02-03 14:17:00,,,
MONROE SD,M22A1862,MONROE,PERRY,BLOOMINGTON,2,,0,0,0,,S ROGERS ST,,,,,S ROGERS ST,S ST RD 37,,,,N,,0.0,,39.09937346,-86.53802402,LOCAL/CITY RD,,,,RURAL,N,N,N,,DAYLIGHT,CLEAR,DRY,,T-INTERSECTION,,ASPHALT,FOLLOWING TOO CLOSELY,$5001 TO $10000,REAR END,SROGERSSTSOLDSTATERD37,0,,2022-01-25 04:09:00,,,
BLOOMINGTON PD,B22-10752,MONROE,PERRY,BLOOMINGTON,1,,0,0,1,,S ROCKPORT RD,,,,,S ROCKPORT RD,W TAPP RD,,,,Y,,0.0,,39.13600521,-86.54907912,LOCAL/CITY RD,,,,URBAN,N,N,N,,DARK (NOT LIGHTED),CLEAR,DRY,,FOUR-WAY INTERSECTION,,ASPHALT,ANIMAL/OBJECT IN RDWAY,$2501 TO $5000,OTHER - EXPLAIN IN NARRATIVE,WTAPPRDSROCKPORTRD,0,,2022-03-29 20:26:00,,,
BLOOMINGTON PD,B22-21038,MONROE,PERRY,BLOOMINGTON,2,,0,0,0,,S COLLEGE AVE,,,,,S COLLEGE AVE,W.2ND ST,,,,Y,,0.0,,39.161366,-86.534943,LOCAL/CITY RD,,,,URBAN,N,N,N,,DAYLIGHT,CLOUDY,DRY,,FOUR-WAY INTERSECTION,,ASPHALT,FOLLOWING TOO CLOSELY,$2501 TO $5000,REAR END,W.2NDSTS.COLLEGEAVE,0,,2022-06-06 13:49:00,,,
BLOOMINGTON PD,B22-26549,MONROE,PERRY,BLOOMINGTON,2,,0,0,0,3205,ST RD 45 W,,,,,ST RD 45 W,,,,,Y,,0.0,,39.14530809,-86.57487263,PRIVATE DR,,,,URBAN,N,N,N,,DAYLIGHT,CLEAR,DRY,,NO JUNCTION INVOLVED,,ASPHALT,UNSAFE BACKING,$2501 TO $5000,BACKING CRASH,STATERD45 W,0,,2022-07-12 11:22:00,,,
BLOOMINGTON PD,B22-14773,MONROE,PERRY,BLOOMINGTON,1,,1,0,0,2203,E MOORES PK,,,,,E MOORES PK,,,,,Y,,0.0,,39.15044835,-86.50715179,LOCAL/CITY RD,,,,RURAL,N,N,N,,DARK (NOT LIGHTED),RAIN,WET,,NO JUNCTION INVOLVED,,ASPHALT,OVERCORRECTING/OVERSTEERING,$10001 TO $25000,RAN OFF RD,EMOORESPK,0,,2022-04-25 04:17:00,,,
BLOOMINGTON PD,B22-20069,MONROE,BLOOMINGTON,BLOOMINGTON,2,,1,0,0,,W ST RD 45/46,,,,,W ST RD 45/46,N KINSER PK,,,,Y,,0.0,,39.186574,-86.537722,ST RD,,,,URBAN,N,N,N,,DAYLIGHT,CLEAR,DRY,,FOUR-WAY INTERSECTION,,ASPHALT,OTHER (DRIVER) - EXPLAIN IN NARRATIVE,$1001 TO $2500,REAR END,WST RD 45/46BYPASSN.KINSERPK,0,,2022-05-31 12:40:00,,,
BLOOMINGTON PD,B22-27643,MONROE,BLOOMINGTON,BLOOMINGTON,1,,1,0,0,,S GRANT ST,,,,,S GRANT ST,E KIRKWOOD AVE,,,,Y,,0.0,,39.16648195,-86.52986416,LOCAL/CITY RD,,,,URBAN,N,N,N,,DAYLIGHT,CLEAR,DRY,,FOUR-WAY INTERSECTION,,ASPHALT,OVERCORRECTING/OVERSTEERING,UNDER $1001,OTHER - EXPLAIN IN NARRATIVE,SGRANTSTEKIRKWOODAVE,0,,2022-07-19 13:24:00,,,