Agency,Local Code,County,Township,City,Vehicles Involved,Trailers Involved,Number Injured,Number Dead,Number Deer,House Number,Roadway Name,Roadway Suffix,Roadway Number,Roadway Interchange,Roadway Ramp,Roadway Id,Intersecting Road,Intersecting Road Number,Mile Marker,Interchange,Corporate Limits?,Property Type,Feet From,Direction,Latitude,Longitude,Roadway Class,Traffic Control Devices?,Aggressive Driving?,Hit and Run?,Locality,School Zone?,Rumble Strips?,Construction?,Construction Type,Light Condition,Weather Conditions,Surface Condition,Type of Median,Roadway Junction Type,Road Character,Roadway Surface,Primary Factor,Damage Estimate,Manner of Collision,Unique Location Id,State Property Damage?,Traffic Control,DateTime,Address Number,Cyclist Involved,Pedestrian Involved
BLOOMINGTON PD,B22-12227,MONROE,BLOOMINGTON,BLOOMINGTON,2,,3,0,0,,N ADAMS ST,,,,,N ADAMS ST,W KIRKWOOD AVE,,,,Y,,0.0,,39.16674141,-86.54964155,LOCAL/CITY RD,,,,URBAN,N,N,N,,DAWN/DUSK,RAIN,WET,,FOUR-WAY INTERSECTION,,ASPHALT,FAILURE TO MAINTAIN LN,$10001 TO $25000,HEAD ON BETWEEN TWO MOTOR VEHICLES,WKIRKWOODAVENADAMSST,0,,2022-04-08 19:18:00,,,
MONROE SD,M22A11113,MONROE,BLOOMINGTON,BLOOMINGTON,1,,1,0,0,,E ROBINSON RD,,,,,E ROBINSON RD,HILLSAMER RD,,0.0,,N,,350.0,,39.25039786,-86.46627536,LOCAL/CITY RD,,,,RURAL,N,N,N,,DAWN/DUSK,CLEAR,WET,,NO JUNCTION INVOLVED,,ASPHALT,OVERCORRECTING/OVERSTEERING,$5001 TO $10000,RAN OFF RD,HILLSAMERRDEROBINSONRD,0,,2022-05-14 20:20:00,,,
INDIANA UNIV BLOOMINGTON PD,222059,MONROE,BLOOMINGTON,BLOOMINGTON,2,,1,0,0,,E ATWATER AVE,,,,,E ATWATER AVE,BALLANTINE RD,,,,Y,,0.0,,39.16308131,-86.51879258,LOCAL/CITY RD,,,,URBAN,N,N,N,,DAYLIGHT,CLOUDY,DRY,,FOUR-WAY INTERSECTION,,ASPHALT,UNSAFE LN MOVEMENT,$5001 TO $10000,LEFT TURN,EATWATERAVEBALLANTINERD,0,,2022-06-06 14:33:00,,,
MONROE SD,M22A6203,MONROE,PERRY,BLOOMINGTON,2,,2,0,0,,S ST RD 37,,,,,S ST RD 37,W DILLMAN RD,,,,N,,0.0,,39.09295551,-86.54416744,COUNTY RD,,,,RURAL,N,N,N,,DAYLIGHT,RAIN,WET,,NO JUNCTION INVOLVED,,ASPHALT,FOLLOWING TOO CLOSELY,$2501 TO $5000,REAR END,WDILLMANRDSOLDSTATERD37,0,,2022-03-18 12:04:00,,,
BLOOMINGTON PD,B22-36206,MONROE,PERRY,BLOOMINGTON,1,,0,0,0,,SARE RD,,,,,SARE RD,CATHCART ST,,,,Y,,300.0,,39.1488577,-86.4990292,LOCAL/CITY RD,,,,URBAN,N,N,N,,DARK (LIGHTED),CLEAR,DRY,,NO JUNCTION INVOLVED,,ASPHALT,DRIVER DISTRACTED - EXPLAIN IN NARRATIVE,$5001 TO $10000,RAN OFF RD,SARERDCATHCARTST,0,,2022-09-09 06:50:00,,,
BLOOMINGTON PD,B22-13256,MONROE,PERRY,BLOOMINGTON,2,,1,0,0,,S WALNUT ST,,,,,S WALNUT ST,E GRIMES LN,,,,Y,,0.0,,39.15335895,-86.53371996,LOCAL/CITY RD,,,,URBAN,N,N,N,,DARK (LIGHTED),RAIN,WET,,FOUR-WAY INTERSECTION,,ASPHALT,FAILURE TO YIELD RIGHT OF WAY,$2501 TO $5000,RIGHT ANGLE,SWALNUTSTEGRIMESLN,0,,2022-04-15 23:00:00,,,
MONROE SD,M22A13481,MONROE,RICHLAND,BLOOMINGTON,2,,0,0,0,750,N DANIELS WAY,,,,,N DANIELS WAY,,,,,N,,0.0,,39.17198282,-86.59829301,PRIVATE DR,,,,RURAL,N,N,N,,DAYLIGHT,RAIN,WET,,NO JUNCTION INVOLVED,,ASPHALT,FOLLOWING TOO CLOSELY,UNDER $1001,REAR END,NDANIELSWAY,0,,2022-06-08 16:04:00,,,
BLOOMINGTON PD,B21-05100,MONROE,BLOOMINGTON,BLOOMINGTON,2,,0,0,0,,S PARK AVE,,,,,S PARK AVE,E HUNTER AVE,,,,Y,,0.0,,39.162235,-86.523999,LOCAL/CITY RD,,,,URBAN,N,N,N,,DAYLIGHT,CLEAR,DRY,,FOUR-WAY INTERSECTION,,ASPHALT,IMPROPER PASSING,$2501 TO $5000,SAME DIRECTION SIDESWIPE,SPARKAVEEHUNTERAVE,0,,2022-02-15 11:58:00,,,
BLOOMINGTON PD,B22-36773,MONROE,VAN BUREN,BLOOMINGTON,2,,0,0,0,,W ST RD 45,,,,,W ST RD 45,S HICKORY LEAF DR,,,,Y,,0.0,,39.14493061,-86.57791386,ST RD,,,,URBAN,N,N,N,,DAYLIGHT,CLOUDY,DRY,,FOUR-WAY INTERSECTION,,ASPHALT,FOLLOWING TOO CLOSELY,$1001 TO $2500,REAR END,WSTATERD45SHICKORYLEAFDR,0,,2022-09-12 15:14:00,,,
MONROE SD,M22A6904,MONROE,VAN BUREN,,2,,0,0,0,,S DUNCAN RD,,,,,S DUNCAN RD,W ST RD 45,,,,N,,0.0,,39.13483964,-86.59629887,,,,,RURAL,N,N,N,,DAWN/DUSK,CLOUDY,WET,,T-INTERSECTION,,ASPHALT,FOLLOWING TOO CLOSELY,$2501 TO $5000,REAR END,WSTATERD45SDUNCANRD,0,,2022-03-25 19:00:00,,,
MONROE SD,M22A3638,MONROE,RICHLAND,BLOOMINGTON,2,,0,0,0,,N MATTHEWS RD,,,,,N MATTHEWS RD,W MAPLE GROVE RD,,,,N,,0.0,,39.245321,-86.620498,LOCAL/CITY RD,,,,RURAL,N,N,N,,DAYLIGHT,CLOUDY,DRY,,FOUR-WAY INTERSECTION,,ASPHALT,FAILURE TO YIELD RIGHT OF WAY,$2501 TO $5000,RIGHT ANGLE,WMAPLEGROVERDNMATTHEWSRD,0,,2022-02-15 15:18:00,,,
MONROE SD,M22A11693,MONROE,BLOOMINGTON,BLOOMINGTON,1,,0,0,0,,N WALNUT ST,,,,,N WALNUT ST,,,,,N,,0.0,,39.2298069,-86.5409366,ST RD,,,,URBAN,N,N,N,,DARK (LIGHTED),CLEAR,DRY,,NO JUNCTION INVOLVED,,ASPHALT,OVERCORRECTING/OVERSTEERING,$10001 TO $25000,RIGHT ANGLE,NWALNUTST,0,,2022-05-20 07:40:00,,,
INDIANA UNIV BLOOMINGTON PD,221430,MONROE,BLOOMINGTON,BLOOMINGTON,2,,1,0,0,,E 3RD ST,,,,,E 3RD ST,S FESS AVE,,,,Y,,0.0,,39.16427918,-86.52587897,LOCAL/CITY RD,,,,URBAN,N,N,N,,DAYLIGHT,CLEAR,DRY,,T-INTERSECTION,,ASPHALT,IMPROPER TURNING,$25001 TO $50000,SAME DIRECTION SIDESWIPE,SFESSAVEE 3RDST,0,,2022-04-15 01:30:00,,,
ELLETTSVILLE PD,E22-04038,MONROE,RICHLAND,BLOOMINGTON,2,,0,0,0,,ST RD 46,,,,,ST RD 46,CENTENNIAL DR,,,,N,,0.0,,39.2098396,-86.58257568,ST RD,,,,URBAN,N,N,N,,DAYLIGHT,CLEAR,DRY,,FOUR-WAY INTERSECTION,,CONCRETE,DRIVER DISTRACTED - EXPLAIN IN NARRATIVE,$5001 TO $10000,REAR END,STATERD46CENTENNIALDR,0,,2022-10-05 15:44:00,,,
BLOOMINGTON PD,B22-12055,MONROE,BLOOMINGTON,BLOOMINGTON,2,,0,0,0,,W 7TH ST,,,,,W 7TH ST,N COLLEGE AVE,,,,Y,,0.0,,39.16857676,-86.53476546,LOCAL/CITY RD,,,,URBAN,N,N,N,,DAYLIGHT,RAIN,WET,,FOUR-WAY INTERSECTION,,ASPHALT,FOLLOWING TOO CLOSELY,$1001 TO $2500,REAR END,W7THSTNCOLLEGEAVE,0,,2022-04-07 16:59:00,,,
INDIANA UNIV BLOOMINGTON PD,223024,MONROE,BLOOMINGTON,BLOOMINGTON,2,,0,0,0,,E 3RD ST,,,,,E 3RD ST,BALLANTINE RD,,,,Y,,0.0,,39.1642875,-86.51914126,LOCAL/CITY RD,,,,URBAN,N,N,N,,DAYLIGHT,CLEAR,DRY,,NO JUNCTION INVOLVED,,ASPHALT,UNSAFE LN MOVEMENT,$10001 TO $25000,SAME DIRECTION SIDESWIPE,E 3RDSTBALLANTINERD,0,,2022-09-01 16:35:00,,,
MONROE SD,M22A19649,MONROE,RICHLAND,BLOOMINGTON,1,,0,0,1,,W ST RD 48,,,,,W ST RD 48,S STONECHASE XING,,,,N,,0.0,,39.1647547,-86.5952735,ST RD,,,,URBAN,N,Y,N,,DARK (LIGHTED),CLEAR,DRY,,T-INTERSECTION,,ASPHALT,ANIMAL/OBJECT IN RDWAY,$2501 TO $5000,COLLISION WITH DEER,WST RD 48SSTONECHASEXING,0,,2022-08-12 06:44:00,,,
BLOOMINGTON PD,B22-32672,MONROE,PERRY,BLOOMINGTON,1,,0,0,0,,S COLLEGE MALL RD,,,,,S COLLEGE MALL RD,E BUICK CADILLAC BLVD,,,,Y,,0.0,,39.15890025,-86.49790139,LOCAL/CITY RD,,,,URBAN,N,N,N,,DAYLIGHT,CLEAR,DRY,,NO JUNCTION INVOLVED,,ASPHALT,LEFT OF CENTER,$1001 TO $2500,RAN OFF RD,SCOLLEGEMALLRDEBUICKCADILLACBLVD,0,,2022-08-20 13:00:00,,,
MONROE SD,M22A24056,MONROE,CLEAR CREEK,BLOOMINGTON,2,,0,0,0,,S ROGERS ST,,,,,S ROGERS ST,W THAT RD,,,,N,,0.0,,39.11460792,-86.53978891,LOCAL/CITY RD,,,,RURAL,N,N,N,,DAYLIGHT,CLEAR,DRY,,T-INTERSECTION,,ASPHALT,UNSAFE BACKING,$5001 TO $10000,BACKING CRASH,WTHATRDSROGERSST,0,,2022-09-30 12:49:00,,,
MONROE SD,M22A14292,MONROE,BEAN BLOSSOM,BLOOMINGTON,2,,0,0,0,,ST RD 46,,,,,ST RD 46,N STINESVILLE RD,,,,N,,0.0,,39.26736574,-86.66644396,ST RD,,,,RURAL,N,N,N,,DAYLIGHT,RAIN,WET,,T-INTERSECTION,,ASPHALT,FAILURE TO YIELD RIGHT OF WAY,$5001 TO $10000,RIGHT ANGLE,STATERD46NSTINESVILLERD,0,,2022-06-17 10:10:00,,,
MONROE SD,M22A20753,MONROE,BLOOMINGTON,BLOOMINGTON,1,,0,0,0,,E BETHEL LN,,,,,E BETHEL LN,,,,,N,,750.0,,39.21265361,-86.46349478,LOCAL/CITY RD,,,,RURAL,N,N,N,,DAYLIGHT,CLEAR,DRY,,NO JUNCTION INVOLVED,,ASPHALT,FAILURE TO MAINTAIN LN,$5001 TO $10000,RAN OFF RD,EBETHELLN,0,,2022-08-24 03:47:00,,,
BLOOMINGTON PD,B22-35780,MONROE,BLOOMINGTON,BLOOMINGTON,2,,0,0,0,,S INDIANA AVE,,,,,S INDIANA AVE,E 4TH ST,,,,Y,,0.0,,39.16561388,-86.52692102,LOCAL/CITY RD,,,,URBAN,N,N,N,,DAWN/DUSK,CLEAR,DRY,,T-INTERSECTION,,ASPHALT,UNSAFE BACKING,$1001 TO $2500,BACKING CRASH,SINDIANAAVEE4THST,0,,2022-09-06 19:39:00,,,
INDIANA UNIV BLOOMINGTON PD,221906,MONROE,BLOOMINGTON,BLOOMINGTON,2,,0,0,0,,ST RD 45,,,,,ST RD 45,,,,,Y,,0.0,,39.17626093,-86.50479815,ST RD,,,,URBAN,N,N,N,,DAYLIGHT,RAIN,WET,,NO JUNCTION INVOLVED,,ASPHALT,FOLLOWING TOO CLOSELY,$10001 TO $25000,REAR END,STATERD45,0,,2022-05-18 15:32:00,,,
INDIANA UNIV BLOOMINGTON PD,222476,MONROE,BLOOMINGTON,BLOOMINGTON,2,,3,0,0,,ST RD 45,,,,,ST RD 45,N MILO B SAMPSON LN,,,,Y,,0.0,,39.18628332,-86.52362777,,,,,URBAN,N,N,N,,DAYLIGHT,RAIN,WET,,T-INTERSECTION,,ASPHALT,RDWAY SURFACE CONDITION,$25001 TO $50000,LEFT TURN,STATERD45NMILOBSAMPSONLN,0,,2022-07-26 12:40:00,,,
ELLETTSVILLE PD,E2200802,MONROE,RICHLAND,ELLETTSVILLE,2,0.0,0,0,0,,,,ST RD 46 W,,,ST RD 46 W,HARTSTRAIT,,,,Y,,,,39.227624,-86.615919,ST RD,Y,N,N,URBAN,N,N,N,,DAYLIGHT,CLEAR,DRY,,NO JUNCTION INVOLVED,STRAIGHT/LEVEL,ASPHALT,FOLLOWING TOO CLOSELY,$2501 TO $5000,REAR END,HARTSTRAITRDST RD 46 W,0,TRAFFIC CONTROL SIGNAL,2022-03-04 08:28:00,,,
ELLETTSVILLE PD,E2200339,MONROE,RICHLAND,ELLETTSVILLE,2,0.0,0,0,0,,,,ST RD 46 W,,,ST RD 46 W,2ND,,,,,,,,39.232064,-86.622176,ST RD,,Y,Y,,N,N,N,,DAYLIGHT,CLOUDY,DRY,,NO JUNCTION INVOLVED,STRAIGHT/GRADE,ASPHALT,FAILURE TO YIELD RIGHT OF WAY,$2501 TO $5000,SAME DIRECTION SIDESWIPE,2NDSTST RD 46 W,0,NONE,2022-01-27 10:43:00,,,
INDIANA UNIV BLOOMINGTON PD,220328,MONROE,BLOOMINGTON,BLOOMINGTON,2,,0,0,0,1200,N EAGLESON AVE,,,,,N EAGLESON AVE,,,,,Y,,0.0,,39.17773861,-86.5118781,,,,,URBAN,N,N,N,,DARK (LIGHTED),CLEAR,DRY,,NO JUNCTION INVOLVED,,ASPHALT,IMPROPER TURNING,$1001 TO $2500,SAME DIRECTION SIDESWIPE,NEAGLESON AVEAVE,0,,2022-01-29 18:45:00,,,
BLOOMINGTON PD,B22-03705,MONROE,PERRY,BLOOMINGTON,2,,0,0,0,,E 2ND ST,,,,,E 2ND ST,S WALNUT ST,,,,Y,,0.0,,39.1613797,-86.53361221,LOCAL/CITY RD,,,,URBAN,N,N,N,,DAYLIGHT,RAIN,WET,,FOUR-WAY INTERSECTION,,ASPHALT,FAILURE TO YIELD RIGHT OF WAY,$1001 TO $2500,RIGHT ANGLE,SWALNUTSTE 2NDST,0,,2022-02-02 17:13:00,,,
BLOOMINGTON PD,B22-05589,MONROE,PERRY,BLOOMINGTON,2,,1,0,0,,S ADAMS ST ,,,,,S ADAMS ST ,W ALLEN ST ,,,,Y,,0.0,,39.155834,-86.550597,LOCAL/CITY RD,,,,URBAN,N,N,N,,DAYLIGHT,CLEAR,DRY,,FOUR-WAY INTERSECTION,,ASPHALT,FAILURE TO YIELD RIGHT OF WAY,$2501 TO $5000,RIGHT ANGLE,WALLENSTBLOOMINGTONINSADAMSSTBLOOMINGTONIN,0,,2022-02-19 13:10:00,,,
BLOOMINGTON PD,B22-07601,MONROE,BLOOMINGTON,BLOOMINGTON,2,,0,0,0,,1825 N KINSER PK,,,,,N KINSER PK,,,,,Y,,0.0,,0.0,0.0,LOCAL/CITY RD,,,,URBAN,N,N,N,,DAYLIGHT,RAIN,WET,,NO JUNCTION INVOLVED,,ASPHALT,OVERCORRECTING/OVERSTEERING,$1001 TO $2500,SAME DIRECTION SIDESWIPE,1825N.KINSERPK,0,,2022-03-07 13:15:00,1825.0,,
BLOOMINGTON PD,B22-38925,MONROE,PERRY,BLOOMINGTON,2,,0,0,0,820,S CLARIZZ BLVD,,,,,S CLARIZZ BLVD,,,,,Y,,0.0,,39.1575617,-86.49181693,PRIVATE DR,,,,URBAN,N,N,N,,UNKNOWN,CLEAR,DRY,,NO JUNCTION INVOLVED,,ASPHALT,OTHER (DRIVER) - EXPLAIN IN NARRATIVE,$2501 TO $5000,OTHER - EXPLAIN IN NARRATIVE,SCLARIZZBLVD,0,,2022-09-25 13:27:00,,,
MONROE SD,M22A19891,MONROE,VAN BUREN,BLOOMINGTON,1,,0,0,1,,I-69 S,,,,,I-69 S,,,69.0,,N,,0.0,,39.08835893,-86.57035508,INTERSTATE,,,,RURAL,N,N,N,,DAWN/DUSK,CLOUDY,DRY,,NO JUNCTION INVOLVED,,ASPHALT,ANIMAL/OBJECT IN RDWAY,$5001 TO $10000,COLLISION WITH DEER,SINTERSTATE69,0,,2022-08-15 06:27:00,,,
INDIANA UNIV BLOOMINGTON PD,220893,MONROE,BLOOMINGTON,BLOOMINGTON,2,,1,0,0,,ST RD 45,,,,,ST RD 45,E 17TH ST,,,,Y,,0.0,,39.17959825,-86.50704557,ST RD,,,,URBAN,N,N,N,,DAYLIGHT,CLOUDY,DRY,,T-INTERSECTION,,ASPHALT,FOLLOWING TOO CLOSELY,$10001 TO $25000,REAR END,STATERD45E17THST,0,,2022-03-08 13:15:00,,,
BLOOMINGTON PD,B22-06172,MONROE,BLOOMINGTON,BLOOMINGTON,3,,2,0,0,,S WALNUT ST,,,,,S WALNUT ST,E DRISCOLL ST,,,,Y,,0.0,,39.152468,-86.533678,LOCAL/CITY RD,,,,URBAN,N,N,N,,DAYLIGHT,CLOUDY,DRY,,NO JUNCTION INVOLVED,,ASPHALT,FOLLOWING TOO CLOSELY,$5001 TO $10000,REAR END,SWALNUTSTEDRISCOLLST,0,,2022-02-24 11:06:00,,,
INDIANA UNIV BLOOMINGTON PD,220423,MONROE,BLOOMINGTON,BLOOMINGTON,2,,0,0,0,2651,E DISCOVERY PKWY,,,,,E DISCOVERY PKWY,,,,,Y,,0.0,,39.17645432,-86.50180138,OTHER,,,,URBAN,N,N,N,,DAYLIGHT,SNOW,SNOW/SLUSH,,FOUR-WAY INTERSECTION,,ASPHALT,FAILURE TO YIELD RIGHT OF WAY,$2501 TO $5000,RIGHT ANGLE,EDISCOVERYPKWY,0,,2022-02-04 15:40:00,,,
BLOOMINGTON PD,B22-14093,MONROE,BLOOMINGTON,BLOOMINGTON,2,,0,0,0,,E 3RD ST,,,,,E 3RD ST,ST RD 46,,,,Y,,0.0,,39.164257,-86.49826116,LOCAL/CITY RD,,,,URBAN,N,N,N,,DAYLIGHT,CLEAR,DRY,,FOUR-WAY INTERSECTION,,ASPHALT,FAILURE TO YIELD RIGHT OF WAY,$10001 TO $25000,SAME DIRECTION SIDESWIPE,STATERD46E 3RDST,0,,2022-04-21 18:15:00,,,
BLOOMINGTON PD,B22-19591,MONROE,BLOOMINGTON,BLOOMINGTON,2,,0,0,0,,ST RD 46,,,,,ST RD 46,E 10TH ST,,,,Y,,0.0,,39.17140378,-86.50204957,ST RD,,,,URBAN,N,N,N,,DAYLIGHT,CLOUDY,DRY,,FOUR-WAY INTERSECTION,,ASPHALT,FOLLOWING TOO CLOSELY,$1001 TO $2500,REAR END,ST RD 46E 10THST,0,,2022-05-27 15:53:00,,,
BLOOMINGTON PD,B22-06914,MONROE,BLOOMINGTON,BLOOMINGTON,1,,0,0,0,,E 3RD ST,,,,,E 3RD ST,S INDIANA AVE,,,,Y,,0.0,,39.16437623,-86.52714676,LOCAL/CITY RD,,,,URBAN,N,N,N,,DARK (LIGHTED),CLEAR,DRY,,FOUR-WAY INTERSECTION,,ASPHALT,OVERCORRECTING/OVERSTEERING,$10001 TO $25000,OTHER - EXPLAIN IN NARRATIVE,SINDIANAAVEE 3RDST,0,,2022-03-02 03:30:00,,,
MONROE SD,M22A18073,MONROE,PERRY,BLOOMINGTON,2,,0,0,0,,MARIE LN,,,,,MARIE LN,S FAIRFAX RD,,,,N,,0.0,,39.10572054,-86.52241528,COUNTY RD,,,,URBAN,N,N,N,,DAYLIGHT,RAIN,WET,,NO JUNCTION INVOLVED,,ASPHALT,FAILURE TO MAINTAIN LN,$5001 TO $10000,OPPOSITE DIRECTION SIDESWIPE,SFAIRFAXRDMARIELN,0,,2022-07-26 11:09:00,,,
INDIANA UNIV BLOOMINGTON PD,221093,MONROE,BLOOMINGTON,BLOOMINGTON,1,,1,0,0,,17TH ST,,,,,17TH ST,FESS AVE,,,,Y,,0.0,,39.1790229,-86.526068,LOCAL/CITY RD,,,,URBAN,N,N,N,,DAYLIGHT,CLOUDY,WET,,T-INTERSECTION,,ASPHALT,FAILURE TO YIELD RIGHT OF WAY,$1001 TO $2500,OTHER - EXPLAIN IN NARRATIVE,FESSAVE17THST,1,,2022-03-23 16:10:00,,,True
BLOOMINGTON PD,B22-10873,MONROE,BLOOMINGTON,BLOOMINGTON,1,,0,0,0,,W 6TH ST,,,,,W 6TH ST,N ROGERS ST,,,,Y,,211.0,,39.16757877,-86.53824038,LOCAL/CITY RD,,,,URBAN,N,N,N,,DAYLIGHT,CLOUDY,DRY,,NO JUNCTION INVOLVED,,ASPHALT,BRAKE FAILURE OR DEFECTIVE,$1001 TO $2500,RAN OFF RD,W6THSTNROGERSST,0,,2022-03-30 17:45:00,,,
BLOOMINGTON PD,B22-17335,MONROE,BLOOMINGTON,BLOOMINGTON,2,,1,0,0,,S COLLEGE AVE,,,,,S COLLEGE AVE,W 3RD ST,,,,Y,,0.0,,39.1646718,-86.53493669,LOCAL/CITY RD,,,,URBAN,N,N,N,,DARK (LIGHTED),CLEAR,DRY,,FOUR-WAY INTERSECTION,,ASPHALT,DISREGARD SIGNAL/REG SIGN,$10001 TO $25000,OTHER - EXPLAIN IN NARRATIVE,W 3RDSTSCOLLEGEAVE,0,,2022-05-12 05:09:00,,,
BLOOMINGTON PD,B22-11729,MONROE,PERRY,BLOOMINGTON,2,,0,0,0,,S COLLEGE AVE,,,,,S COLLEGE AVE,W SMITH AVE,,,,Y,,370.0,,39.16351526,-86.53489656,LOCAL/CITY RD,,,,URBAN,N,N,N,,DAYLIGHT,CLOUDY,WET,,T-INTERSECTION,,ASPHALT,FAILURE TO YIELD RIGHT OF WAY,$5001 TO $10000,RIGHT ANGLE,WSMITHAVESCOLLEGEAVE,0,,2022-04-05 15:20:00,,,
INDIANA UNIV BLOOMINGTON PD,223461,MONROE,BLOOMINGTON,BLOOMINGTON,2,,0,0,0,921,E ATWATER AVE,,,,,E ATWATER AVE,,,,,Y,,0.0,,39.1634317,-86.5211838,PRIVATE DR,,,,RURAL,N,N,N,,DAYLIGHT,CLEAR,DRY,,NO JUNCTION INVOLVED,,ASPHALT,UNSAFE BACKING,$1001 TO $2500,BACKING CRASH,EATWATERAVE,0,,2022-09-21 10:36:00,,,
INDIANA UNIV BLOOMINGTON PD,221082,MONROE,BLOOMINGTON,BLOOMINGTON,2,,1,0,0,,ST RD 45,,,,,ST RD 45,E 10TH ST,,,,N,,0.0,,39.17292152,-86.5030621,ST RD,,,,URBAN,N,N,N,,DAYLIGHT,RAIN,WET,,NO JUNCTION INVOLVED,,ASPHALT,FOLLOWING TOO CLOSELY,$2501 TO $5000,REAR END,STATERD45E 10THST,0,,2022-03-22 15:25:00,,,
MONROE SD,M22A2858,MONROE,BEAN BLOSSOM,ELLETTSVILLE,1,,1,0,0,,N MT TABOR,,,,,N MT TABOR,N JENNER DR,,,,N,,0.0,,0.0,0.0,LOCAL/CITY RD,,,,RURAL,N,N,N,,DAYLIGHT,CLEAR,SNOW/SLUSH,,NO JUNCTION INVOLVED,,ASPHALT,SPEED TOO FAST FOR WEATHER CONDITIONS,$10001 TO $25000,RAN OFF RD,NMTTABORNJENNERDR,0,,2022-02-06 14:20:00,,,
MONROE SD,M22A7188,MONROE,BLOOMINGTON,BLOOMINGTON,1,,0,0,1,,N ST RD 37,,,,,N ST RD 37,N ST RD 37,,,,N,,0.0,,0.0,0.0,ST RD,,,,RURAL,N,N,N,,DARK (NOT LIGHTED),CLEAR,DRY,,FOUR-WAY INTERSECTION,,ASPHALT,ANIMAL/OBJECT IN RDWAY,$2501 TO $5000,COLLISION WITH DEER,NOLD37NBUSINESS37,0,,2022-03-30 03:39:00,,,
BLOOMINGTON PD,B22-25003,MONROE,BLOOMINGTON,BLOOMINGTON,1,,1,0,0,,W BLOOMFIELD RD,,,,,W BLOOMFIELD RD,,,,,Y,,0.0,,,,PRIVATE DR,,,,URBAN,N,N,N,,DAYLIGHT,CLEAR,DRY,,NO JUNCTION INVOLVED,,ASPHALT,DRIVER ASLEEP OR FATIGUED,$2501 TO $5000,RAN OFF RD,W.BLOOMFIELDRD,0,,2022-07-02 07:40:00,,,
BLOOMINGTON PD,B22-38182,MONROE,BLOOMINGTON,BLOOMINGTON,2,,0,0,0,,901 W MORAVEC WAY,,,,,W MORAVEC WAY,DIAMOND ST,,,,Y,,1000.0,,39.172283,-86.543456,LOCAL/CITY RD,,,,URBAN,N,N,N,,DAYLIGHT,CLEAR,DRY,,NO JUNCTION INVOLVED,,ASPHALT,UNSAFE BACKING,$1001 TO $2500,BACKING CRASH,DIAMONDST901W.MORAVECWAY,0,,2022-09-21 08:47:00,901.0,,
BLOOMINGTON PD,B22-10418,MONROE,BLOOMINGTON,BLOOMINGTON,1,,0,0,0,,,,,,,,E 19TH ST AND N LINCOLN ST,,,,Y,,0.0,,39.181097,-86.530929,LOCAL/CITY RD,,,,URBAN,N,N,N,,DARK (NOT LIGHTED),CLEAR,DRY,,FOUR-WAY INTERSECTION,,ASPHALT,OTHER (VEHICLE) - EXPLAIN IN NARRATIVE,$1001 TO $2500,BACKING CRASH,E19THSTANDNLINCOLNST,0,,2022-03-27 00:50:00,,,
BLOOMINGTON PD,B22-25144,MONROE,BLOOMINGTON,BLOOMINGTON,2,,0,0,0,,11TH,,,,,11TH,COLLEGE AVE,,,,Y,,0.0,,39.17326896,-86.53483443,LOCAL/CITY RD,,,,URBAN,N,N,N,,DAYLIGHT,CLEAR,DRY,,FOUR-WAY INTERSECTION,,ASPHALT,DISREGARD SIGNAL/REG SIGN,$2501 TO $5000,RIGHT ANGLE,COLLEGEAVE11TH,0,,2022-07-03 07:41:00,,,
BLOOMINGTON PD,B22-30771,MONROE,RICHLAND,BLOOMINGTON,2,,0,0,0,,W 3RD ST,,,,,W 3RD ST,S GATES DR,,,,Y,,100.0,,39.1646242,-86.57689713,LOCAL/CITY RD,,,,URBAN,N,N,N,,DAYLIGHT,CLOUDY,DRY,,NO JUNCTION INVOLVED,,ASPHALT,UNSAFE LN MOVEMENT,$5001 TO $10000,SAME DIRECTION SIDESWIPE,W 3RDSTSGATESDR,0,,2022-08-09 12:25:00,,,
MONROE SD,M22A16263,MONROE,RICHLAND,BLOOMINGTON,2,,0,0,0,,ST RD 46,,,,,ST RD 46,W ARLINGTON RD,,,,N,,0.0,,39.2076981,-86.57966917,ST RD,,,,URBAN,N,N,N,,DAYLIGHT,RAIN,WET,,T-INTERSECTION,,ASPHALT,FOLLOWING TOO CLOSELY,$5001 TO $10000,REAR END,WARLINGTONRDSTATERD46,0,,2022-07-07 15:44:00,,,
MONROE SD,M22A22090,MONROE,RICHLAND,BLOOMINGTON,1,,1,0,0,,W 3RD ST,,,,,W 3RD ST,,,,,N,,0.0,,39.17038468,-86.6747684,ST RD,,,,RURAL,N,N,N,,DAYLIGHT,CLEAR,DRY,,NO JUNCTION INVOLVED,,ASPHALT,DRIVER ASLEEP OR FATIGUED,$10001 TO $25000,RAN OFF RD,W 3RDST,0,,2022-09-08 03:09:00,,,
MONROE SD,M22A23102,MONROE,BEAN BLOSSOM,STINESVILLE,1,,0,0,1,,N STINESVILLE RD,,,,,N STINESVILLE RD,,,,,N,,0.0,,39.27278635,-86.66382911,COUNTY RD,,,,RURAL,N,N,N,,DARK (NOT LIGHTED),FOG/SMOKE/SMOG,DRY,,NO JUNCTION INVOLVED,,ASPHALT,ANIMAL/OBJECT IN RDWAY,$5001 TO $10000,COLLISION WITH DEER,NSTINESVILLERD,0,,2022-09-20 02:15:00,,,