Agency,Local Code,County,Township,City,Vehicles Involved,Trailers Involved,Number Injured,Number Dead,Number Deer,House Number,Roadway Name,Roadway Suffix,Roadway Number,Roadway Interchange,Roadway Ramp,Roadway Id,Intersecting Road,Intersecting Road Number,Mile Marker,Interchange,Corporate Limits?,Property Type,Feet From,Direction,Latitude,Longitude,Roadway Class,Traffic Control Devices?,Aggressive Driving?,Hit and Run?,Locality,School Zone?,Rumble Strips?,Construction?,Construction Type,Light Condition,Weather Conditions,Surface Condition,Type of Median,Roadway Junction Type,Road Character,Roadway Surface,Primary Factor,Damage Estimate,Manner of Collision,Unique Location Id,State Property Damage?,Traffic Control,DateTime,Address Number,Cyclist Involved,Pedestrian Involved
BLOOMINGTON PD,B22-36331,MONROE,PERRY,BLOOMINGTON,2,,1,0,0,,W BLOOMFIELD RD,,,,,W BLOOMFIELD RD,S OAKDALE DR,,,,Y,,0.0,,39.1497231,-86.5688429,LOCAL/CITY RD,,,,URBAN,N,N,N,INTERMITTENT OR MOVING WORK,DAWN/DUSK,CLEAR,DRY,,FOUR-WAY INTERSECTION,,ASPHALT,FOLLOWING TOO CLOSELY,$2501 TO $5000,REAR END,WBLOOMFIELDRDSOAKDALEDR,0,,2022-09-09 20:18:00,,,
BLOOMINGTON PD,B22-28264,MONROE,PERRY,BLOOMINGTON,2,,0,0,0,,E WINSLOW RD,,,,,E WINSLOW RD,S ST RD 37,,,,Y,,0.0,,39.13596386,-86.53108559,LOCAL/CITY RD,,,,URBAN,N,N,N,,DAYLIGHT,CLOUDY,DRY,,FOUR-WAY INTERSECTION,,ASPHALT,FAILURE TO YIELD RIGHT OF WAY,$5001 TO $10000,LEFT TURN,SOLDSTATERD37EWINSLOWRD,0,,2022-07-23 11:52:00,,,
ELLETTSVILLE PD,E2200580,MONROE,RICHLAND,ELLETTSVILLE,2,0.0,0,0,0,,,,ST RD 46 W,,,ST RD 46 W,POPLAR,,,,Y,,100.0,W,39.23750196,-86.62943021,ST RD,,N,N,URBAN,Y,N,N,,DAWN/DUSK,CLEAR,DRY,,NO JUNCTION INVOLVED,CURVE/GRADE,ASPHALT,FOLLOWING TOO CLOSELY,$2501 TO $5000,REAR END,POPLARDRST RD 46 W,0,STOP SIGN,2022-02-15 06:53:00,,,
MONROE SD,M22A5443,MONROE,SALT CREEK,,1,,0,0,1,,ST RD 446,,,,,ST RD 446,RUSH RIDGE RD,,,,N,,100.0,,39.08454164,-86.42037894,ST RD,,,,RURAL,N,N,N,,DAYLIGHT,CLEAR,DRY,,T-INTERSECTION,,ASPHALT,ANIMAL/OBJECT IN RDWAY,$2501 TO $5000,COLLISION WITH DEER,STATERD446RUSHRIDGERD,0,,2022-03-08 18:06:00,,,
BLOOMINGTON PD,B22-28763,MONROE,BLOOMINGTON,BLOOMINGTON,2,,0,0,0,101,N CURRY PK,,,,,N CURRY PK,,,,,Y,,0.0,,39.16649256,-86.58273376,PRIVATE DR,,,,URBAN,N,N,N,,DAYLIGHT,CLEAR,DRY,,NO JUNCTION INVOLVED,,ASPHALT,UNSAFE BACKING,$2501 TO $5000,BACKING CRASH,N.CURRYPK,0,,2022-07-27 14:54:00,,,
MONROE SD,M22A19954,MONROE,PERRY,BLOOMINGTON,2,,0,0,0,,E MAXWELL LN,,,,,E MAXWELL LN,S HIGH ST,,,,N,,0.0,,39.15776651,-86.50850348,LOCAL/CITY RD,,,,URBAN,N,N,N,,DAYLIGHT,BLOWING SAND/SOIL/SNOW,DRY,,FOUR-WAY INTERSECTION,,ASPHALT,FAILURE TO YIELD RIGHT OF WAY,$2501 TO $5000,REAR END,SHIGHSTEMAXWELLLN,0,,2022-08-15 16:10:00,,,
BLOOMINGTON PD,B22-28124,MONROE,PERRY,BLOOMINGTON,1,,0,0,0,,E 2ND ST,,,,,E 2ND ST,S WOODLAWN AVE,,,,Y,,264.0,,39.16110997,-86.52319108,LOCAL/CITY RD,,,,URBAN,N,N,N,,DARK (NOT LIGHTED),CLEAR,DRY,,NO JUNCTION INVOLVED,,ASPHALT,IMPROPER LN USAGE,$1001 TO $2500,SAME DIRECTION SIDESWIPE,SWOODLAWNAVEE 2NDST,0,,2022-07-22 00:01:00,,,
BLOOMINGTON PD,B22-02235,MONROE,PERRY,BLOOMINGTON,1,,1,0,0,,W 3RD ST,,,,,W 3RD ST,MULLER PARKWAY,,,,Y,,0.0,,39.16442059,-86.56270928,LOCAL/CITY RD,,,,URBAN,N,N,N,,DARK (LIGHTED),CLOUDY,DRY,,T-INTERSECTION,,ASPHALT,OTHER (DRIVER) - EXPLAIN IN NARRATIVE,$25001 TO $50000,LEFT TURN,W 3RDSTMULLERPARKWAY,0,,2022-01-21 03:00:00,,,
MONROE SD,M22A7685,MONROE,,BLOOMINGTON,2,,0,0,0,3367,N THOMAS RD,,,,,N THOMAS RD,,,,,N,,0.0,,,,LOCAL/CITY RD,,,,RURAL,N,N,N,,DAYLIGHT,CLOUDY,DRY,,NO JUNCTION INVOLVED,,GRAVEL,UNSAFE BACKING,$1001 TO $2500,BACKING CRASH,NTHOMASRD,0,,2022-04-05 07:30:00,,,
BLOOMINGTON PD,B22-17200,MONROE,BLOOMINGTON,BLOOMINGTON,2,,0,0,0,,1175 S COLLEGE MALL RD,,,,,S COLLEGE MALL RD,,,,,Y,,0.0,,39.15513658,-86.49681992,,,,,URBAN,N,N,N,,DAYLIGHT,CLEAR,DRY,,NO JUNCTION INVOLVED,,ASPHALT,FAILURE TO YIELD RIGHT OF WAY,$5001 TO $10000,RIGHT ANGLE,1175SCOLLEGEMALLRD,0,,2022-05-11 12:10:00,1175.0,,
BLOOMINGTON PD,B22-02399,MONROE,VAN BUREN,BLOOMINGTON,2,,1,0,0,,W ST RD 45,,,,,W ST RD 45,INDUSTRIAL BLVD,,,,Y,,0.0,,39.14361027,-86.58034748,LOCAL/CITY RD,,,,URBAN,N,N,N,,DAYLIGHT,CLEAR,DRY,,FOUR-WAY INTERSECTION,,CONCRETE,FAILURE TO YIELD RIGHT OF WAY,$10001 TO $25000,LEFT TURN,WSTATERD45INDUSTRIALBLVD,0,,2022-01-22 05:10:00,,,
MONROE SD,M22A11269,MONROE,RICHLAND,BLOOMINGTON,2,,1,0,0,,N HARTSTRAIT RD,,,,,N HARTSTRAIT RD,,,,,N,,0.0,,39.17103151,-86.61106599,LOCAL/CITY RD,,,,RURAL,N,N,N,,DAYLIGHT,CLEAR,DRY,,NO JUNCTION INVOLVED,,ASPHALT,IMPROPER LN USAGE,$10001 TO $25000,SAME DIRECTION SIDESWIPE,NHARTSTRAITRD,0,,2022-05-16 11:24:00,,,
ELLETTSVILLE PD,E2200359,MONROE,RICHLAND,ELLETTSVILLE,2,0.0,0,0,0,,WALNUT,ST,,,,WALNUT,ASSOCIATION,,,,Y,,,,39.234688,-86.62792,LOCAL/CITY RD,,N,N,URBAN,N,N,N,,DAYLIGHT,SNOW,SNOW/SLUSH,,T-INTERSECTION,STRAIGHT/GRADE,ASPHALT,RDWAY SURFACE CONDITION,$1001 TO $2500,REAR END,ASSOCIATIONSTWALNUTST,0,STOP SIGN,2022-01-28 13:07:00,,,
MONROE SD,M22A13060,MONROE,VAN BUREN,BLOOMINGTON,2,,0,0,0,3585,W ST RD 45,,,,,W ST RD 45,,,,,N,,0.0,,39.14252481,-86.57880112,PRIVATE DR,,,,RURAL,N,N,N,,DAYLIGHT,CLEAR,DRY,,NO JUNCTION INVOLVED,,ASPHALT,IMPROPER TURNING,$2501 TO $5000,SAME DIRECTION SIDESWIPE,WSTRD45,0,,2022-06-04 10:00:00,,,
BLOOMINGTON PD,B22-29658,MONROE,BLOOMINGTON,BLOOMINGTON,3,,0,0,0,,W 10TH ST,,,,,W 10TH ST,N COLLEGE AVE,,,,Y,,0.0,,39.1716899,-86.53486185,LOCAL/CITY RD,,,,URBAN,N,N,N,,DAYLIGHT,CLOUDY,DRY,,FIVE POINT OR MORE,,ASPHALT,UNSAFE LN MOVEMENT,$5001 TO $10000,SAME DIRECTION SIDESWIPE,W10THSTNCOLLEGEAVE,0,,2022-08-02 11:39:00,,,
INDIANA UNIV BLOOMINGTON PD,221329,MONROE,BLOOMINGTON,BLOOMINGTON,1,,1,0,0,,ST RD 45,,,,,ST RD 45,,,,,N,,0.0,,39.18449497,-86.51413648,ST RD,,,,URBAN,N,N,N,,DARK (NOT LIGHTED),RAIN,WET,,NO JUNCTION INVOLVED,,ASPHALT,SPEED TOO FAST FOR WEATHER CONDITIONS,$5001 TO $10000,RAN OFF RD,STATERD45,0,,2022-04-09 00:00:00,,,
INDIANA UNIV BLOOMINGTON PD,221473,MONROE,BLOOMINGTON,BLOOMINGTON,2,,1,0,0,,N EAGLESON AVE,,,,,N EAGLESON AVE,E LINGELBACH LN,,,,Y,,370.0,,39.17780581,-86.5123821,LOCAL/CITY RD,,,,URBAN,N,N,N,,DARK (LIGHTED),CLOUDY,DRY,,NO JUNCTION INVOLVED,,ASPHALT,IMPROPER TURNING,$25001 TO $50000,LEFT TURN,NEAGLESONAVEELINGELBACHLN,0,,2022-04-19 00:30:00,,,
BLOOMINGTON PD,B22-07642,MONROE,PERRY,BLOOMINGTON,2,,0,0,0,,S ROCKPORT RD,,,,,S ROCKPORT RD,W COUNTRY CLUB DR,,,,Y,,0.0,,39.13636866,-86.54873002,LOCAL/CITY RD,,,,URBAN,N,N,N,,DARK (LIGHTED),CLOUDY,DRY,,FOUR-WAY INTERSECTION,,ASPHALT,LEFT OF CENTER,$5001 TO $10000,RIGHT TURN,WCOUNTRYCLUBDRSROCKPORTRD,0,,2022-03-07 19:00:00,,,
INDIANA UNIV BLOOMINGTON PD,221646,MONROE,BLOOMINGTON,BLOOMINGTON,2,,0,0,0,,S DUNN ST,,,,,S DUNN ST,E 4TH ST,,,,Y,,0.0,,39.16507775,-86.52823395,LOCAL/CITY RD,,,,URBAN,N,N,N,,DARK (LIGHTED),CLEAR,DRY,,NO JUNCTION INVOLVED,,ASPHALT,UNSAFE LN MOVEMENT,$2501 TO $5000,SAME DIRECTION SIDESWIPE,SDUNNSTE4THST,0,,2022-04-26 23:32:00,,,
MONROE SD,M22A16081,MONROE,PERRY,,2,,0,0,0,,S ROLLING RIDGE WAY,,,,,S ROLLING RIDGE WAY,,,,,N,,0.0,,39.15240152,-86.5629923,PRIVATE DR,,,,RURAL,N,N,N,,DARK (LIGHTED),CLEAR,DRY,,NO JUNCTION INVOLVED,,CONCRETE,IMPROPER TURNING,$1001 TO $2500,SAME DIRECTION SIDESWIPE,SROLLINGRIDGEWAY,0,,2022-07-05 21:23:00,,,
INDIANA UNIV BLOOMINGTON PD,222111,MONROE,BLOOMINGTON,BLOOMINGTON,2,,0,0,0,,ST RD 46,,,,,ST RD 46,E ASTGATE LN,,,,Y,,53.0,,39.17013515,-86.50155134,ST RD,,,,URBAN,N,N,N,,DAYLIGHT,RAIN,WET,,T-INTERSECTION,,ASPHALT,FOLLOWING TOO CLOSELY,$2501 TO $5000,REAR END,STATERD46EEASTGATELN,0,,2022-06-10 14:10:00,,,
ELLETTSVILLE PD,E22-03223,MONROE,RICHLAND,ELLETTSVILLE,2,,1,0,0,,W TEMPERANCE ST,,,,,W TEMPERANCE ST,S SALE ST,,,,Y,,0.0,,39.23367697,-86.62462761,ST RD,,,,URBAN,N,N,N,,DAYLIGHT,CLEAR,DRY,,NO JUNCTION INVOLVED,,ASPHALT,IMPROPER TURNING,$50001 TO $100000,SAME DIRECTION SIDESWIPE,WTEMPERANCESTSSALEST,0,,2022-08-26 10:53:00,,,
ISP BLOOMINGTON 33,2.022E+11,MONROE,BLOOMINGTON,BLOOMINGTON,1,,1,0,0,,I-69,,,,,I-69,,,123.0,,N,,0.0,,39.2332139,-86.54170084,INTERSTATE,,,,RURAL,N,N,N,,DAYLIGHT,RAIN,WET,,NO JUNCTION INVOLVED,,ASPHALT,FAILURE TO MAINTAIN LN,$5001 TO $10000,RAN OFF RD,I-69123,0,,2022-07-07 16:35:00,,,
BLOOMINGTON PD,B22-25493,MONROE,BLOOMINGTON,BLOOMINGTON,2,,0,0,0,,N SUMMIT ST,,,,,N SUMMIT ST,W 13TH ST,,,,Y,,0.0,,39.17491404,-86.54806637,LOCAL/CITY RD,,,,URBAN,N,N,N,,DAYLIGHT,CLEAR,DRY,,NO JUNCTION INVOLVED,,ASPHALT,IMPROPER LN USAGE,UNDER $1001,SAME DIRECTION SIDESWIPE,W13THSTNSUMMITST,0,,2022-07-05 16:00:00,,,
ISP BLOOMINGTON 33,2.022E+11,MONROE,BENTON,BLOOMINGTON,2,,2,0,0,,ST RD 46,,,,,ST RD 46,TRAILWAY DR,,,,N,,750.0,,39.16361204,-86.4265675,ST RD,,,,RURAL,N,N,N,,DAYLIGHT,CLEAR,DRY,,NO JUNCTION INVOLVED,,ASPHALT,FAILURE TO MAINTAIN LN,$25001 TO $50000,RIGHT ANGLE,TRAILWAYDRST RD 46,0,,2022-09-09 13:41:00,,,
BLOOMINGTON PD,B22-22045,MONROE,PERRY,BLOOMINGTON,1,,0,0,0,,400 E 2ND ST,,,,,E 2ND ST,S DUNN ST,,,,Y,,300.0,,,,LOCAL/CITY RD,,,,URBAN,N,N,N,,DAYLIGHT,CLOUDY,DRY,,NO JUNCTION INVOLVED,,ASPHALT,OVERSIZE/OVERWEIGHT LOAD,$1001 TO $2500,NON-COLLISION,S.DUNNST400BLKE 2NDST,0,,2022-06-13 10:08:00,400.0,,
BLOOMINGTON PD,B22-13661,MONROE,PERRY,BLOOMINGTON,2,,0,0,0,2200,S WALNUT ST,,,,,S WALNUT ST,S N DR,,,,Y,,0.0,,39.14365247,-86.53366216,PRIVATE DR,,,,URBAN,N,N,N,,DAYLIGHT,CLEAR,DRY,,NO JUNCTION INVOLVED,,ASPHALT,FAILURE TO YIELD RIGHT OF WAY,$2501 TO $5000,RIGHT ANGLE,SWALNUTSTSNORTHDR,0,,2022-04-19 13:18:00,,,
BLOOMINGTON PD,B22-14274,MONROE,BLOOMINGTON,BLOOMINGTON,2,,0,0,0,,N ADAMS ST,,,,,N ADAMS ST,W 6TH ST,,,,Y,,0.0,,39.16808812,-86.54962767,,,,,URBAN,N,N,N,,DAYLIGHT,CLEAR,DRY,,NO JUNCTION INVOLVED,,ASPHALT,FAILURE TO YIELD RIGHT OF WAY,$5001 TO $10000,BACKING CRASH,W6THSTNADAMSST,0,,2022-04-22 06:10:00,,,
INDIANA UNIV BLOOMINGTON PD,222640,MONROE,BLOOMINGTON,BLOOMINGTON,2,,0,0,0,,S HAWTHORNE DR,,,,,S HAWTHORNE DR,,,,,Y,,0.0,,39.16521916,-86.52064867,PRIVATE DR,,,,URBAN,N,N,N,,DAYLIGHT,CLEAR,DRY,,NO JUNCTION INVOLVED,,ASPHALT,IMPROPER TURNING,$1001 TO $2500,RIGHT TURN,SHAWTHORNEDR,0,,2022-08-16 10:50:00,,,
BLOOMINGTON PD,B22-24017,MONROE,BLOOMINGTON,BLOOMINGTON,2,,4,0,0,,ST RD 46,,,,,ST RD 46,ST RD 46,,,,Y,,0.0,,39.18653725,-86.53774948,ST RD,,,,URBAN,N,N,N,,DAYLIGHT,CLOUDY,DRY,,FOUR-WAY INTERSECTION,,ASPHALT,FAILURE TO YIELD RIGHT OF WAY,$50001 TO $100000,RIGHT ANGLE,STATERD46STATERD46,0,,2022-06-26 12:45:00,,,
BLOOMINGTON PD,B22-09132,MONROE,PERRY,BLOOMINGTON,2,,0,0,0,,W COUNTRY CLUB DR,,,,,W COUNTRY CLUB DR,S ROGERS ST,,,,Y,,0.0,,39.13608446,-86.53836506,LOCAL/CITY RD,,,,URBAN,N,N,N,,DAYLIGHT,RAIN,WET,,FOUR-WAY INTERSECTION,,CONCRETE,FOLLOWING TOO CLOSELY,UNDER $1001,REAR END,WCOUNTRYCLUBDRSROGERSST,0,,2022-03-18 12:30:00,,,
BLOOMINGTON PD,B22-13000,MONROE,VAN BUREN,BLOOMINGTON,2,,0,0,0,,GATES DR,,,,,GATES DR,W 3RD ST,,,,Y,,1000.0,,39.16466,-86.576125,LOCAL/CITY RD,,,,URBAN,N,N,N,,DAYLIGHT,CLEAR,DRY,,T-INTERSECTION,,ASPHALT,FOLLOWING TOO CLOSELY,$1001 TO $2500,REAR END,W.3RDSTGATESDR,0,,2022-04-14 09:18:00,,,
MONROE SD,M22A15258,MONROE,CLEAR CREEK,BLOOMINGTON,2,,0,0,0,,ST RD 46,,,,,ST RD 46,N CURRY PK,,,,N,,0.0,,39.19385347,-86.57149262,,,,,URBAN,N,N,Y,LN CLOSURE,DAYLIGHT,CLEAR,DRY,,T-INTERSECTION,,ASPHALT,FOLLOWING TOO CLOSELY,UNDER $1001,REAR END,STATERD46NCURRYPK,0,,2022-06-27 14:35:00,,,
INDIANA UNIV BLOOMINGTON PD,220721,MONROE,BLOOMINGTON,BLOOMINGTON,2,,0,0,0,,N INDIANA AVE,,,,,N INDIANA AVE,E 17TH ST,,,,Y,,264.0,,39.17857719,-86.52706451,LOCAL/CITY RD,,,,URBAN,N,N,N,,DARK (LIGHTED),RAIN,WET,,T-INTERSECTION,,ASPHALT,UNSAFE BACKING,$1001 TO $2500,BACKING CRASH,NINDIANAAVEE17THST,0,,2022-02-24 21:10:00,,,
ELLETTSVILLE PD,E2200790,MONROE,RICHLAND,ELLETTSVILLE,2,0.0,0,0,0,,,,ST RD 46 W,,,ST RD 46 W,SMITH,,,,N,,250.0,W,39.21055646,-86.58390563,ST RD,,N,N,URBAN,N,N,N,,DARK (LIGHTED),CLEAR,DRY,,T-INTERSECTION,STRAIGHT/LEVEL,CONCRETE,OTHER (DRIVER) - EXPLAIN IN NARRATIVE,UNDER $1001,BACKING CRASH,SMITHPKST RD 46 W,0,STOP SIGN,2022-03-03 19:27:00,,,
BLOOMINGTON PD,B22-37522,MONROE,BLOOMINGTON,BLOOMINGTON,2,,0,0,0,,E 3RD ST,,,,,E 3RD ST,IN 46,,,,Y,,0.0,,39.16428745,-86.49831408,LOCAL/CITY RD,,,,URBAN,N,N,N,,DAYLIGHT,CLEAR,DRY,,FOUR-WAY INTERSECTION,,ASPHALT,IMPROPER LN USAGE,$1001 TO $2500,SAME DIRECTION SIDESWIPE,IN46E 3RDST,0,,2022-09-16 19:27:00,,,
MONROE SD,M22A14561,MONROE,BLOOMINGTON,BLOOMINGTON,2,,0,0,0,,E 6TH ST,,,,,E 6TH ST,N WALNUT ST,,,,Y,,0.0,,39.16753995,-86.53355546,LOCAL/CITY RD,,,,URBAN,N,N,N,,DAYLIGHT,CLEAR,DRY,,FOUR-WAY INTERSECTION,,ASPHALT,UNSAFE BACKING,$1001 TO $2500,BACKING CRASH,NWALNUTSTE6THST,0,,2022-06-20 12:12:00,,,
INDIANA UNIV BLOOMINGTON PD,222884,MONROE,BLOOMINGTON,BLOOMINGTON,2,,0,0,0,900,E 7TH ST,,,,,E 7TH ST,,,,,Y,,0.0,,39.16874051,-86.52321092,PRIVATE DR,,,,URBAN,N,N,N,,DAYLIGHT,CLEAR,DRY,,NO JUNCTION INVOLVED,,ASPHALT,UNSAFE BACKING,UNDER $1001,BACKING CRASH,E7THST,0,,2022-08-28 11:30:00,,,
BLOOMINGTON PD,B22-05098,MONROE,RICHLAND,BLOOMINGTON,2,,0,0,0,,120 N GATES DR,,,,,N GATES DR,,,,,Y,,0.0,,0.0,0.0,LOCAL/CITY RD,,,,URBAN,N,N,N,,DAYLIGHT,CLEAR,DRY,,NO JUNCTION INVOLVED,,ASPHALT,UNSAFE BACKING,$1001 TO $2500,BACKING CRASH,120N.GATESDR,0,,2022-02-15 11:23:00,120.0,,
BLOOMINGTON PD,B22-36495,MONROE,PERRY,BLOOMINGTON,2,,0,0,0,,S WALNUT ST,,,,,S WALNUT ST,E DAVIS ST,,,,Y,,0.0,,39.15447725,-86.53388805,,,,,URBAN,N,N,N,,DAYLIGHT,CLOUDY,WET,,NO JUNCTION INVOLVED,,ASPHALT,UNSAFE LN MOVEMENT,$10001 TO $25000,RIGHT ANGLE,SWALNUTSTEDAVISST,0,,2022-09-10 18:06:00,,,
BLOOMINGTON PD,B22-39177,MONROE,BLOOMINGTON,BLOOMINGTON,2,,0,0,0,,105 W 4TH ST,,,,,W 4TH ST,,,,,Y,,0.0,,39.16518866,-86.53413124,PRIVATE DR,,,,URBAN,N,N,N,,UNKNOWN,CLEAR,DRY,,NO JUNCTION INVOLVED,,CONCRETE,IMPROPER TURNING,$1001 TO $2500,OPPOSITE DIRECTION SIDESWIPE,105W4THST,0,,2022-09-26 19:55:00,105.0,,
BLOOMINGTON PD,B22-22302,MONROE,BLOOMINGTON,BLOOMINGTON,2,,1,0,0,,1811 W ARLINGTON RD,,,,,W ARLINGTON RD,,,,,Y,,0.0,,,,LOCAL/CITY RD,,,,URBAN,N,N,N,,DAYLIGHT,CLEAR,DRY,,NO JUNCTION INVOLVED,,ASPHALT,SPEED TOO FAST FOR WEATHER CONDITIONS,$2501 TO $5000,REAR END,1811WARLINGTONRD,0,,2022-06-14 19:22:00,1811.0,,
BLOOMINGTON PD,B2201002,MONROE,PERRY,BLOOMINGTON,2,,0,0,0,,W BLOOMFIELD RD,,,,,W BLOOMFIELD RD,S STONE DR,,,,Y,,0.0,,39.15047886,-86.56817026,LOCAL/CITY RD,,,,URBAN,N,N,N,,DAYLIGHT,CLEAR,DRY,,NO JUNCTION INVOLVED,,ASPHALT,IMPROPER LN USAGE,$2501 TO $5000,SAME DIRECTION SIDESWIPE,WBLOOMFIELDRDSSTONEDR,0,,2022-01-10 08:50:00,,,
MONROE SD,M22A19549,MONROE,INDIAN CREEK,BLOOMINGTON,1,,0,0,0,,S VICTOR PK,,,,,S VICTOR PK,,,,,N,,0.0,,39.05401671,-86.59725635,COUNTY RD,,,,URBAN,N,N,N,,DARK (NOT LIGHTED),CLEAR,DRY,,NO JUNCTION INVOLVED,,ASPHALT,FAILURE TO MAINTAIN LN,$10001 TO $25000,RAN OFF RD,SVICTORPK,0,,2022-08-11 01:00:00,,,
BLOOMINGTON PD,B22-03772,MONROE,PERRY,BLOOMINGTON,2,,0,0,0,1175,S COLLEGE MALL RD,,,,,S COLLEGE MALL RD,,,,,Y,,0.0,,39.15397278,-86.49618374,,,,,URBAN,N,N,N,,DAYLIGHT,SNOW,SNOW/SLUSH,,NO JUNCTION INVOLVED,,ASPHALT,OTHER (VEHICLE) - EXPLAIN IN NARRATIVE,$1001 TO $2500,OTHER - EXPLAIN IN NARRATIVE,SCOLLEGEMALLRD,0,,2022-02-03 12:15:00,,,
BLOOMINGTON PD,B22-07924,MONROE,BLOOMINGTON,BLOOMINGTON,2,,1,0,0,,W KIRKWOOD AVE,,,,,W KIRKWOOD AVE,N ELM ST,,,,N,,0.0,,39.16671062,-86.54521826,LOCAL/CITY RD,,,,URBAN,N,N,N,,DAYLIGHT,RAIN,WET,,FOUR-WAY INTERSECTION,,ASPHALT,FAILURE TO YIELD RIGHT OF WAY,$2501 TO $5000,RIGHT ANGLE,WKIRKWOODAVENELMST,0,,2022-03-22 18:35:00,,,
BLOOMINGTON PD,B22-36296,MONROE,BLOOMINGTON,BLOOMINGTON,2,,0,0,0,,W KIRKWOOD AVE,,,,,W KIRKWOOD AVE,S MADISON ST,,,,Y,,317.0,,39.16658942,-86.5367737,LOCAL/CITY RD,,,,URBAN,N,N,N,,DAYLIGHT,CLEAR,DRY,,NO JUNCTION INVOLVED,,ASPHALT,VIEW OBSTRUCTED,$2501 TO $5000,RIGHT ANGLE,WKIRKWOODAVESMADISONST,0,,2022-09-09 17:56:00,,,
MONROE SD,M22A10511,MONROE,VAN BUREN,BLOOMINGTON,2,,0,0,0,,W THAT RD,,,,,W THAT RD,,,,,N,,0.0,,39.11890816,-86.5734605,LOCAL/CITY RD,,,,RURAL,N,N,N,,DAYLIGHT,CLEAR,DRY,,NO JUNCTION INVOLVED,,ASPHALT,UNSAFE SPEED,$5001 TO $10000,OPPOSITE DIRECTION SIDESWIPE,WTHATRD,0,,2022-05-08 10:44:00,,,
BLOOMINGTON PD,B22-16460,MONROE,BLOOMINGTON,BLOOMINGTON,2,,0,0,0,,ST RD 46,,,,,ST RD 46,E 3RD ST,,,,Y,,0.0,,39.16431121,-86.4983139,LOCAL/CITY RD,,,,URBAN,N,N,N,,DAYLIGHT,RAIN,WET,,FOUR-WAY INTERSECTION,,ASPHALT,FOLLOWING TOO CLOSELY,$5001 TO $10000,REAR END,STATERD46E 3RDST,0,,2022-05-06 10:35:00,,,
BLOOMINGTON PD,B22-08870,MONROE,PERRY,BLOOMINGTON,2,,0,0,0,,W 2ND ST,,,,,W 2ND ST,S COLLEGE AVE,,,,Y,,0.0,,39.16139816,-86.53502888,LOCAL/CITY RD,,,,URBAN,N,N,N,,DAYLIGHT,CLEAR,DRY,,FOUR-WAY INTERSECTION,,ASPHALT,FOLLOWING TOO CLOSELY,$5001 TO $10000,REAR END,W 2NDSTSCOLLEGEAVE,0,,2022-03-16 18:00:00,,,
ELLETTSVILLE PD,E2202395,MONROE,RICHLAND,ELLETTSVILLE,1,0.0,0,0,0,4723,ST RD 46,HWY,,,,ST RD 46,,,,,Y,PRIVATE,,,39.2159817,-86.5954317,OTHER,,N,N,URBAN,N,N,N,,DAYLIGHT,CLEAR,DRY,,NO JUNCTION INVOLVED,STRAIGHT/LEVEL,ASPHALT,DRIVER ILLNESS,$25001 TO $50000,RAN OFF RD,STATERD46HWY,0,STOP SIGN,2022-06-27 15:28:00,,,
BLOOMINGTON PD,B22-13884,MONROE,BLOOMINGTON,BLOOMINGTON,2,0.0,0,0,0,,N LINCOLN,ST,,,,N LINCOLN,E 19TH,,,,Y,,,,39.18112,-86.530816,LOCAL/CITY RD,,N,Y,URBAN,N,N,N,,DAYLIGHT,CLEAR,DRY,,FOUR-WAY INTERSECTION,STRAIGHT/LEVEL,ASPHALT,UNSAFE LN MOVEMENT,UNDER $1001,SAME DIRECTION SIDESWIPE,E19THSTNLINCOLNST,0,STOP SIGN,2022-04-20 14:03:00,,,
MONROE SD,M22A7596,MONROE,SALT CREEK,BLOOMINGTON,1,,0,0,0,,E ST RD 46,,,,,E ST RD 46,N TRAILWAY DR,,,,N,,50.0,,,,ST RD,,,,RURAL,N,N,N,,DARK (NOT LIGHTED),CLEAR,DRY,,NO JUNCTION INVOLVED,,ASPHALT,FAILURE TO MAINTAIN LN,$5001 TO $10000,RAN OFF RD,NTRAILWAYDREST RD 46,0,,2022-04-04 00:51:00,,,
BLOOMINGTON PD,B22-38831,MONROE,,BLOOMINGTON,4,,0,0,0,,3380 W RUNKLE WAY,,,,,W RUNKLE WAY,,,,,Y,,0.0,,0.0,0.0,PRIVATE DR,,,,URBAN,N,N,N,,DARK (LIGHTED),CLEAR,DRY,,NO JUNCTION INVOLVED,,ASPHALT,OTHER (DRIVER) - EXPLAIN IN NARRATIVE,$5001 TO $10000,OTHER - EXPLAIN IN NARRATIVE,3380WRUNKLEWAY,0,,2022-09-24 22:45:00,3380.0,,
BLOOMINGTON PD,B22-23099,MONROE,VAN BUREN,BLOOMINGTON,3,,0,0,0,,S CURRY PK,,,,,S CURRY PK,W 3RD ST,,,,N,,0.0,,,,LOCAL/CITY RD,,,,URBAN,N,N,N,,DAYLIGHT,CLEAR,DRY,,NO JUNCTION INVOLVED,,ASPHALT,FOLLOWING TOO CLOSELY,$1001 TO $2500,REAR END,W 3RDSTSCURRYPK,0,,2022-06-20 02:40:00,,,
BLOOMINGTON PD,B22-26822,MONROE,BLOOMINGTON,BLOOMINGTON,1,,1,0,0,,N WALNUT ST,,,,,N WALNUT ST,E 16TH ST,,,,Y,,0.0,,39.17774897,-86.5335188,LOCAL/CITY RD,,,,URBAN,N,N,Y,X-OVER/LN SHIFT,DARK (LIGHTED),CLOUDY,WET,,FOUR-WAY INTERSECTION,,ASPHALT,OTHER (DRIVER) - EXPLAIN IN NARRATIVE,$5001 TO $10000,RAN OFF RD,NWALNUTSTE16THST,0,,2022-07-14 00:10:00,,,