Agency,Local Code,County,Township,City,Vehicles Involved,Trailers Involved,Number Injured,Number Dead,Number Deer,House Number,Roadway Name,Roadway Suffix,Roadway Number,Roadway Interchange,Roadway Ramp,Roadway Id,Intersecting Road,Intersecting Road Number,Mile Marker,Interchange,Corporate Limits?,Property Type,Feet From,Direction,Latitude,Longitude,Roadway Class,Traffic Control Devices?,Aggressive Driving?,Hit and Run?,Locality,School Zone?,Rumble Strips?,Construction?,Construction Type,Light Condition,Weather Conditions,Surface Condition,Type of Median,Roadway Junction Type,Road Character,Roadway Surface,Primary Factor,Damage Estimate,Manner of Collision,Unique Location Id,State Property Damage?,Traffic Control,DateTime,Address Number,Cyclist Involved,Pedestrian Involved
BLOOMINGTON PD,B22-24367,MONROE,BLOOMINGTON,BLOOMINGTON,2,,0,0,0,,N ILLINOIS ST,,,,,N ILLINOIS ST,W 12TH ST,,,,Y,,0.0,,39.17398156,-86.5501388,PRIVATE DR,,,,URBAN,N,N,N,,DARK (LIGHTED),CLEAR,DRY,,NO JUNCTION INVOLVED,,ASPHALT,OTHER (DRIVER) - EXPLAIN IN NARRATIVE,$2501 TO $5000,OTHER - EXPLAIN IN NARRATIVE,W12THSTNILLINOISST,0,,2022-06-27 23:30:00,,,
BLOOMINGTON PD,B22-37135,MONROE,BLOOMINGTON,BLOOMINGTON,2,,0,0,0,,ST RD 46,,,,,ST RD 46,E 3RD ST,,,,Y,,0.0,,39.16424027,-86.4983103,LOCAL/CITY RD,,,,URBAN,N,N,N,,DAYLIGHT,CLEAR,ICE,,FOUR-WAY INTERSECTION,,ASPHALT,FOLLOWING TOO CLOSELY,$2501 TO $5000,REAR END,STATERD46E 3RDST,0,,2022-09-14 16:58:00,,,
INDIANA UNIV BLOOMINGTON PD,221319,MONROE,BLOOMINGTON,BLOOMINGTON,2,,0,0,0,,E 10TH ST,,,,,E 10TH ST,ST RD 45,,,,Y,,0.0,,39.17158522,-86.50214965,ST RD,,,,URBAN,N,N,N,,DAYLIGHT,CLOUDY,DRY,,FOUR-WAY INTERSECTION,,ASPHALT,IMPROPER TURNING,$5001 TO $10000,LEFT TURN,STATERD45E 10THST,0,,2022-04-08 16:55:00,,,
BLOOMINGTON PD,B22-33900,MONROE,PERRY,BLOOMINGTON,2,,0,0,0,3482,E COVENANTER DR,,,,,E COVENANTER DR,,,,,Y,,0.0,,39.15063832,-86.48937768,,,,,URBAN,N,N,N,,DAWN/DUSK,CLOUDY,DRY,,NO JUNCTION INVOLVED,,ASPHALT,UNSAFE BACKING,$1001 TO $2500,BACKING CRASH,ECOVENANTERDR,0,,2022-08-27 06:40:00,,,
INDIANA UNIV BLOOMINGTON PD,220633,MONROE,BLOOMINGTON,BLOOMINGTON,1,,0,0,0,,N EAGLESON AVE,,,,,N EAGLESON AVE,N FISHER CT,,,,Y,,528.0,,39.18377554,-86.51564686,LOCAL/CITY RD,,,,URBAN,N,N,N,,DARK (NOT LIGHTED),SNOW,ICE,,T-INTERSECTION,,ASPHALT,RDWAY SURFACE CONDITION,$10001 TO $25000,RAN OFF RD,NEAGLESON AVEAVENFISHERCT,0,,2022-02-17 23:30:00,,,
MONROE SD,M22A2176,MONROE,POLK,BLOOMINGTON,1,,1,0,0,,ST RD 446,,,,,ST RD 446,,,,,N,,0.0,,39.02829871,-86.40831624,ST RD,,,,RURAL,N,N,N,,DAYLIGHT,CLEAR,SNOW/SLUSH,,NO JUNCTION INVOLVED,,ASPHALT,UNSAFE SPEED,$5001 TO $10000,RAN OFF RD,STATERD446,0,,2022-01-28 02:14:00,,,
MONROE SD,M22A8254,MONROE,VAN BUREN,BLOOMINGTON,2,,2,0,0,,S CURRY PK,,,,,S CURRY PK,W DOYLE AVE,,,,N,,0.0,,39.15803452,-86.58261641,,,,,RURAL,N,N,N,,DAYLIGHT,CLEAR,DRY,,FOUR-WAY INTERSECTION,,ASPHALT,IMPROPER TURNING,$10001 TO $25000,OPPOSITE DIRECTION SIDESWIPE,WDOYLEAVESCURRYPK,0,,2022-04-12 03:41:00,,,
BLOOMINGTON PD,B22-34332,MONROE,VAN BUREN,BLOOMINGTON,2,,0,0,0,,ST RD 45,,,,,ST RD 45,W BLOOMFIELD RD,,,,Y,,317.0,,39.14647368,-86.57512816,,,,,URBAN,N,Y,N,,DAYLIGHT,CLEAR,DRY,,FOUR-WAY INTERSECTION,,ASPHALT,FOLLOWING TOO CLOSELY,$2501 TO $5000,REAR END,WBLOOMFIELDRDSTATERD45,0,,2022-08-29 17:18:00,,,
BLOOMINGTON PD,B22-06661,MONROE,VAN BUREN,BLOOMINGTON,2,,0,0,0,,I-69 S RAMP,,,,,I-69 S RAMP,W 3RD ST,,,,Y,,0.0,,39.164524,-86.573263,LOCAL/CITY RD,,,,URBAN,N,N,N,,DAYLIGHT,CLEAR,DRY,,RAMP,,CONCRETE,FOLLOWING TOO CLOSELY,$2501 TO $5000,REAR END,W 3RDSTI-69SRAMP,0,,2022-02-28 09:00:00,,,
MONROE SD,M22A21085,MONROE,PERRY,BLOOMINGTON,2,,0,0,0,4025,S ST RD 37,,,,,S ST RD 37,,,,,N,,0.0,,39.12140255,-86.53009122,PRIVATE DR,,,,URBAN,N,N,N,,DAYLIGHT,CLEAR,DRY,,NO JUNCTION INVOLVED,,ASPHALT,IMPROPER TURNING,$1001 TO $2500,REAR END,SOLDSTATERD37,0,,2022-08-28 11:32:00,,,
INDIANA UNIV BLOOMINGTON PD,222261,MONROE,BLOOMINGTON,BLOOMINGTON,1,,0,0,0,,N EAGLESON AVE,,,,,N EAGLESON AVE,E 7TH ST,,,,Y,,0.0,,39.16887083,-86.51615328,LOCAL/CITY RD,,,,URBAN,N,N,N,,DAYLIGHT,CLEAR,DRY,,FOUR-WAY INTERSECTION,,ASPHALT,OTHER (DRIVER) - EXPLAIN IN NARRATIVE,UNDER $1001,RIGHT TURN,NEAGLESON AVEAVEE7THST,0,,2022-06-27 14:00:00,,,
BLOOMINGTON PD,B22-04498,MONROE,PERRY,BLOOMINGTON,2,,1,0,0,,S WALNUT ST ,,,,,S WALNUT ST ,E RHORE RD,,,,Y,,0.0,,0.0,0.0,LOCAL/CITY RD,,,,URBAN,N,N,N,,DAYLIGHT,CLOUDY,DRY,,NO JUNCTION INVOLVED,,ASPHALT,FAILURE TO MAINTAIN LN,$25001 TO $50000,HEAD ON BETWEEN TWO MOTOR VEHICLES,SWALNUTSTBLOOMINGTONINERHORERD,0,,2022-02-09 16:56:00,,,
MONROE SD,M22A4937,MONROE,RICHLAND,BLOOMINGTON,1,,0,0,0,,N THOMAS RD,,,,,N THOMAS RD,,,,,N,,0.0,,39.19461845,-86.63022227,LOCAL/CITY RD,,,,RURAL,N,N,N,,DAYLIGHT,CLEAR,DRY,,NO JUNCTION INVOLVED,,ASPHALT,DRIVER DISTRACTED - EXPLAIN IN NARRATIVE,$2501 TO $5000,RAN OFF RD,NTHOMASRD,0,,2022-03-02 10:08:00,,,
BLOOMINGTON PD,B22-09857,MONROE,BLOOMINGTON,BLOOMINGTON,3,,0,0,0,,S JEFFERSON ST,,,,,S JEFFERSON ST,E 3RD ST,,,,Y,,0.0,,39.16431285,-86.50708969,LOCAL/CITY RD,,,,URBAN,N,N,N,,DAYLIGHT,CLEAR,WET,,T-INTERSECTION,,ASPHALT,FOLLOWING TOO CLOSELY,$2501 TO $5000,REAR END,SJEFFERSONSTE 3RDST,0,,2022-03-23 15:20:00,,,
BLOOMINGTON PD,B22-31145,MONROE,PERRY,BLOOMINGTON,2,,0,0,0,,I-69 SB,,,,,I-69 SB,W BLOOMFIELD RD,,,,Y,,0.0,,39.14664815,-86.57504843,ST RD,,,,URBAN,N,N,N,,DARK (LIGHTED),CLOUDY,WET,,FIVE POINT OR MORE,,ASPHALT,FOLLOWING TOO CLOSELY,$2501 TO $5000,REAR END,WBLOOMFIELDRDI-69SB,0,,2022-08-11 18:06:00,,,
ISP BLOOMINGTON 33,2.022E+11,MONROE,BLOOMINGTON,BLOOMINGTON,1,,1,0,0,,I-69,,,,,I-69,,,,,N,,898.0,,39.23437933,-86.54153612,INTERSTATE,,,,RURAL,N,N,N,,DAYLIGHT,RAIN,WET,,RAMP,,ASPHALT,TIRE FAILURE OR DEFECTIVE,$5001 TO $10000,RAN OFF RD,I-69,0,,2022-05-19 19:05:00,,,
MONROE SD,M22A23238,MONROE,RICHLAND,,2,,0,0,0,,N CURRY PK,,,,,N CURRY PK,W VERNAL PK,,,,N,,1000.0,,39.18209569,-86.58308045,,,,,URBAN,N,N,N,,DAYLIGHT,CLEAR,DRY,,NO JUNCTION INVOLVED,,ASPHALT,OTHER (DRIVER) - EXPLAIN IN NARRATIVE,$5001 TO $10000,REAR END,WVERNALPKNCURRYPK,0,,2022-09-21 14:25:00,,,
BLOOMINGTON PD,B22-42483,MONROE,BLOOMINGTON,BLOOMINGTON,2,,0,0,0,,E 17TH ST,,,,,E 17TH ST,N WASHINGTON ST,,,,Y,,0.0,,39.17897279,-86.53221661,LOCAL/CITY RD,,,,URBAN,N,N,N,,DAYLIGHT,CLEAR,DRY,,T-INTERSECTION,,ASPHALT,FOLLOWING TOO CLOSELY,$2501 TO $5000,REAR END,NWASHINGTONSTE17THST,0,,2022-10-14 12:07:00,,,
BLOOMINGTON PD,B22-19107,MONROE,PERRY,BLOOMINGTON,4,,1,0,0,,W BLOOMFIELD RD,,,,,W BLOOMFIELD RD,S WEIMER RD,,,,Y,,475.0,,39.15377118,-86.56508423,LOCAL/CITY RD,,,,URBAN,N,N,N,,DAYLIGHT,CLEAR,DRY,,NO JUNCTION INVOLVED,,ASPHALT,DRIVER DISTRACTED - EXPLAIN IN NARRATIVE,$5001 TO $10000,REAR END,WBLOOMFIELDRDSWEIMERRD,0,,2022-05-24 01:46:00,,,
INDIANA UNIV BLOOMINGTON PD,221670,MONROE,BLOOMINGTON,BLOOMINGTON,2,,0,0,0,,ST RD 45,,,,,ST RD 45,DISCOVERY PKWY,,,,Y,,0.0,,39.17526015,-86.50430094,ST RD,,,,URBAN,N,N,N,,DAYLIGHT,CLEAR,DRY,,FOUR-WAY INTERSECTION,,ASPHALT,FOLLOWING TOO CLOSELY,$2501 TO $5000,REAR END,STATERD45DISCOVERYPKWY,0,,2022-04-28 17:09:00,,,
ELLETTSVILLE PD,E2201755,MONROE,RICHLAND,ELLETTSVILLE,2,0.0,0,0,0,,,,ST RD 46 W,,,ST RD 46 W,TEMPERANCE,,,,Y,,,,39.226352,-86.614192,ST RD,,N,N,URBAN,N,N,N,,DAYLIGHT,CLEAR,DRY,,TRAFFIC CIRCLE/ROUNDABOUT,CURVE/GRADE,ASPHALT,FOLLOWING TOO CLOSELY,$5001 TO $10000,REAR END,ST RD 46 WTEMPERANCEST,0,NONE,2022-05-10 16:35:00,,,
ELLETTSVILLE PD,E22-02664,MONROE,RICHLAND,ELLETTSVILLE,2,,0,0,0,,W TEMPERANCE ST,,,,,W TEMPERANCE ST,N FIFTH ST,,,,Y,,0.0,,39.2334539,-86.62429994,LOCAL/CITY RD,,,,URBAN,N,N,N,,DAYLIGHT,CLOUDY,WET,,T-INTERSECTION,,ASPHALT,FAILURE TO YIELD RIGHT OF WAY,$2501 TO $5000,SAME DIRECTION SIDESWIPE,WTEMPERANCESTNFIFTHST,0,,2022-07-17 11:42:00,,,
MONROE SD,M22A23353,MONROE,BLOOMINGTON,BLOOMINGTON,1,,0,0,0,,ST RD 46,,,,,ST RD 46,N CURRY PK,,,,N,,0.0,,39.1939048,-86.57125659,ST RD,,,,RURAL,N,Y,N,,DAYLIGHT,CLEAR,DRY,,FOUR-WAY INTERSECTION,,ASPHALT,DRIVER DISTRACTED - EXPLAIN IN NARRATIVE,$5001 TO $10000,OTHER - EXPLAIN IN NARRATIVE,ST RD46N.CURRYPK,0,,2022-09-22 17:33:00,,,
ISP BLOOMINGTON 33,2.022E+11,MONROE,INDIAN CREEK,BLOOMINGTON,1,,0,0,2,,I-69,,,,,I-69,,,107.0,,N,,739.0,,39.07112474,-86.66434063,INTERSTATE,,,,RURAL,N,N,N,,DAYLIGHT,CLEAR,DRY,,NO JUNCTION INVOLVED,,CONCRETE,ANIMAL/OBJECT IN RDWAY,$5001 TO $10000,COLLISION WITH DEER,I-69107,0,,2022-03-11 09:59:00,,,
BLOOMINGTON PD,B22-25151,MONROE,PERRY,BLOOMINGTON,2,,0,0,0,2385,S WINSLOW CT,,,,,S WINSLOW CT,,,,,Y,,0.0,,39.1381233,-86.5239315,PRIVATE DR,,,,URBAN,N,N,N,,DAYLIGHT,CLOUDY,DRY,,NO JUNCTION INVOLVED,,ASPHALT,UNSAFE BACKING,UNDER $1001,BACKING CRASH,SWINSLOWCT,0,,2022-07-03 19:45:00,,,
BLOOMINGTON PD,B22-31822,MONROE,PERRY,BLOOMINGTON,2,,0,0,0,,S WALNUT ST,,,,,S WALNUT ST,W HILLSIDE DR,,,,Y,,0.0,,39.1505448,-86.53369534,LOCAL/CITY RD,,,,URBAN,N,N,N,,DAYLIGHT,CLEAR,DRY,,FOUR-WAY INTERSECTION,,ASPHALT,UNSAFE LN MOVEMENT,$5001 TO $10000,SAME DIRECTION SIDESWIPE,WHILLSIDEDRSWALNUTST,0,,2022-08-16 11:23:00,,,
BLOOMINGTON PD,B22-07897,MONROE,PERRY,BLOOMINGTON,2,,1,0,0,,S WALNUT ST,,,,,S WALNUT ST,W GRIMES LN,,,,Y,,0.0,,39.15332289,-86.53374857,LOCAL/CITY RD,,,,URBAN,N,N,N,,DARK (LIGHTED),CLEAR,DRY,,FOUR-WAY INTERSECTION,,ASPHALT,FAILURE TO YIELD RIGHT OF WAY,$5001 TO $10000,RIGHT ANGLE,WGRIMESLNSWALNUTST,0,,2022-03-09 21:30:00,,,
BLOOMINGTON PD,B22-41135,MONROE,PERRY,BLOOMINGTON,1,,2,0,0,,S COLLEGE MALL RD,,,,,S COLLEGE MALL RD,E 3RD ST,,,,Y,,0.0,,39.16295394,-86.49799161,LOCAL/CITY RD,,,,URBAN,N,N,N,,DAYLIGHT,CLEAR,DRY,,FOUR-WAY INTERSECTION,,ASPHALT,OTHER (DRIVER) - EXPLAIN IN NARRATIVE,UNDER $1001,LEFT TURN,SCOLLEGEMALLRDE 3RDST,1,,2022-10-06 18:56:00,,True,
MONROE SD,M22A15698,MONROE,PERRY,,1,,0,0,1,,ST RD 446,,,,,ST RD 446,SWARTZ RIDGE RD,,,,N,,0.0,,39.12927619,-86.44626683,ST RD,,,,RURAL,N,Y,N,,DAYLIGHT,CLEAR,DRY,,NO JUNCTION INVOLVED,,ASPHALT,ANIMAL/OBJECT IN RDWAY,$1001 TO $2500,COLLISION WITH DEER,SWARTZRIDGERDSTATERD446,0,,2022-07-01 13:33:00,,,
BLOOMINGTON PD,B22-50361,MONROE,PERRY,BLOOMINGTON,2,,1,0,0,,ST RD 446,,,,,ST RD 446,E JANET DR,,,,Y,,0.0,,39.1610654,-86.47161073,LOCAL/CITY RD,,,,URBAN,N,N,N,,DAYLIGHT,CLEAR,DRY,,T-INTERSECTION,,CONCRETE,FAILURE TO YIELD RIGHT OF WAY,$10001 TO $25000,LEFT TURN,STATERD446EJANETDR,0,,2022-12-04 15:00:00,,,
BLOOMINGTON PD,B22-53630,MONROE,PERRY,BLOOMINGTON,2,,0,0,0,,W BLOOMFIELD RD ENTRANCE NORTH,,,,,W BLOOMFIELD RD ENTRANCE NORTHBOUND &I-69-37,,,,,Y,,0.0,,0.0,0.0,INTERSTATE,,,,URBAN,N,N,N,,DAYLIGHT,CLEAR,DRY,,INTERCHANGE,,ASPHALT,IMPROPER TURNING,$1001 TO $2500,SAME DIRECTION SIDESWIPE,WBLOOMFIELDRDENTRANCENORTHBOUND&I-69-37,0,,2022-12-28 11:38:00,,,
BLOOMINGTON PD,B22-43414,MONROE,PERRY,BLOOMINGTON,3,,0,0,0,,S COLLEGE MALL RD,,,,,S COLLEGE MALL RD,E BUICK CADILLAC BLVD,,,,Y,,0.0,,39.1580489,-86.4978941,LOCAL/CITY RD,,,,URBAN,N,N,N,,DAYLIGHT,CLEAR,DRY,,T-INTERSECTION,,ASPHALT,FAILURE TO YIELD RIGHT OF WAY,$5001 TO $10000,RIGHT ANGLE,SCOLLEGEMALLRDEBUICKCADILLACBLVD,0,,2022-10-19 19:23:00,,,
ISP BLOOMINGTON 33,2.02201E+11,MONROE,CLEAR CREEK,BLOOMINGTON,1,,0,0,1,,ST RD 37,,,,,ST RD 37,ZIKES RD,,,,N,,1000.0,,39.05527695,-86.53634209,ST RD,,,,RURAL,N,N,N,,DAYLIGHT,CLOUDY,DRY,,NO JUNCTION INVOLVED,,ASPHALT,ANIMAL/OBJECT IN RDWAY,$2501 TO $5000,COLLISION WITH DEER,ZIKESRDST RD 37,0,,2022-11-15 07:20:00,,,
MONROE SD,M22A27905,MONROE,CLEAR CREEK,BLOOMINGTON,1,,0,0,0,,S FAIRFAX RD,,,,,S FAIRFAX RD,E BERNICE DR,,,,N,,0.0,,39.06663894,-86.50264608,LOCAL/CITY RD,,,,RURAL,N,N,N,,DAYLIGHT,CLEAR,DRY,,NO JUNCTION INVOLVED,,ASPHALT,FAILURE TO MAINTAIN LN,$5001 TO $10000,RAN OFF RD,SFAIRFAXRDEBERNICEDR,0,,2022-11-13 14:40:00,,,
BLOOMINGTON PD,B22-44429,MONROE,BLOOMINGTON,BLOOMINGTON,2,,0,0,0,,N ST RD 46,,,,,N ST RD 46,N MONROE ST,,,,Y,,0.0,,39.18683301,-86.54659809,ST RD,,,,URBAN,N,N,N,,DAYLIGHT,RAIN,WET,,FOUR-WAY INTERSECTION,,ASPHALT,FAILURE TO YIELD RIGHT OF WAY,$2501 TO $5000,SAME DIRECTION SIDESWIPE,NST RD 46NMONROEST,0,,2022-10-25 15:08:00,,,
BLOOMINGTON PD,B22-48588,MONROE,BLOOMINGTON,BLOOMINGTON,1,,0,0,1,,ST RD 46,,,,,ST RD 46,W CASCADE AVE,,,,Y,,0.0,,39.18677309,-86.54190832,ST RD,,,,URBAN,N,Y,N,,DARK (NOT LIGHTED),CLEAR,DRY,,NO JUNCTION INVOLVED,,ASPHALT,ANIMAL/OBJECT IN RDWAY,$1001 TO $2500,COLLISION WITH DEER,WCASCADEAVESTATERD46,0,,2022-11-22 01:35:00,,,
BLOOMINGTON PD,B22-51959,MONROE,PERRY,BLOOMINGTON,2,,0,0,0,,S WASHINGTON ST,,,,,S WASHINGTON ST,E 1ST,,,,Y,,0.0,,39.1593212,-86.53246111,LOCAL/CITY RD,,,,URBAN,N,N,N,,DARK (NOT LIGHTED),RAIN,WET,,FOUR-WAY INTERSECTION,,ASPHALT,IMPROPER TURNING,$10001 TO $25000,RIGHT TURN,SWASHINGTONSTE1STST,0,,2022-12-14 08:57:00,,,
MONROE SD,M22A27921,MONROE,PERRY,BLOOMINGTON,1,,0,0,0,,,,69,I-69,1,69,,,,,N,,0.0,,0.0,0.0,INTERSTATE,,,,RURAL,N,N,N,,DARK (LIGHTED),CLEAR,DRY,,INTERCHANGE,,ASPHALT,FAILURE TO MAINTAIN LN,$2501 TO $5000,RAN OFF RD,69,0,,2022-11-13 19:11:00,,,
INDIANA UNIV BLOOMINGTON PD,224675,MONROE,BLOOMINGTON,BLOOMINGTON,2,,0,0,0,,E 10TH ST,,,,,E 10TH ST,,,,,N,,0.0,,39.17166392,-86.50988941,PRIVATE DR,,,,URBAN,N,N,N,,DARK (LIGHTED),CLOUDY,WET,,NO JUNCTION INVOLVED,,ASPHALT,UNSAFE BACKING,$2501 TO $5000,BACKING CRASH,E 10THST,0,,2022-11-29 19:10:00,,,
BLOOMINGTON PD,B22-42997,MONROE,BLOOMINGTON,BLOOMINGTON,2,,0,0,0,,E 4TH ST,,,,,E 4TH ST,S WASHINGTON ST,,,,N,,0.0,,39.16558046,-86.53236817,LOCAL/CITY RD,,,,URBAN,N,N,N,,DAYLIGHT,CLEAR,DRY,,FOUR-WAY INTERSECTION,,ASPHALT,DISREGARD SIGNAL/REG SIGN,$2501 TO $5000,RIGHT ANGLE,SWASHINGTONSTE4THST,0,,2022-10-17 17:33:00,,,
INDIANA UNIV BLOOMINGTON PD,224793,MONROE,BLOOMINGTON,BLOOMINGTON,3,,1,0,0,,E 3RD ST,,,,,E 3RD ST,S FESS AVE,,,,Y,,0.0,,39.1643083,-86.52508504,LOCAL/CITY RD,,,,URBAN,N,N,N,,DARK (NOT LIGHTED),CLEAR,DRY,,NO JUNCTION INVOLVED,,ASPHALT,FOLLOWING TOO CLOSELY,$5001 TO $10000,REAR END,SFESSAVEE 3RDST,0,,2022-12-07 18:55:00,,,
MONROE SD,M22A31667,MONROE,CLEAR CREEK,HARRODSBURG,2,,0,0,0,,S ST RD 37,,,,,S ST RD 37,S HARRODSBURG RD,,,,N,,1000.0,,39.00449971,-86.54345505,COUNTY RD,,,,RURAL,N,N,N,,DARK (NOT LIGHTED),RAIN,WET,,NO JUNCTION INVOLVED,,ASPHALT,OTHER (DRIVER) - EXPLAIN IN NARRATIVE,$5001 TO $10000,REAR END,SOLDS ST RD 37HARRODSBURGRD,0,,2022-12-31 01:30:00,,,
BLOOMINGTON PD,B22-29285,MONROE,BLOOMINGTON,BLOOMINGTON,2,,1,0,0,,E 7TH ST,,,,,E 7TH ST,ST RD 46,,,,Y,,0.0,,39.16766928,-86.499964,ST RD,,,,URBAN,N,N,N,,DAYLIGHT,CLEAR,DRY,,T-INTERSECTION,,ASPHALT,FAILURE TO YIELD RIGHT OF WAY,$10001 TO $25000,RIGHT ANGLE,STATERD46E7THST,0,,2022-07-30 20:35:00,,,
MONROE SD,M22A27569,MONROE,BLOOMINGTON,BLOOMINGTON,2,,0,0,0,,W ST RD 45,,,,,W ST RD 45,INDUSTRIAL BLVD,,,,Y,,0.0,,39.14243147,-86.58026881,PRIVATE DR,,,,URBAN,N,N,N,,DAYLIGHT,CLEAR,DRY,,NO JUNCTION INVOLVED,,ASPHALT,IMPROPER TURNING,$50001 TO $100000,LEFT TURN,WSTATERD45INDUSTRIALBLVD,0,,2022-11-09 17:35:00,,,
ELLETTSVILLE PD,E22-05416,MONROE,RICHLAND,ELLETTSVILLE,1,,0,0,0,,N LAKEVIEW DR,,,,,N LAKEVIEW DR,W ST RD 46,,,,N,,0.0,,39.22117932,-86.60539828,COUNTY RD,,,,URBAN,N,N,N,,DARK (NOT LIGHTED),BLOWING SAND/SOIL/SNOW,SNOW/SLUSH,,T-INTERSECTION,,ASPHALT,OVERCORRECTING/OVERSTEERING,$5001 TO $10000,RAN OFF RD,WSTATERD46NLAKEVIEWDR,0,,2022-12-25 18:35:00,,,
BLOOMINGTON PD,B22-43384,MONROE,PERRY,BLOOMINGTON,2,,0,0,0,,E RHORER RD,,,,,E RHORER RD,S DERBY DR.,,,,Y,,528.0,,39.12146956,-86.52201553,LOCAL/CITY RD,,,,URBAN,N,N,N,,DAYLIGHT,CLEAR,DRY,,FOUR-WAY INTERSECTION,,ASPHALT,FOLLOWING TOO CLOSELY,$2501 TO $5000,REAR END,S.DERBYDR.ERHORERRD,0,,2022-10-19 16:41:00,,,
BLOOMINGTON PD,B22-53409,MONROE,BLOOMINGTON,BLOOMINGTON,2,,0,0,0,,E 3RD ST,,,,,E 3RD ST,S PETE LLIS DR,,,,N,,0.0,,39.16422927,-86.49496383,LOCAL/CITY RD,,,,URBAN,N,N,N,,DARK (LIGHTED),CLEAR,DRY,,T-INTERSECTION,,ASPHALT,DISREGARD SIGNAL/REG SIGN,$2501 TO $5000,RIGHT TURN,SPETEELLISDRE 3RDST,0,,2022-12-25 21:40:00,,,
INDIANA UNIV BLOOMINGTON PD,224778,MONROE,BLOOMINGTON,BLOOMINGTON,2,,0,0,0,,E 17TH ST,,,,,E 17TH ST,N INDIANA AVE,,,,Y,,0.0,,39.17903347,-86.52705429,LOCAL/CITY RD,,,,URBAN,N,N,N,,DARK (LIGHTED),FOG/SMOKE/SMOG,WET,,T-INTERSECTION,,ASPHALT,FOLLOWING TOO CLOSELY,$10001 TO $25000,REAR END,NINDIANAAVEE17THST,0,,2022-12-06 22:57:00,,,
INDIANA UNIV BLOOMINGTON PD,224649,MONROE,BLOOMINGTON,BLOOMINGTON,2,,0,0,0,,N SUNRISE DR,,,,,N SUNRISE DR,,,,,Y,,0.0,,39.17050322,-86.51287763,PRIVATE DR,,,,URBAN,N,N,N,,DARK (LIGHTED),CLOUDY,WET,,NO JUNCTION INVOLVED,,ASPHALT,OTHER (DRIVER) - EXPLAIN IN NARRATIVE,$5001 TO $10000,SAME DIRECTION SIDESWIPE,NSUNRISEDR,0,,2022-11-27 21:57:00,,,
ELLETTSVILLE PD,E22-04883,MONROE,RICHLAND,ELLETTSVILLE,2,,0,0,0,,LOUDEN RD,,,,,LOUDEN RD,LOUDEN RD,,,,Y,,0.0,,39.23127095,-86.64001447,LOCAL/CITY RD,,,,URBAN,Y,N,N,,DARK (NOT LIGHTED),CLEAR,DRY,,FOUR-WAY INTERSECTION,,CONCRETE,OTHER (DRIVER) - EXPLAIN IN NARRATIVE,$5001 TO $10000,RIGHT ANGLE,LOUDENRDLOUDENRD,0,,2022-11-22 18:44:00,,,
ELLETTSVILLE PD,E22-04479,MONROE,RICHLAND,,1,,0,0,1,,ST RD 46,,,,,ST RD 46,,,,,N,,0.0,,39.20069493,-86.5755066,ST RD,,,,RURAL,N,N,N,,DARK (NOT LIGHTED),RAIN,WET,,NO JUNCTION INVOLVED,,ASPHALT,ANIMAL/OBJECT IN RDWAY,$5001 TO $10000,COLLISION WITH DEER,STATERD46,0,,2022-10-30 19:45:00,,,
BLOOMINGTON PD,B22-45460,MONROE,PERRY,BLOOMINGTON,2,,0,0,0,,W BLOOMFIELD RD,,,,,W BLOOMFIELD RD,W BLOOMFIELD RD,,,,Y,,0.0,,39.16074994,-86.54851058,,,,,URBAN,N,N,N,,DAYLIGHT,CLEAR,DRY,,FOUR-WAY INTERSECTION,,ASPHALT,IMPROPER TURNING,$5001 TO $10000,SAME DIRECTION SIDESWIPE,WBLOOMFIELDRDWBLOOMFIELDRD,0,,2022-10-31 10:35:00,,,
ISP BLOOMINGTON 33,2.02201E+11,MONROE,BEAN BLOSSOM,ELLETTSVILLE,2,,0,0,0,,ST RD 46,,,,,ST RD 46,W CHAFIN CHAPEL RD,,,,N,,0.0,,39.25950316,-86.65744425,ST RD,,,,RURAL,N,N,N,,DAYLIGHT,CLEAR,DRY,,T-INTERSECTION,,ASPHALT,OTHER (DRIVER) - EXPLAIN IN NARRATIVE,$1001 TO $2500,REAR END,WCHAFINCHAPELRDSTATERD46,0,,2022-11-11 01:50:00,,,
BLOOMINGTON PD,B22-15798,MONROE,BLOOMINGTON,BLOOMINGTON,2,,0,0,0,528,S COLLEGE AVE,,,,,S COLLEGE AVE,,,,,Y,,0.0,,39.16069591,-86.53564221,PRIVATE DR,,,,URBAN,N,N,N,,DAWN/DUSK,CLEAR,DRY,,NO JUNCTION INVOLVED,,ASPHALT,UNSAFE SPEED,UNDER $1001,REAR END,SCOLLEGEAVE,0,,2022-05-01 19:30:00,,,
BLOOMINGTON PD,B22-46734,MONROE,PERRY,BLOOMINGTON,1,,1,0,0,,W COUNTRY CLUB DR,,,,,W COUNTRY CLUB DR,S ROCKPORT RD,,,,Y,,0.0,,39.13639579,-86.54717407,ST RD,,,,URBAN,N,N,N,,DARK (NOT LIGHTED),CLEAR,DRY,,NO JUNCTION INVOLVED,,ASPHALT,OBSTRUCTION NOT MARKED,$2501 TO $5000,COLLISION WITH OBJECT IN RD,WCOUNTRYCLUBDRSROCKPORTRD,0,,2022-11-08 02:53:00,,,