Agency,Local Code,County,Township,City,Vehicles Involved,Trailers Involved,Number Injured,Number Dead,Number Deer,House Number,Roadway Name,Roadway Suffix,Roadway Number,Roadway Interchange,Roadway Ramp,Roadway Id,Intersecting Road,Intersecting Road Number,Mile Marker,Interchange,Corporate Limits?,Property Type,Feet From,Direction,Latitude,Longitude,Roadway Class,Traffic Control Devices?,Aggressive Driving?,Hit and Run?,Locality,School Zone?,Rumble Strips?,Construction?,Construction Type,Light Condition,Weather Conditions,Surface Condition,Type of Median,Roadway Junction Type,Road Character,Roadway Surface,Primary Factor,Damage Estimate,Manner of Collision,Unique Location Id,State Property Damage?,Traffic Control,DateTime,Address Number,Cyclist Involved,Pedestrian Involved
MONROE SD,M22A28881,MONROE,SALT CREEK,,1,,0,0,0,,ST RD 46,,,,,ST RD 46,E CONARD DR,,,,N,,0.0,,39.152764,-86.37843071,,,,,RURAL,N,N,N,,DAYLIGHT,CLEAR,DRY,,NO JUNCTION INVOLVED,,ASPHALT,TIRE FAILURE OR DEFECTIVE,$10001 TO $25000,RAN OFF RD,STATERD46ECONARDDR,0,,2022-11-25 01:00:00,,,
INDIANA UNIV BLOOMINGTON PD,224026,MONROE,BLOOMINGTON,BLOOMINGTON,2,,0,0,0,,E 17TH ST,,,,,E 17TH ST,N FEE LN,,,,Y,,0.0,,39.17901798,-86.51900715,LOCAL/CITY RD,,,,URBAN,N,N,N,,DARK (LIGHTED),CLEAR,DRY,,FOUR-WAY INTERSECTION,,ASPHALT,DISREGARD SIGNAL/REG SIGN,$5001 TO $10000,RIGHT ANGLE,NFEELNE17THST,0,,2022-10-20 00:45:00,,,
MONROE SD,M22A29419,MONROE,RICHLAND,BLOOMINGTON,1,,0,0,0,4609,W ARLINGTON RD,,,,,W ARLINGTON RD,,,,,N,,0.0,,39.20783103,-86.57465308,LOCAL/CITY RD,,,,RURAL,N,N,N,,DARK (NOT LIGHTED),CLEAR,DRY,,NO JUNCTION INVOLVED,,ASPHALT,DRIVER ASLEEP OR FATIGUED,UNDER $1001,RAN OFF RD,WARLINGTONRD,0,,2022-12-01 01:24:00,,,
BLOOMINGTON PD,B22-47424,MONROE,BLOOMINGTON,BLOOMINGTON,2,,0,0,0,,E JENNIFER DR,,,,,E JENNIFER DR,E JENNIFER CIR,,,,Y,,0.0,,39.12745785,-86.51985562,LOCAL/CITY RD,,,,URBAN,N,N,N,,DAYLIGHT,CLEAR,DRY,,T-INTERSECTION,,ASPHALT,IMPROPER TURNING,$2501 TO $5000,SAME DIRECTION SIDESWIPE,EJENNIFERDREJENNIFERCIR,0,,2022-11-13 10:50:00,,,
BLOOMINGTON PD,B22-45135,MONROE,PERRY,BLOOMINGTON,2,,0,0,0,,S ROSE AVE,,,,,S ROSE AVE,E 3RD ST,,,,Y,,0.0,,39.16427891,-86.51092706,LOCAL/CITY RD,,,,URBAN,N,N,N,,DARK (LIGHTED),CLEAR,DRY,,FOUR-WAY INTERSECTION,,ASPHALT,FAILURE TO YIELD RIGHT OF WAY,$1001 TO $2500,RIGHT ANGLE,SROSEAVEE 3RDST,0,,2022-10-29 03:19:00,,,
BLOOMINGTON PD,B22-51108,MONROE,BLOOMINGTON,BLOOMINGTON,2,,0,0,0,,W 17TH ST,,,,,W 17TH ST,N KINSER PK,,,,Y,,0.0,,39.17901343,-86.53774176,LOCAL/CITY RD,,,,URBAN,N,N,N,,DAYLIGHT,RAIN,WET,,FOUR-WAY INTERSECTION,,ASPHALT,FOLLOWING TOO CLOSELY,$2501 TO $5000,REAR END,W17THSTNKINSERPK,0,,2022-12-09 00:00:00,,,
BLOOMINGTON PD,B22-54049,MONROE,BLOOMINGTON,BLOOMINGTON,2,,0,0,0,,N WALNUT ST,,,,,N WALNUT ST,E SMITH AVE,,,,Y,,0.0,,39.177315,-86.5335185,LOCAL/CITY RD,,,,URBAN,N,N,N,,DAYLIGHT,CLEAR,DRY,,T-INTERSECTION,,ASPHALT,FOLLOWING TOO CLOSELY,$2501 TO $5000,REAR END,NWALNUTSTESMITHAVE,0,,2022-12-31 15:43:00,,,
BLOOMINGTON PD,B22-51545,MONROE,PERRY,BLOOMINGTON,2,,0,0,0,2748,E 3RD ST,,,,,E 3RD ST,,,,,Y,,0.0,,39.16383642,-86.4965119,PRIVATE DR,,,,URBAN,N,N,N,,DARK (LIGHTED),CLOUDY,DRY,,NO JUNCTION INVOLVED,,ASPHALT,OTHER (DRIVER) - EXPLAIN IN NARRATIVE,UNDER $1001,BACKING CRASH,E 3RDST,0,,2022-12-05 22:00:00,,,
MONROE SD,M22A29312,MONROE,VAN BUREN,BLOOMINGTON,2,,0,0,0,,W FULLERTON PK,,,,,W FULLERTON PK,S SHARON DR,,,,N,,0.0,,39.1226933,-86.5770532,LOCAL/CITY RD,,,,URBAN,N,N,N,,DAWN/DUSK,CLEAR,DRY,,NO JUNCTION INVOLVED,,ASPHALT,LEFT OF CENTER,$1001 TO $2500,OPPOSITE DIRECTION SIDESWIPE,WFULLERTONPKSSHARONDR,0,,2022-11-30 07:16:00,,,
MONROE SD,M22A30618,MONROE,BENTON,BLOOMINGTON,2,,1,0,0,,E ST RD 45,,,,,E ST RD 45,BETHEL LN,,,,N,,0.0,,39.210049,-86.463256,ST RD,,,,RURAL,N,N,N,,DARK (NOT LIGHTED),CLEAR,WET,,T-INTERSECTION,,ASPHALT,FAILURE TO YIELD RIGHT OF WAY,$5001 TO $10000,RIGHT ANGLE,ESTATERD45BETHELLN,0,,2022-12-15 21:36:00,,,
MONROE SD,M22A26589,MONROE,CLEAR CREEK,HARRODSBURG,1,,2,0,0,,S ST RD 37,,,,,S ST RD 37,,,,,N,,0.0,,39.02991062,-86.54209349,,,,,RURAL,N,N,N,,DAWN/DUSK,CLEAR,DRY,,NO JUNCTION INVOLVED,,ASPHALT,FAILURE TO MAINTAIN LN,$2501 TO $5000,RAN OFF RD,SOLDSTATERD37,0,,2022-10-29 21:08:00,,,
BLOOMINGTON PD,B22-46006,MONROE,PERRY,BLOOMINGTON,2,,0,0,0,,600 S WOODSCREST,,,,,S WOODSCREST,E 2ND ST,,,,Y,,1000.0,,0.0,0.0,LOCAL/CITY RD,,,,URBAN,N,N,N,,DAYLIGHT,CLEAR,DRY,,NO JUNCTION INVOLVED,,ASPHALT,LEFT OF CENTER,$2501 TO $5000,OPPOSITE DIRECTION SIDESWIPE,E 2NDST600BLKS.WOODSCREST,0,,2022-11-03 11:57:00,600.0,,
BLOOMINGTON PD,B22-53091,MONROE,BLOOMINGTON,BLOOMINGTON,2,,0,0,0,,ST RD 46 W,,,,,ST RD 46 W,N COLLEGE AVE,,,,Y,,300.0,,39.18634456,-86.53480347,ST RD,,,,URBAN,N,N,N,,DAYLIGHT,RAIN,WET,,NO JUNCTION INVOLVED,,ASPHALT,FOLLOWING TOO CLOSELY,$10001 TO $25000,REAR END,STRD46 WNCOLLEGEAVE,0,,2022-12-22 09:45:00,,,
MONROE SD,M22A29603,MONROE,CLEAR CREEK,BLOOMINGTON,1,,1,0,0,,S ST RD 37,,,,,S ST RD 37,HARRODSBURG RD,,,,N,,686.0,,39.01205117,-86.54258996,ST RD,,,,RURAL,N,N,N,,DARK (NOT LIGHTED),RAIN,WET,,NO JUNCTION INVOLVED,,ASPHALT,ANIMAL/OBJECT IN RDWAY,$10001 TO $25000,RAN OFF RD,SOLDSTATERD37HARRODSBURGRD,0,,2022-12-02 23:16:00,,,
INDIANA UNIV BLOOMINGTON PD,224954,MONROE,BLOOMINGTON,BLOOMINGTON,2,,0,0,0,,E 17TH ST,,,,,E 17TH ST,,,,,N,,0.0,,39.17920492,-86.52214033,PRIVATE DR,,,,URBAN,N,N,N,,DAYLIGHT,CLOUDY,DRY,,NO JUNCTION INVOLVED,,ASPHALT,OTHER (DRIVER) - EXPLAIN IN NARRATIVE,$1001 TO $2500,OTHER - EXPLAIN IN NARRATIVE,E17THST,0,,2022-12-16 15:00:00,,,
MONROE SD,M22A29856,MONROE,PERRY,BLOOMINGTON,2,,0,0,0,,S FAIRFAX RD,,,,,S FAIRFAX RD,S WALNUT ST PK,,,,N,,0.0,,39.10719128,-86.52647442,COUNTY RD,,,,RURAL,N,Y,N,,DARK (NOT LIGHTED),FOG/SMOKE/SMOG,WET,,T-INTERSECTION,,ASPHALT,FAILURE TO YIELD RIGHT OF WAY,$5001 TO $10000,RIGHT ANGLE,SWALNUTSTPKSFAIRFAXRD,0,,2022-12-06 07:23:00,,,
INDIANA UNIV BLOOMINGTON PD,224072,MONROE,BLOOMINGTON,BLOOMINGTON,2,,0,0,0,,S WOODLAWN AVE,,,,,S WOODLAWN AVE,E HUNTER AVE,,,,Y,,0.0,,39.16265914,-86.52309484,PRIVATE DR,,,,URBAN,N,N,N,,DARK (NOT LIGHTED),CLEAR,DRY,,NO JUNCTION INVOLVED,,ASPHALT,OTHER (DRIVER) - EXPLAIN IN NARRATIVE,$1001 TO $2500,SAME DIRECTION SIDESWIPE,SWOODLAWNAVEEHUNTERAVE,0,,2022-10-22 21:15:00,,,
BLOOMINGTON PD,B22-50134,MONROE,PERRY,BLOOMINGTON,2,,1,0,0,,W TAPP RD,,,,,W TAPP RD,S ADAMS ST,,,,Y,,0.0,,39.13654823,-86.55412263,LOCAL/CITY RD,,,,URBAN,N,N,N,,DARK (LIGHTED),RAIN,WET,,TRAFFIC CIRCLE/ROUNDABOUT,,ASPHALT,FAILURE TO YIELD RIGHT OF WAY,$2501 TO $5000,REAR END,WTAPPRDSADAMSST,0,,2022-12-02 23:00:00,,,
BLOOMINGTON PD,B22-51141,MONROE,PERRY,BLOOMINGTON,1,,0,0,0,,S ROCKPORT RD,,,,,S ROCKPORT RD,W COUNTRYSIDE LN,,,,Y,,0.0,,39.143378,-86.54182,LOCAL/CITY RD,,,,URBAN,N,N,N,,DAYLIGHT,RAIN,WET,,T-INTERSECTION,,ASPHALT,SPEED TOO FAST FOR WEATHER CONDITIONS,$1001 TO $2500,RAN OFF RD,W.COUNTRYSIDELNS.ROCKPORTRD,0,,2022-12-09 15:24:00,,,
BLOOMINGTON PD,B22-50190,MONROE,PERRY,BLOOMINGTON,2,,0,0,0,,W COUNTRY CLUB DR,,,,,W COUNTRY CLUB DR,S BANTA AVE,,,,Y,,300.0,,39.13631738,-86.54616302,LOCAL/CITY RD,,,,URBAN,N,N,N,,DAYLIGHT,CLEAR,DRY,,NO JUNCTION INVOLVED,,ASPHALT,FOLLOWING TOO CLOSELY,$2501 TO $5000,REAR END,WCOUNTRYCLUBDRSBANTAAVE,0,,2022-12-03 10:30:00,,,
BLOOMINGTON PD,B22-46710,MONROE,BLOOMINGTON,BLOOMINGTON,2,,0,0,0,,N BLAIR AVE,,,,,N BLAIR AVE,W 12TH CT,,,,Y,,211.0,,39.17451571,-86.54383368,LOCAL/CITY RD,,,,URBAN,N,N,N,,DARK (NOT LIGHTED),CLEAR,DRY,,NO JUNCTION INVOLVED,,ASPHALT,LEFT OF CENTER,$2501 TO $5000,SAME DIRECTION SIDESWIPE,W12THCTNBLAIRAVE,0,,2022-11-07 21:20:00,,,
MONROE SD,M22A28336,MONROE,BLOOMINGTON,BLOOMINGTON,3,,1,0,0,,W 3RD ST,,,,,W 3RD ST,S LIBERTY DR,,,,Y,,0.0,,39.16463282,-86.57916925,LOCAL/CITY RD,,,,RURAL,N,N,N,,DAYLIGHT,CLEAR,DRY,,FOUR-WAY INTERSECTION,,ASPHALT,FOLLOWING TOO CLOSELY,$5001 TO $10000,REAR END,W 3RDSTSLIBERTYDR,0,,2022-11-18 15:55:00,,,
BLOOMINGTON PD,B22-48434,MONROE,BLOOMINGTON,BLOOMINGTON,2,,0,0,0,,3RD ST,,,,,3RD ST,,,69.0,,Y,,0.0,,0.0,0.0,LOCAL/CITY RD,,,,URBAN,N,N,N,,DAYLIGHT,CLEAR,DRY,,FOUR-WAY INTERSECTION,,CONCRETE,OTHER (DRIVER) - EXPLAIN IN NARRATIVE,$5001 TO $10000,SAME DIRECTION SIDESWIPE,3RDST,0,,2022-11-21 08:35:00,,,
MONROE SD,M22A27802,MONROE,WASHINGTON,BLOOMINGTON,1,,0,0,0,,CONNAUGHT RD,,,,,CONNAUGHT RD,N WALNUT ST,,,,N,,0.0,,39.24410744,-86.53389273,PRIVATE DR,,,,RURAL,N,N,N,,DARK (NOT LIGHTED),CLEAR,DRY,,NO JUNCTION INVOLVED,,ASPHALT,UNSAFE SPEED,$25001 TO $50000,RAN OFF RD,NWALNUTSTCONNAUGHTRD,0,,2022-11-12 03:45:00,,,
BLOOMINGTON PD,B22-46288,MONROE,PERRY,BLOOMINGTON,2,,0,0,0,,N WALNUT ST,,,,,N WALNUT ST,E 8TH ST,,,,Y,,158.0,,39.16921135,-86.53357641,ST RD,,,,URBAN,N,N,N,,DARK (LIGHTED),CLEAR,DRY,,NO JUNCTION INVOLVED,,ASPHALT,UNSAFE BACKING,UNDER $1001,BACKING CRASH,NWALNUTSTE8THST,0,,2022-11-04 23:30:00,,,
ELLETTSVILLE PD,E22-04623,MONROE,RICHLAND,ELLETTSVILLE,2,,0,0,0,,E TEMPERANCE ST,,,,,E TEMPERANCE ST,N HARTSTRAIT RD,,,,N,,0.0,,39.2276575,-86.61595046,LOCAL/CITY RD,,,,URBAN,N,N,N,,DAYLIGHT,CLEAR,DRY,,FOUR-WAY INTERSECTION,,ASPHALT,FAILURE TO YIELD RIGHT OF WAY,$2501 TO $5000,RIGHT ANGLE,NHARTSTRAITRDETEMPERANCEST,0,,2022-11-08 13:57:00,,,
INDIANA UNIV BLOOMINGTON PD,225008,MONROE,BLOOMINGTON,BLOOMINGTON,1,,0,0,0,1400,E 17TH ST,,,,,E 17TH ST,,,,,Y,,0.0,,39.1786074,-86.51533484,PRIVATE DR,,,,URBAN,N,N,N,,DAYLIGHT,CLOUDY,SNOW/SLUSH,,NO JUNCTION INVOLVED,,ASPHALT,UNSAFE BACKING,UNDER $1001,BACKING CRASH,E17THST,0,,2022-12-27 10:00:00,,,
BLOOMINGTON PD,B22-51792,MONROE,PERRY,BLOOMINGTON,1,,0,0,0,,E MOORES PK,,,,,E MOORES PK,ST RD 446,,,,Y,,0.0,,39.15034755,-86.47291644,LOCAL/CITY RD,,,,RURAL,N,N,N,,DARK (NOT LIGHTED),CLEAR,DRY,,NO JUNCTION INVOLVED,,ASPHALT,OTHER (VEHICLE) - EXPLAIN IN NARRATIVE,$5001 TO $10000,OTHER - EXPLAIN IN NARRATIVE,STATERD446EMOORESPK,0,,2022-12-13 22:50:00,,,
BLOOMINGTON PD,B22-52291,MONROE,RICHLAND,BLOOMINGTON,2,,0,0,0,,N GATES DR,,,,,N GATES DR,W RUNKLE WAY,,,,Y,,25.0,,39.17615251,-86.58226489,LOCAL/CITY RD,,,,URBAN,N,N,N,,DARK (LIGHTED),CLEAR,DRY,,NO JUNCTION INVOLVED,,ASPHALT,FAILURE TO YIELD RIGHT OF WAY,$5001 TO $10000,RIGHT ANGLE,WRUNKLEWAYNGATESDR,0,,2022-12-16 18:06:00,,,
ELLETTSVILLE PD,E22-05052,MONROE,RICHLAND,ELLETTSVILLE,2,,3,0,0,,ST RD 46,,,,,ST RD 46,N LOVE LN,,,,Y,,0.0,,39.21996964,-86.60359775,ST RD,,,,URBAN,N,N,N,,DARK (LIGHTED),CLEAR,DRY,,NO JUNCTION INVOLVED,,ASPHALT,FAILURE TO YIELD RIGHT OF WAY,$25001 TO $50000,RIGHT ANGLE,STATERD46NLOVELN,0,,2022-12-03 17:45:00,,,
INDIANA UNIV BLOOMINGTON PD,224724,MONROE,BLOOMINGTON,BLOOMINGTON,1,,1,0,0,,S HAWTHORNE DR,,,,,S HAWTHORNE DR,E 3RD ST,,,,Y,,0.0,,39.16428334,-86.52009077,LOCAL/CITY RD,,,,URBAN,N,N,N,,DAYLIGHT,CLEAR,DRY,,FOUR-WAY INTERSECTION,,ASPHALT,FAILURE TO YIELD RIGHT OF WAY,$10001 TO $25000,RIGHT TURN,SHAWTHORNEDRE 3RDST,1,,2022-12-02 11:23:00,,True,
BLOOMINGTON PD,B22-50324,MONROE,BLOOMINGTON,BLOOMINGTON,1,,1,0,0,,I-69,,,,,I-69,,,,,Y,,0.0,,39.18557403,-86.55682273,INTERSTATE,,,,URBAN,N,Y,N,,DAYLIGHT,CLEAR,DRY,,RAMP,,ASPHALT,DRIVER ASLEEP OR FATIGUED,$2501 TO $5000,RAN OFF RD,I-69,0,,2022-12-04 07:55:00,,,
BLOOMINGTON PD,B22-50495,MONROE,BLOOMINGTON,BLOOMINGTON,2,,0,0,0,,S COLLEGE AVE,,,,,S COLLEGE AVE,W 1ST,,,,Y,,0.0,,39.159376,-86.534971,LOCAL/CITY RD,,,,URBAN,N,N,N,,DAYLIGHT,CLEAR,DRY,,FOUR-WAY INTERSECTION,,ASPHALT,FOLLOWING TOO CLOSELY,$1001 TO $2500,REAR END,W1STSTSCOLLEGEAVE,0,,2022-12-05 14:30:00,,,
ISP BLOOMINGTON 33,2.02201E+11,MONROE,WASHINGTON,BLOOMINGTON,1,,0,0,0,,I-69,,,,,I-69,,,129.5,,N,,0.0,,39.32136197,-86.51118864,INTERSTATE,,,,RURAL,N,N,N,,DAYLIGHT,SNOW,SNOW/SLUSH,,NO JUNCTION INVOLVED,,ASPHALT,FAILURE TO MAINTAIN LN,$5001 TO $10000,RAN OFF RD,I-69129.5,0,,2022-11-12 08:57:00,,,
BLOOMINGTON PD,B22-43795,MONROE,PERRY,BLOOMINGTON,2,,0,0,0,,E 3RD ST,,,,,E 3RD ST,ST RD 46,,,,Y,,0.0,,39.16424234,-86.4986396,LOCAL/CITY RD,,,,URBAN,N,N,N,,DAYLIGHT,CLEAR,DRY,,FOUR-WAY INTERSECTION,,ASPHALT,FAILURE TO YIELD RIGHT OF WAY,$1001 TO $2500,SAME DIRECTION SIDESWIPE,STATERD46E 3RDST,0,,2022-10-21 19:11:00,,,
BLOOMINGTON PD,B22-50101,MONROE,PERRY,BLOOMINGTON,2,,0,0,0,,S ADAMS ST,,,,,S ADAMS ST,W ALLEN ST,,,,Y,,0.0,,39.15586316,-86.5505403,LOCAL/CITY RD,,,,URBAN,N,N,N,,DARK (LIGHTED),RAIN,WET,,FOUR-WAY INTERSECTION,,ASPHALT,FAILURE TO YIELD RIGHT OF WAY,$1001 TO $2500,RIGHT ANGLE,WALLENSTSADAMSST,0,,2022-12-02 18:08:00,,,
MONROE SD,M22A27789,MONROE,PERRY,BLOOMINGTON,1,,0,0,1,,ST RD 37,,,,,ST RD 37,,,,,N,,0.0,,39.08938638,-86.54551237,ST RD,,,,RURAL,N,N,N,,DARK (NOT LIGHTED),CLEAR,DRY,,NO JUNCTION INVOLVED,,ASPHALT,ANIMAL/OBJECT IN RDWAY,$2501 TO $5000,COLLISION WITH DEER,STATERD37,0,,2022-11-11 23:16:00,,,
ISP INDIANAPOLIS 52,2.02201E+11,MONROE,BLOOMINGTON,BLOOMINGTON,1,,0,0,0,,W 3RD ST,,,,,W 3RD ST,I-69,,,,Y,,0.0,,39.16458697,-86.57398171,LOCAL/CITY RD,,,,URBAN,N,Y,N,,DARK (LIGHTED),CLEAR,DRY,,FOUR-WAY INTERSECTION,,ASPHALT,DRIVER ASLEEP OR FATIGUED,$10001 TO $25000,RAN OFF RD,W 3RDSTI-69,0,,2022-11-26 05:45:00,,,
BLOOMINGTON PD,B22-53347,MONROE,PERRY,BLOOMINGTON,2,,0,0,0,1919,S WALNUT ST,,,,,S WALNUT ST,,,,,Y,,0.0,,39.14813428,-86.53260327,PRIVATE DR,,,,URBAN,N,N,N,,DARK (LIGHTED),CLEAR,SNOW/SLUSH,,NO JUNCTION INVOLVED,,CONCRETE,UNSAFE BACKING,UNDER $1001,BACKING CRASH,SWALNUTST,0,,2022-12-24 21:11:00,,,
BLOOMINGTON PD,B22-44665,MONROE,BLOOMINGTON,BLOOMINGTON,2,,0,0,0,,N INDIANA AVE,,,,,N INDIANA AVE,E 10TH ST,,,,Y,,0.0,,39.17181022,-86.52696654,,,,,URBAN,N,N,N,,DARK (LIGHTED),CLEAR,DRY,,NO JUNCTION INVOLVED,,ASPHALT,UNSAFE BACKING,UNDER $1001,BACKING CRASH,NINDIANAAVEE 10THST,0,,2022-10-26 19:20:00,,,
BLOOMINGTON PD,B22-43634,MONROE,PERRY,BLOOMINGTON,2,,0,0,0,,S MULLER PKWY,,,,,S MULLER PKWY,S BASSWOOD DR,,,,Y,,0.0,,39.15861537,-86.56786907,LOCAL/CITY RD,,,,URBAN,N,N,N,,DARK (LIGHTED),CLEAR,DRY,,NO JUNCTION INVOLVED,,ASPHALT,UNSAFE BACKING,$1001 TO $2500,BACKING CRASH,SMULLERPKWYSBASSWOODDR,0,,2022-10-20 20:23:00,,,
ISP BLOOMINGTON 33,2.022E+11,MONROE,BLOOMINGTON,BLOOMINGTON,1,,1,0,0,,ST RD 46,,,,,ST RD 46,E MATLOCK RD,,,,N,,0.0,,39.18597033,-86.51968531,ST RD,,,,RURAL,N,N,N,,DARK (NOT LIGHTED),CLOUDY,DRY,,FOUR-WAY INTERSECTION,,ASPHALT,FAILURE TO YIELD RIGHT OF WAY,$2501 TO $5000,RIGHT ANGLE,STATERD46EMATLOCKRD,1,,2022-11-10 19:47:00,,True,
BLOOMINGTON PD,B22-51098,MONROE,VAN BUREN,BLOOMINGTON,2,,0,0,0,,W 3RD ST,,,,,W 3RD ST,S CURRY PK,,,,Y,,0.0,,39.16465029,-86.58296428,LOCAL/CITY RD,,,,URBAN,N,N,N,,DAYLIGHT,RAIN,WET,,FOUR-WAY INTERSECTION,,ASPHALT,FOLLOWING TOO CLOSELY,$2501 TO $5000,REAR END,W 3RDSTSCURRYPK,0,,2022-12-09 10:49:00,,,
MONROE SD,M22A28120,MONROE,INDIAN CREEK,BLOOMINGTON,1,,0,0,1,,I-69 S,,,,,I-69 S,,,107.0,,N,,0.0,,39.07056066,-86.66630559,INTERSTATE,,,,RURAL,N,Y,N,,DARK (NOT LIGHTED),CLEAR,DRY,,NO JUNCTION INVOLVED,,ASPHALT,ANIMAL/OBJECT IN RDWAY,$5001 TO $10000,COLLISION WITH DEER,SINTERSTATE69107,0,,2022-11-16 06:48:00,,,
BLOOMINGTON PD,B22-45468,MONROE,BLOOMINGTON,BLOOMINGTON,2,,0,0,0,,N COLLEGE AVE,,,,,N COLLEGE AVE,W 9TH ST,,,,Y,,500.0,,39.170455,-86.534838,LOCAL/CITY RD,,,,URBAN,N,N,N,,DARK (LIGHTED),RAIN,WET,,NO JUNCTION INVOLVED,,ASPHALT,UNSAFE LN MOVEMENT,$2501 TO $5000,SAME DIRECTION SIDESWIPE,W.9THSTN.COLLEGEAVE,0,,2022-10-31 00:10:00,,,
MONROE SD,M22A26200,MONROE,RICHLAND,BLOOMINGTON,2,,0,0,0,,N CURRY PK,,,,,N CURRY PK,W WOODYARD,,,,N,,0.0,,39.19026046,-86.58258162,LOCAL/CITY RD,,,,RURAL,N,N,N,,DAYLIGHT,CLOUDY,DRY,,TRAFFIC CIRCLE/ROUNDABOUT,,ASPHALT,FAILURE TO YIELD RIGHT OF WAY,$2501 TO $5000,SAME DIRECTION SIDESWIPE,WWOODYARDRDNCURRYPK,0,,2022-10-25 12:10:00,,,
MONROE SD,M22A26551,MONROE,RICHLAND,BLOOMINGTON,1,,0,0,1,,N HARTSTRAIT RD,,,,,N HARTSTRAIT RD,W RATLIFF RD,,,,N,,0.0,,39.20888844,-86.61138067,LOCAL/CITY RD,,,,URBAN,N,N,N,,DAWN/DUSK,CLEAR,DRY,,NO JUNCTION INVOLVED,,ASPHALT,ANIMAL/OBJECT IN RDWAY,$5001 TO $10000,COLLISION WITH DEER,WRATLIFFRDNHARTSTRAITRD,0,,2022-10-29 07:50:00,,,
MONROE SD,M22A31708,MONROE,RICHLAND,BLOOMINGTON,2,,0,0,0,,W BROOKWOOD CT,,,,,W BROOKWOOD CT,N BROOKWOOD DR,,,,Y,,0.0,,39.21242009,-86.60106249,PRIVATE DR,,,,URBAN,N,N,N,,UNKNOWN,CLOUDY,DRY,,NO JUNCTION INVOLVED,,ASPHALT,DRIVER DISTRACTED - EXPLAIN IN NARRATIVE,$1001 TO $2500,BACKING CRASH,WBROOKWOODCTNBROOKWOODDR,0,,2022-12-31 15:01:00,,,
BLOOMINGTON PD,B22-46633,MONROE,BLOOMINGTON,BLOOMINGTON,2,,0,0,0,3333,E 3RD ST,,,,,E 3RD ST,,,,,Y,,0.0,,39.16497654,-86.49164773,PRIVATE DR,,,,URBAN,N,N,N,,DAYLIGHT,CLEAR,DRY,,NO JUNCTION INVOLVED,,ASPHALT,DRIVER ASLEEP OR FATIGUED,$10001 TO $25000,RAN OFF RD,E 3RDST,0,,2022-11-07 11:59:00,,,
MONROE SD,M22A26320,MONROE,PERRY,BLOOMINGTON,2,,0,0,0,,S ROGERS ST,,,,,S ROGERS ST,W THAT RD,,,,N,,0.0,,39.11321709,-86.5398328,COUNTY RD,,,,RURAL,N,N,N,,DAYLIGHT,CLEAR,DRY,,NO JUNCTION INVOLVED,,ASPHALT,UNSAFE BACKING,$5001 TO $10000,REAR TO REAR,WTHATRDSROGERSST,0,,2022-10-26 04:04:00,,,
ELLETTSVILLE PD,E22-05297,MONROE,RICHLAND,ELLETTSVILLE,2,,0,0,0,4444,IN ST RD 46 W,,,,,IN ST RD 46 W,,,,,Y,,0.0,,39.2152365,-86.59161462,PRIVATE DR,,,,URBAN,N,N,N,,DARK (LIGHTED),CLEAR,DRY,,NO JUNCTION INVOLVED,,ASPHALT,UNSAFE BACKING,$2501 TO $5000,BACKING CRASH,INST RD 46 W,0,,2022-12-17 18:09:00,,,
BLOOMINGTON PD,B22-45569,MONROE,BLOOMINGTON,BLOOMINGTON,2,,0,0,0,,E ATWATER AVE,,,,,E ATWATER AVE,S CLIFTON AVE,,,,Y,,0.0,,39.16308547,-86.50968916,LOCAL/CITY RD,,,,URBAN,N,N,N,,UNKNOWN,CLOUDY,DRY,,FOUR-WAY INTERSECTION,,ASPHALT,FOLLOWING TOO CLOSELY,$25001 TO $50000,REAR END,SCLIFTONAVEEATWATERAVE,0,,2022-10-31 22:00:00,,,
BLOOMINGTON PD,B22-51013,MONROE,BLOOMINGTON,BLOOMINGTON,2,,0,0,0,,W 17TH ST,,,,,W 17TH ST,N WILLIS DR,,,,Y,,0.0,,39.17905125,-86.54400534,LOCAL/CITY RD,,,,URBAN,N,N,Y,X-OVER/LN SHIFT,DARK (LIGHTED),RAIN,WET,,NO JUNCTION INVOLVED,,ASPHALT,FOLLOWING TOO CLOSELY,$5001 TO $10000,REAR END,W17THSTNWILLISDR,0,,2022-12-08 17:42:00,,,
MONROE SD,M22A28751,MONROE,RICHLAND,BLOOMINGTON,2,,0,0,0,,W WOODYARD,,,,,W WOODYARD,N CURRY PK,,,,N,,0.0,,39.19007663,-86.58250452,LOCAL/CITY RD,,,,URBAN,N,N,N,,DAYLIGHT,CLEAR,DRY,,TRAFFIC CIRCLE/ROUNDABOUT,,ASPHALT,UNSAFE LN MOVEMENT,$10001 TO $25000,SAME DIRECTION SIDESWIPE,WWOODYARDRDNCURRYPK,0,,2022-11-23 11:39:00,,,
INDIANA UNIV BLOOMINGTON PD,224913,MONROE,BLOOMINGTON,BLOOMINGTON,2,,0,0,0,,ST RD 45,,,,,ST RD 45,WALKWAY,,,,N,,0.0,,39.17457463,-86.50392241,ST RD,,,,URBAN,N,N,N,,DAYLIGHT,CLOUDY,WET,,NO JUNCTION INVOLVED,,ASPHALT,FOLLOWING TOO CLOSELY,$10001 TO $25000,REAR END,WALKWAYSTATERD45,0,,2022-12-14 11:53:00,,,