Agency,Local Code,County,Township,City,Vehicles Involved,Trailers Involved,Number Injured,Number Dead,Number Deer,House Number,Roadway Name,Roadway Suffix,Roadway Number,Roadway Interchange,Roadway Ramp,Roadway Id,Intersecting Road,Intersecting Road Number,Mile Marker,Interchange,Corporate Limits?,Property Type,Feet From,Direction,Latitude,Longitude,Roadway Class,Traffic Control Devices?,Aggressive Driving?,Hit and Run?,Locality,School Zone?,Rumble Strips?,Construction?,Construction Type,Light Condition,Weather Conditions,Surface Condition,Type of Median,Roadway Junction Type,Road Character,Roadway Surface,Primary Factor,Damage Estimate,Manner of Collision,Unique Location Id,State Property Damage?,Traffic Control,DateTime,Address Number,Cyclist Involved,Pedestrian Involved
MONROE SD,M22A28029,MONROE,PERRY,BLOOMINGTON,1,,0,0,0,,W OLD CAPITOL PK,,,,,W OLD CAPITOL PK,W OLD CAPITOL PK,,,,N,,0.0,,39.10719155,-86.55126825,PRIVATE DR,,,,RURAL,N,N,N,,DAWN/DUSK,CLEAR,DRY,,NO JUNCTION INVOLVED,,ASPHALT,IMPROPER TURNING,$2501 TO $5000,SAME DIRECTION SIDESWIPE,WOLDCAPITOLPKWOLDCAPITOLPK,0,,2022-11-15 07:33:00,,,
BLOOMINGTON PD,B22-45464,MONROE,BLOOMINGTON,BLOOMINGTON,2,,1,0,0,,N WALNUT ST,,,,,N WALNUT ST,E 14TH ST,,,,Y,,0.0,,39.17593951,-86.53351833,LOCAL/CITY RD,,,,URBAN,N,N,N,,DAYLIGHT,RAIN,WET,,FOUR-WAY INTERSECTION,,ASPHALT,UNSAFE LN MOVEMENT,UNDER $1001,LEFT TURN,NWALNUTSTE14THST,0,,2022-10-31 11:08:00,,True,
MONROE SD,M22A25558,MONROE,VAN BUREN,BLOOMINGTON,2,,0,1,1,,S LODGE RD,,,,,S LODGE RD,S LODGE RD,,69.0,,N,,53.0,,39.07526514,-86.59196324,INTERSTATE,,,,RURAL,N,Y,N,,DARK (NOT LIGHTED),CLEAR,DRY,,NO JUNCTION INVOLVED,,ASPHALT,ANIMAL/OBJECT IN RDWAY,$50001 TO $100000,COLLISION WITH DEER,SLODGERDSLODGERD,0,,2022-10-18 06:05:00,,,
BLOOMINGTON PD,B22-48122,MONROE,PERRY,BLOOMINGTON,2,,0,0,0,2520,S ROCKPORT RD,,,,,S ROCKPORT RD,,,,,Y,,0.0,,39.14048889,-86.54852199,PRIVATE DR,,,,URBAN,N,N,N,,DAYLIGHT,CLEAR,DRY,,NO JUNCTION INVOLVED,,ASPHALT,UNSAFE BACKING,$1001 TO $2500,BACKING CRASH,SROCKPORTRD,0,,2022-11-18 16:14:00,,,
BLOOMINGTON PD,B22-48341,MONROE,BLOOMINGTON,BLOOMINGTON,2,,0,0,0,,E 3RD ST,,,,,E 3RD ST,S COLLEGE MALL RD,,,,Y,,0.0,,39.1642225,-86.49824812,LOCAL/CITY RD,,,,URBAN,N,N,N,,DAYLIGHT,CLEAR,DRY,,FOUR-WAY INTERSECTION,,ASPHALT,DISREGARD SIGNAL/REG SIGN,$5001 TO $10000,RIGHT ANGLE,SCOLLEGEMALLRDE 3RDST,0,,2022-11-20 13:53:00,,,
BLOOMINGTON PD,B22-19428,MONROE,PERRY,BLOOMINGTON,2,,0,0,0,,W ST RD 45,,,,,W ST RD 45,,,,,Y,,0.0,,39.14278891,-86.57990356,,,,,URBAN,N,N,N,,UNKNOWN,CLEAR,DRY,,NO JUNCTION INVOLVED,,ASPHALT,OTHER (DRIVER) - EXPLAIN IN NARRATIVE,UNDER $1001,BACKING CRASH,WSTATERD45,0,,2022-05-25 00:00:00,,,
BLOOMINGTON PD,B22-47971,MONROE,BLOOMINGTON,BLOOMINGTON,2,,0,0,0,,N MADISON ST,,,,,N MADISON ST,W 14TH ST,,,,Y,,0.0,,39.17595018,-86.53770061,LOCAL/CITY RD,,,,URBAN,N,N,N,,DAYLIGHT,CLEAR,DRY,,RAMP,,ASPHALT,FAILURE TO YIELD RIGHT OF WAY,$2501 TO $5000,RIGHT ANGLE,W14THSTNMADISONST,0,,2022-11-17 14:51:00,,,
MONROE SD,M22A28436,MONROE,BLOOMINGTON,BLOOMINGTON,1,,0,0,1,,I-69,,,,,I-69,,,,,Y,,898.0,,39.23781764,-86.53847999,ST RD,,,,URBAN,N,N,N,,DARK (NOT LIGHTED),CLEAR,DRY,,NO JUNCTION INVOLVED,,ASPHALT,ANIMAL/OBJECT IN RDWAY,$2501 TO $5000,COLLISION WITH DEER,I-69,0,,2022-11-20 20:40:00,,,
BLOOMINGTON PD,B22-51102,MONROE,BLOOMINGTON,BLOOMINGTON,2,,0,0,0,256,N JACOB DR,,,,,N JACOB DR,,,,,Y,,0.0,,39.16828502,-86.57330274,PRIVATE DR,,,,URBAN,N,N,N,,DAYLIGHT,RAIN,WET,,NO JUNCTION INVOLVED,,ASPHALT,UNSAFE BACKING,$2501 TO $5000,BACKING CRASH,NJACOBDR,0,,2022-12-09 01:00:00,,,
BLOOMINGTON PD,B22-45745,MONROE,PERRY,BLOOMINGTON,2,,0,0,0,,E BUICK CADILLAC BLVD,,,,,E BUICK CADILLAC BLVD,S CLARIZZ BLVD,,,,Y,,0.0,,39.15941393,-86.49070631,LOCAL/CITY RD,,,,URBAN,N,N,N,,DARK (NOT LIGHTED),CLEAR,DRY,,T-INTERSECTION,,ASPHALT,IMPROPER TURNING,$2501 TO $5000,HEAD ON BETWEEN TWO MOTOR VEHICLES,SCLARIZZBLVDEBUICKCADILLACBLVD,0,,2022-11-01 20:05:00,,,
BLOOMINGTON PD,B22-48905,MONROE,BLOOMINGTON,BLOOMINGTON,2,,0,0,0,,W FOUNTAIN DR,,,,,W FOUNTAIN DR,W GRAY ST,,,,Y,,0.0,,39.17289676,-86.55484975,,,,,URBAN,N,N,N,,DARK (NOT LIGHTED),CLEAR,DRY,,T-INTERSECTION,,ASPHALT,FAILURE TO YIELD RIGHT OF WAY,$1001 TO $2500,RIGHT ANGLE,WGRAYSTWFOUNTAINDR,0,,2022-11-23 21:05:00,,,
MONROE SD,M22A27667,MONROE,WASHINGTON,BLOOMINGTON,2,,0,0,0,,N CROSSOVER RD,,,,,N CROSSOVER RD,W DITTEMORE RD,,,,N,,0.0,,39.30175712,-86.51917881,PRIVATE DR,,,,RURAL,N,N,N,,DAYLIGHT,CLEAR,DRY,,NO JUNCTION INVOLVED,,ASPHALT,DRIVER DISTRACTED - EXPLAIN IN NARRATIVE,$10001 TO $25000,RAN OFF RD,WDITTEMORERDNCROSSOVERRD,0,,2022-11-10 14:48:00,,,
BLOOMINGTON PD,B22-49005,MONROE,PERRY,BLOOMINGTON,2,,0,0,0,,E 1ST,,,,,E 1ST,S FESS AVE,,,,Y,,0.0,,39.15931086,-86.52593059,,,,,URBAN,N,N,N,,DAYLIGHT,CLEAR,WET,,FOUR-WAY INTERSECTION,,ASPHALT,FAILURE TO YIELD RIGHT OF WAY,$5001 TO $10000,RIGHT ANGLE,SFESSAVEE1STST,0,,2022-11-25 10:50:00,,,
BLOOMINGTON PD,B22-51591,MONROE,PERRY,BLOOMINGTON,2,,0,0,0,,S COLLEGE MALL RD,,,,,S COLLEGE MALL RD,E COVENANTER DR,,,,Y,,1056.0,,39.15335687,-86.49766034,LOCAL/CITY RD,,,,URBAN,N,N,N,,DARK (LIGHTED),CLEAR,DRY,,NO JUNCTION INVOLVED,,ASPHALT,FOLLOWING TOO CLOSELY,$25001 TO $50000,REAR END,SCOLLEGEMALLRDECOVENANTERDR,0,,2022-12-12 17:46:00,,,
INDIANA UNIV BLOOMINGTON PD,224455,MONROE,BLOOMINGTON,BLOOMINGTON,2,,0,0,0,,ST RD 46,,,,,ST RD 46,E 10TH ST,,,,Y,,422.0,,39.1708432,-86.50197311,ST RD,,,,URBAN,N,N,N,,DARK (LIGHTED),CLEAR,DRY,,RAILRD CROSSINGS,,ASPHALT,FOLLOWING TOO CLOSELY,$5001 TO $10000,REAR END,STATERD46E 10THST,0,,2022-11-11 21:48:00,,,
INDIANA UNIV BLOOMINGTON PD,224936,MONROE,BLOOMINGTON,BLOOMINGTON,1,,0,0,0,,E 10TH ST,,,,,E 10TH ST,N CAMPBELL ST,,,,Y,,0.0,,39.17162402,-86.51376075,LOCAL/CITY RD,,,,URBAN,N,N,N,,DAYLIGHT,CLOUDY,DRY,,NO JUNCTION INVOLVED,,ASPHALT,UNSAFE SPEED,$5001 TO $10000,RAN OFF RD,NCAMPBELLSTE 10THST,0,,2022-12-15 15:45:00,,,
MONROE SD,M22A30861,MONROE,RICHLAND,BLOOMINGTON,2,,1,0,0,,W VERNAL PK,,,,,W VERNAL PK,,,,,N,,0.0,,39.17916443,-86.58653071,LOCAL/CITY RD,,,,RURAL,N,N,N,,DAYLIGHT,CLEAR,DRY,,NO JUNCTION INVOLVED,,ASPHALT,FOLLOWING TOO CLOSELY,$5001 TO $10000,REAR END,WVERNALPK,0,,2022-12-19 10:25:00,,,
BLOOMINGTON PD,B22-47852,MONROE,BLOOMINGTON,BLOOMINGTON,2,,0,0,0,,N COLLEGE AVE,,,,,N COLLEGE AVE,W 8TH ST,,,,Y,,0.0,,39.16967824,-86.53489445,LOCAL/CITY RD,,,,URBAN,N,N,N,,DARK (LIGHTED),CLEAR,DRY,,FOUR-WAY INTERSECTION,,ASPHALT,FAILURE TO YIELD RIGHT OF WAY,$2501 TO $5000,SAME DIRECTION SIDESWIPE,W8THSTNCOLLEGEAVE,0,,2022-11-16 17:03:00,,,
BLOOMINGTON PD,B22-53050,MONROE,VAN BUREN,BLOOMINGTON,2,,0,0,0,,"3205 W, ST RD 45",,,,,"W, ST RD 45",,,,,Y,,0.0,,39.144451,-86.576037,PRIVATE DR,,,,URBAN,N,N,N,,DAWN/DUSK,CLOUDY,DRY,,NO JUNCTION INVOLVED,,ASPHALT,IMPROPER PASSING,$1001 TO $2500,SAME DIRECTION SIDESWIPE,"3205W,ST RD 45",0,,2022-12-21 17:10:00,3205.0,,
BLOOMINGTON PD,B22-50491,MONROE,BLOOMINGTON,BLOOMINGTON,2,,1,0,0,,ST RD 45/46 BYPASS,,,,,ST RD 45/46 BYPASS,N KINSER PK,,,,Y,,0.0,,39.18644305,-86.53770393,ST RD,,,,URBAN,N,N,N,,DAYLIGHT,CLOUDY,DRY,,FOUR-WAY INTERSECTION,,ASPHALT,FAILURE TO YIELD RIGHT OF WAY,$50001 TO $100000,RIGHT ANGLE,STATERD45/46BYPASSNKINSERPK,0,,2022-12-05 14:14:00,,,
BLOOMINGTON PD,B22-46180,MONROE,BLOOMINGTON,BLOOMINGTON,2,,1,0,0,,E HILLSIDE DR,,,,,E HILLSIDE DR,S WOODLAWN AVE,,,,Y,,0.0,,39.15053017,-86.52261562,LOCAL/CITY RD,,,,URBAN,N,N,N,,DAYLIGHT,CLEAR,DRY,,T-INTERSECTION,,ASPHALT,FAILURE TO YIELD RIGHT OF WAY,$1001 TO $2500,LEFT TURN,SWOODLAWNAVEEHILLSIDEDR,0,,2022-11-04 13:50:00,,,
MONROE SD,M22A29812,MONROE,RICHLAND,BLOOMINGTON,2,,0,0,0,,ST RD 46,,,,,ST RD 46,N SISCOE LN,,,,N,,1003.0,,39.27322409,-86.67355401,ST RD,,,,RURAL,N,N,N,,DAYLIGHT,CLEAR,DRY,,NO JUNCTION INVOLVED,,ASPHALT,FOLLOWING TOO CLOSELY,$5001 TO $10000,REAR END,STATERD46NSISCOELN,0,,2022-12-05 15:35:00,,,
BLOOMINGTON PD,B22-01162,MONROE,PERRY,BLOOMINGTON,2,,0,0,0,2966,E 3RD ST,,,,,E 3RD ST,,,,,Y,,0.0,,39.16224585,-86.49178911,LOCAL/CITY RD,,,,URBAN,N,N,N,,DAYLIGHT,CLEAR,DRY,,NO JUNCTION INVOLVED,,ASPHALT,UNSAFE SPEED,$1001 TO $2500,RIGHT TURN,E 3RDST,0,,2022-01-11 14:00:00,,,
BLOOMINGTON PD,B22-01814,MONROE,BLOOMINGTON,BLOOMINGTON,2,,0,0,0,,S FESS AVE,,,,,S FESS AVE,E 1ST,,,,Y,,0.0,,39.15880021,-86.52596212,LOCAL/CITY RD,,,,URBAN,N,N,N,,DAYLIGHT,CLOUDY,WET,,NO JUNCTION INVOLVED,,ASPHALT,UNSAFE BACKING,UNDER $1001,BACKING CRASH,SFESSAVEE1STST,0,,2022-01-17 02:37:00,,,
MONROE SD,M22A785,MONROE,RICHLAND,BLOOMINGTON,1,0.0,0,0,1,,W VERNAL,PK,,,,W VERNAL,N HARTSTRAIT,,,,N,,300.0,W,39.186767,-86.61124701,COUNTY RD,,N,N,RURAL,N,N,N,,DAYLIGHT,CLEAR,DRY,,FOUR-WAY INTERSECTION,STRAIGHT/LEVEL,ASPHALT,ANIMAL/OBJECT IN RDWAY,$2501 TO $5000,COLLISION WITH DEER,NHARTSTRAITRDWVERNALPK,0,NONE,2022-01-11 09:18:00,,,
MONROE SD,M22A1235,MONROE,CLEAR CREEK,BLOOMINGTON,1,,0,0,0,,S ST RD 37,,,,,S ST RD 37,W ZIKES RD,,,,N,,0.0,,39.049386,-86.541039,COUNTY RD,,,,RURAL,N,N,N,,DAYLIGHT,CLOUDY,ICE,,NO JUNCTION INVOLVED,,ASPHALT,RDWAY SURFACE CONDITION,$5001 TO $10000,RAN OFF RD,WESTZIKESRDSOUTHOLDSTATERD37,0,,2022-01-17 09:52:00,,,
BLOOMINGTON PD,B22-02402,MONROE,PERRY,BLOOMINGTON,2,,2,0,0,,S ROGERS ST,,,,,S ROGERS ST,W COUNTRY CLUB DR,,,,Y,,0.0,,39.13604754,-86.53825825,,,,,RURAL,N,N,N,,DAWN/DUSK,CLEAR,DRY,,FOUR-WAY INTERSECTION,,ASPHALT,FAILURE TO YIELD RIGHT OF WAY,$10001 TO $25000,RIGHT ANGLE,WCOUNTRYCLUBDRSROGERSST,0,,2022-01-22 05:40:00,,,
BLOOMINGTON PD,B22-00053,MONROE,PERRY,BLOOMINGTON,1,,0,0,0,,W KIRWOOD AVE,,,,,W KIRWOOD AVE,S MAPLE ST,,,,Y,,200.0,,39.166628,-86.542194,LOCAL/CITY RD,,,,URBAN,Y,N,N,,DAYLIGHT,RAIN,WET,,NO JUNCTION INVOLVED,,ASPHALT,FOLLOWING TOO CLOSELY,$1001 TO $2500,RAN OFF RD,W.KIRWOODAVES.MAPLEST,0,,2022-01-01 14:45:00,,,
BLOOMINGTON PD,B22-02243,MONROE,PERRY,BLOOMINGTON,2,,0,0,0,,130 W GRIMES LN,,,,,W GRIMES LN,,,,,Y,,0.0,,0.0,0.0,LOCAL/CITY RD,,,,URBAN,N,N,N,,DAYLIGHT,CLEAR,DRY,,NO JUNCTION INVOLVED,,CONCRETE,UNSAFE BACKING,$2501 TO $5000,BACKING CRASH,130W.GRIMESLN,0,,2022-01-21 08:20:00,130.0,,
INDIANA UNIV BLOOMINGTON PD,220103,MONROE,BLOOMINGTON,BLOOMINGTON,2,,2,0,0,,ST RD 45,,,,,ST RD 45,N MILO B SAMPSON LN,,,,Y,,0.0,,39.18622857,-86.52207604,ST RD,,,,URBAN,N,N,N,,DARK (NOT LIGHTED),CLEAR,DRY,,T-INTERSECTION,,ASPHALT,DISREGARD SIGNAL/REG SIGN,$10001 TO $25000,RIGHT ANGLE,STATERD45NMILOBSAMPSONLN,0,,2022-01-13 17:50:00,,,
BLOOMINGTON PD,B22-01341,MONROE,,BLOOMINGTON,2,,0,0,0,,ALEXANDER DR,,,,,ALEXANDER DR,N JACOB DR,,,,N,,0.0,,39.1687823,-86.5735697,LOCAL/CITY RD,,,,URBAN,N,N,N,,DAYLIGHT,CLEAR,DRY,,FOUR-WAY INTERSECTION,,ASPHALT,FAILURE TO YIELD RIGHT OF WAY,$2501 TO $5000,RIGHT ANGLE,NJACOBDRALEXANDERDR,0,,2022-01-13 11:19:00,,,
MONROE SD,M22A1289,MONROE,BLOOMINGTON,BLOOMINGTON,1,,0,0,1,,W VERNAL PK,,,,,W VERNAL PK,ENTERPRISE DR,,,,N,,0.0,,39.17923885,-86.56606885,LOCAL/CITY RD,,,,RURAL,N,N,N,,DARK (NOT LIGHTED),CLEAR,DRY,,FOUR-WAY INTERSECTION,,ASPHALT,ANIMAL/OBJECT IN RDWAY,$5001 TO $10000,COLLISION WITH DEER,WVERNALPKENTERPRISEDR,0,,2022-01-18 01:32:00,,,
INDIANA UNIV BLOOMINGTON PD,220194,MONROE,BLOOMINGTON,BLOOMINGTON,2,,0,0,0,,E KIRKWOOD AVE,,,,,E KIRKWOOD AVE,S INDIANA AVE,,,,Y,,0.0,,39.1665085,-86.52705378,LOCAL/CITY RD,,,,URBAN,N,N,N,,DARK (NOT LIGHTED),CLEAR,DRY,,T-INTERSECTION,,ASPHALT,UNSAFE BACKING,$2501 TO $5000,BACKING CRASH,SINDIANAAVEEKIRKWOODAVE,0,,2022-01-20 20:10:00,,,
INDIANA UNIV BLOOMINGTON PD,220214,MONROE,BLOOMINGTON,BLOOMINGTON,2,,0,0,0,,E ATWATER AVE,,,,,E ATWATER AVE,S PARK AVE,,,,Y,,0.0,,39.16331839,-86.52381904,LOCAL/CITY RD,,,,URBAN,N,N,N,,UNKNOWN,CLEAR,DRY,,NO JUNCTION INVOLVED,,ASPHALT,OTHER (DRIVER) - EXPLAIN IN NARRATIVE,$1001 TO $2500,OTHER - EXPLAIN IN NARRATIVE,SPARKAVEEATWATERAVE,0,,2022-01-10 21:00:00,,,
INDIANA UNIV BLOOMINGTON PD,220145,MONROE,BLOOMINGTON,BLOOMINGTON,1,0.0,0,0,0,,17TH,ST,,,,17TH,WOODLAWN,,,,Y,,,,39.178992,-86.523504,LOCAL/CITY RD,Y,N,N,URBAN,N,N,N,,DAYLIGHT,CLOUDY,WET,,NO JUNCTION INVOLVED,STRAIGHT/GRADE,ASPHALT,UNSAFE SPEED,$2501 TO $5000,RAN OFF RD,17THSTWOODLAWNAVE,0,TRAFFIC CONTROL SIGNAL,2022-01-18 09:15:00,,,
BLOOMINGTON PD,B22-02126,MONROE,BLOOMINGTON,BLOOMINGTON,2,,0,0,0,,3200 E JOHN HINKLE,,,,,E JOHN HINKLE,PETE LLIS DR,,,,Y,,300.0,,39.1702807,-86.4943792,LOCAL/CITY RD,,,,URBAN,N,N,N,,DAYLIGHT,CLOUDY,DRY,,T-INTERSECTION,,ASPHALT,FAILURE TO YIELD RIGHT OF WAY,$2501 TO $5000,RIGHT ANGLE,PETEELLISDR3200EJOHNHINKLE,0,,2022-01-20 09:55:00,3200.0,,
BLOOMINGTON PD,B22-00227,MONROE,PERRY,BLOOMINGTON,2,,0,0,0,,S ADAMS ST,,,,,S ADAMS ST,W BLOOMFIELD RD,,,,Y,,634.0,,39.15929784,-86.55076984,LOCAL/CITY RD,,,,URBAN,N,N,N,,DAYLIGHT,CLEAR,DRY,,NO JUNCTION INVOLVED,,ASPHALT,OTHER (VEHICLE) - EXPLAIN IN NARRATIVE,$1001 TO $2500,OPPOSITE DIRECTION SIDESWIPE,WBLOOMFIELDRDSADAMSST,0,,2022-01-03 16:20:00,,,
BLOOMINGTON PD,B22-00326,MONROE,BLOOMINGTON,BLOOMINGTON,2,,0,0,0,,S LEONARD SPRINGS RD,,,,,S LEONARD SPRINGS RD,ST RD 45,,,,Y,,0.0,,39.14112637,-86.58263179,LOCAL/CITY RD,,,,URBAN,N,N,N,,DAYLIGHT,CLEAR,DRY,,FOUR-WAY INTERSECTION,,ASPHALT,FOLLOWING TOO CLOSELY,$1001 TO $2500,REAR END,STATERD45SLEONARDSPRINGSRD,0,,2022-01-04 15:44:00,,,
BLOOMINGTON PD,B22-02692,MONROE,PERRY,BLOOMINGTON,1,,0,0,0,,E ROGERS ST,,,,,E ROGERS ST,S SARE RD,,,,Y,,0.0,,39.13596293,-86.49657316,LOCAL/CITY RD,,,,RURAL,N,N,N,,DARK (NOT LIGHTED),CLEAR,DRY,,TRAFFIC CIRCLE/ROUNDABOUT,,ASPHALT,OTHER (DRIVER) - EXPLAIN IN NARRATIVE,$5001 TO $10000,RAN OFF RD,SSARERDEROGERSRD,0,,2022-01-25 01:38:00,,,
BLOOMINGTON PD,B22-02864,MONROE,PERRY,BLOOMINGTON,2,,0,0,0,,2966 E 3RD ST,,,,,E 3RD ST,,,,,Y,,0.0,,39.1621793,-86.49184633,LOCAL/CITY RD,,,,URBAN,N,N,N,,DAYLIGHT,CLEAR,DRY,,NO JUNCTION INVOLVED,,ASPHALT,IMPROPER TURNING,UNDER $1001,RIGHT TURN,2966E 3RDST,0,,2022-01-26 11:16:00,2966.0,,
BLOOMINGTON PD,B22-02063,MONROE,PERRY,BLOOMINGTON,1,,0,0,0,,W BLOOMFIELD RD,,,,,W BLOOMFIELD RD,S STONE DR,,,,Y,,250.0,,39.15100044,-86.56786525,LOCAL/CITY RD,,,,URBAN,N,N,N,,DARK (LIGHTED),CLEAR,DRY,,NO JUNCTION INVOLVED,,ASPHALT,ANIMAL/OBJECT IN RDWAY,$1001 TO $2500,COLLISION WITH DEER,WBLOOMFIELDRDSSTONEDR,0,,2022-01-19 19:24:00,,,
MONROE SD,M22A1119,MONROE,VAN BUREN,BLOOMINGTON,1,0.0,0,0,0,,GIFFORD,RD,,,,GIFFORD,WOODSIDE,,,,N,,565.0,E,39.15461465,-86.58684546,LOCAL/CITY RD,,N,N,URBAN,N,N,N,,DARK (NOT LIGHTED),SNOW,SNOW/SLUSH,,NO JUNCTION INVOLVED,CURVE/LEVEL,ASPHALT,RAN OFF RD RIGHT,$1001 TO $2500,RAN OFF RD,GIFFORDRDWOODSIDEDR,0,LN CONTROL,2022-01-15 16:01:00,,,
ISP BLOOMINGTON 33,2.022E+11,MONROE,PERRY,BLOOMINGTON,1,,0,0,0,,I-69,,,,,I-69,,,105.5,,N,,0.0,,39.05742423,-86.6815579,INTERSTATE,,,,RURAL,N,N,N,,DAYLIGHT,SLEET/HAIL/FREEZING RAIN,ICE,,NO JUNCTION INVOLVED,,CONCRETE,FAILURE TO MAINTAIN LN,$5001 TO $10000,RAN OFF RD,I-69105.5,0,,2022-01-08 14:35:00,,,
BLOOMINGTON PD,B22-01702,MONROE,BLOOMINGTON,BLOOMINGTON,2,,0,0,0,,E 3RD ST,,,,,E 3RD ST,S UNION ST,,,,Y,,0.0,,39.16426,-86.509383,LOCAL/CITY RD,,,,URBAN,N,N,N,,DAYLIGHT,CLEAR,DRY,,NO JUNCTION INVOLVED,,ASPHALT,BRAKE FAILURE OR DEFECTIVE,$5001 TO $10000,REAR END,SUNIONSTE 3RDST,0,,2022-01-16 15:26:00,,,
MONROE SD,M22A141,MONROE,RICHLAND,BLOOMINGTON,1,0.0,0,0,0,,W REEVES,RD,,,,W REEVES,GILMORE,,,,N,,750.0,E,39.231648,-86.671296,LOCAL/CITY RD,,N,N,RURAL,N,N,N,,DAYLIGHT,CLEAR,DRY,,T-INTERSECTION,STRAIGHT/HILLCREST,ASPHALT,ANIMAL/OBJECT IN RDWAY,$5001 TO $10000,RAN OFF RD,GILMORERDWREEVESRD,0,NONE,2022-01-03 08:56:00,,,
MONROE SD,M22A135,MONROE,BEAN BLOSSOM,BLOOMINGTON,1,1.0,0,0,0,6565,N SHOWERS,RD,,,,N SHOWERS,,,,,N,PRIVATE,,,39.24638316,-86.52910063,COUNTY RD,,N,N,RURAL,N,N,N,,DARK (NOT LIGHTED),CLEAR,DRY,,NO JUNCTION INVOLVED,STRAIGHT/LEVEL,ASPHALT,RAN OFF RD RIGHT,$1001 TO $2500,RAN OFF RD,NSHOWERSRD,0,STOP SIGN,2022-01-03 07:47:00,,,
BLOOMINGTON PD,B22-00686,MONROE,VAN BUREN,BLOOMINGTON,2,,0,0,0,,3205 W ST RD 45,,,,,W ST RD 45,SAM'S CLUB ENTRANCE,,,,Y,,0.0,,0.0,0.0,ST RD,,,,URBAN,N,N,N,,DAYLIGHT,CLEAR,DRY,,FOUR-WAY INTERSECTION,,ASPHALT,FOLLOWING TOO CLOSELY,$2501 TO $5000,REAR END,SAM'SCLUBENTRANCE3205WST RD 45,0,,2022-01-07 11:31:00,3205.0,,
BLOOMINGTON PD,B22-00303,MONROE,,BLOOMINGTON,2,,0,0,0,,W 3RD ST,,,,,W 3RD ST,I-69 BYPASS,,,,Y,,0.0,,0.0,0.0,LOCAL/CITY RD,,,,URBAN,N,N,N,,DAYLIGHT,CLEAR,DRY,,FOUR-WAY INTERSECTION,,ASPHALT,FAILURE TO YIELD RIGHT OF WAY,$2501 TO $5000,RIGHT ANGLE,W 3RDSTI-69BYPASS,0,,2022-01-04 12:34:00,,,
MONROE SD,M22A17167,MONROE,WASHINGTON,BLOOMINGTON,1,,1,0,0,6055,N ST RD 37,,,,,N ST RD 37,,,,,N,,0.0,,,,ST RD,,,,RURAL,N,N,N,,DAYLIGHT,RAIN,WET,,NO JUNCTION INVOLVED,,ASPHALT,UNSAFE SPEED,$5001 TO $10000,RAN OFF RD,NOLDST RD 37,0,,2022-07-17 13:36:00,,,
BLOOMINGTON PD,B22-25469,MONROE,BLOOMINGTON,BLOOMINGTON,1,,1,0,0,,W 17TH ST,,,,,W 17TH ST,N WILLIS DR,,,,Y,,0.0,,39.17903439,-86.5441438,LOCAL/CITY RD,,,,URBAN,N,N,N,,DAYLIGHT,CLEAR,DRY,,T-INTERSECTION,,ASPHALT,FAILURE TO YIELD RIGHT OF WAY,UNDER $1001,OTHER - EXPLAIN IN NARRATIVE,W17THSTNWILLISDR,1,,2022-07-05 13:30:00,,True,
BLOOMINGTON PD,B22-37466,MONROE,BLOOMINGTON,BLOOMINGTON,2,,0,0,0,111,N ROGERS ST,,,,,N ROGERS ST,,,,,Y,,0.0,,39.16734296,-86.53876118,LOCAL/CITY RD,,,,URBAN,N,N,N,,DAYLIGHT,CLEAR,DRY,,NO JUNCTION INVOLVED,,ASPHALT,UNSAFE BACKING,$1001 TO $2500,REAR TO REAR,NROGERSST,0,,2022-09-16 13:44:00,,,
BLOOMINGTON PD,B22-29026,MONROE,BLOOMINGTON,BLOOMINGTON,2,,0,0,0,,W 16TH ST,,,,,W 16TH ST,N WOODBURN AVE,,,,Y,,0.0,,39.17775102,-86.53605213,LOCAL/CITY RD,,,,URBAN,N,N,N,,DAYLIGHT,CLEAR,DRY,,T-INTERSECTION,,ASPHALT,OTHER (DRIVER) - EXPLAIN IN NARRATIVE,$2501 TO $5000,OPPOSITE DIRECTION SIDESWIPE,W16THSTNWOODBURNAVE,0,,2022-07-29 08:50:00,,,
MONROE SD,M22A19087,MONROE,VAN BUREN,BLOOMINGTON,3,,2,0,0,,W BELLE AVE,,,,,W BELLE AVE,S CURRY PK,,,,N,,0.0,,39.16328848,-86.58281292,,,,,RURAL,N,N,N,,DAYLIGHT,CLEAR,DRY,,T-INTERSECTION,,ASPHALT,FAILURE TO YIELD RIGHT OF WAY,$10001 TO $25000,OPPOSITE DIRECTION SIDESWIPE,WBELLEAVESCURRYPK,0,,2022-08-05 03:46:00,,,
BLOOMINGTON PD,B22-21690,MONROE,PERRY,BLOOMINGTON,2,,0,0,0,,W 3RD ST,,,,,W 3RD ST,S WESTPLEX AVE,,,,Y,,370.0,,39.16440395,-86.55303187,LOCAL/CITY RD,,,,URBAN,N,N,N,,DAYLIGHT,RAIN,WET,,NO JUNCTION INVOLVED,,ASPHALT,FOLLOWING TOO CLOSELY,$5001 TO $10000,REAR END,W 3RDSTSWESTPLEXAVE,0,,2022-06-10 14:50:00,,,
INDIANA UNIV BLOOMINGTON PD,221803,MONROE,BLOOMINGTON,BLOOMINGTON,2,,0,0,0,,E 3RD ST,,,,,E 3RD ST,S HIGHLAND AVE,,,,N,,0.0,,39.16428369,-86.51772013,LOCAL/CITY RD,,,,URBAN,N,N,N,,DAYLIGHT,CLOUDY,DRY,,T-INTERSECTION,,ASPHALT,IMPROPER TURNING,$1001 TO $2500,SAME DIRECTION SIDESWIPE,SHIGHLANDAVEE 3RDST,0,,2022-05-07 14:30:00,,,