Agency,Local Code,County,Township,City,Vehicles Involved,Trailers Involved,Number Injured,Number Dead,Number Deer,House Number,Roadway Name,Roadway Suffix,Roadway Number,Roadway Interchange,Roadway Ramp,Roadway Id,Intersecting Road,Intersecting Road Number,Mile Marker,Interchange,Corporate Limits?,Property Type,Feet From,Direction,Latitude,Longitude,Roadway Class,Traffic Control Devices?,Aggressive Driving?,Hit and Run?,Locality,School Zone?,Rumble Strips?,Construction?,Construction Type,Light Condition,Weather Conditions,Surface Condition,Type of Median,Roadway Junction Type,Road Character,Roadway Surface,Primary Factor,Damage Estimate,Manner of Collision,Unique Location Id,State Property Damage?,Traffic Control,DateTime,Address Number,Cyclist Involved,Pedestrian Involved
MONROE SD,M22A21753,MONROE,VAN BUREN,BLOOMINGTON,2,,0,0,0,,4128 HIGHLAND CT,,,,,HIGHLAND CT,,,,,N,,0.0,,0.0,0.0,,,,,URBAN,N,N,N,,DAYLIGHT,CLEAR,DRY,,NO JUNCTION INVOLVED,,ASPHALT,UNSAFE BACKING,$10001 TO $25000,REAR TO REAR,4128HIGHLANDCT,0,,2022-09-04 03:25:00,4128.0,,
BLOOMINGTON PD,B22-02960,MONROE,,BLOOMINGTON,2,,0,0,0,,ROGERS ST,,,,,ROGERS ST,PATTERSON DR,,,,Y,,0.0,,39.153791,-86.538749,LOCAL/CITY RD,,,,URBAN,N,N,N,,DAYLIGHT,BLOWING SAND/SOIL/SNOW,SNOW/SLUSH,,FOUR-WAY INTERSECTION,,ASPHALT,UNSAFE LN MOVEMENT,$1001 TO $2500,RIGHT ANGLE,ROGERSSTPATTERSONDR,0,,2022-01-27 10:20:00,,,
BLOOMINGTON PD,B22-21672,MONROE,BLOOMINGTON,BLOOMINGTON,2,,0,0,0,,S WALNUT ST,,,,,S WALNUT ST,W 3RD ST,,,,Y,,0.0,,39.16462856,-86.53364129,LOCAL/CITY RD,,,,URBAN,N,N,N,,DAYLIGHT,RAIN,WET,,FOUR-WAY INTERSECTION,,ASPHALT,DISREGARD SIGNAL/REG SIGN,$5001 TO $10000,RIGHT ANGLE,W 3RDSTSWALNUTST,0,,2022-06-10 12:51:00,,,
INDIANA UNIV BLOOMINGTON PD,220958,MONROE,BLOOMINGTON,BLOOMINGTON,2,,0,0,0,2651,E DISCOVERY PARKWAY,,,,,E DISCOVERY PARKWAY,,,,,Y,,0.0,,39.1757,-86.503116,PRIVATE DR,,,,URBAN,N,N,N,,DAYLIGHT,CLOUDY,WET,,FOUR-WAY INTERSECTION,,ASPHALT,FAILURE TO YIELD RIGHT OF WAY,$10001 TO $25000,RIGHT ANGLE,EDISCOVERYPARKWAY,0,,2022-03-11 17:30:00,,,
MONROE SD,M22A18579,MONROE,CLEAR CREEK,BLOOMINGTON,1,,0,0,1,,ST RD 37,,,,,ST RD 37,,,,,N,,0.0,,39.03929914,-86.53586174,ST RD,,,,RURAL,N,N,N,,DARK (NOT LIGHTED),CLEAR,DRY,,NO JUNCTION INVOLVED,,ASPHALT,ANIMAL/OBJECT IN RDWAY,$2501 TO $5000,COLLISION WITH DEER,STATERD37,0,,2022-07-31 21:19:00,,,
MONROE SD,M22A2185,MONROE,BLOOMINGTON,BLOOMINGTON,1,,0,0,0,301,N COLLEGE AVE,,,,,N COLLEGE AVE,,,,,Y,,0.0,,39.16889773,-86.53546631,LOCAL/CITY RD,,,,URBAN,N,N,N,,DAYLIGHT,SNOW,DRY,,NO JUNCTION INVOLVED,,CONCRETE,FAILURE TO MAINTAIN LN,$1001 TO $2500,SAME DIRECTION SIDESWIPE,NCOLLEGEAVE,0,,2022-01-28 14:55:00,,,
BLOOMINGTON PD,B22-29989,MONROE,PERRY,BLOOMINGTON,2,,0,0,0,,W COUNTRY CLUB DR,,,,,W COUNTRY CLUB DR,B-LINE,,,,Y,,0.0,,39.13595534,-86.5350523,LOCAL/CITY RD,,,,URBAN,N,N,N,,DAYLIGHT,RAIN,WET,,TRAIL CROSSINGS,,ASPHALT,FOLLOWING TOO CLOSELY,$5001 TO $10000,REAR END,WCOUNTRYCLUBDRB-LINE,0,,2022-08-04 08:54:00,,,
MONROE SD,M22A19552,MONROE,BLOOMINGTON,BLOOMINGTON,1,,0,0,1,,ST RD 37,,,,,ST RD 37,,,,,N,,0.0,,39.04198018,-86.53598017,ST RD,,,,RURAL,N,N,N,,DARK (NOT LIGHTED),CLEAR,DRY,,NO JUNCTION INVOLVED,,ASPHALT,ANIMAL/OBJECT IN RDWAY,$10001 TO $25000,COLLISION WITH DEER,STATERD37,0,,2022-08-11 05:50:00,,,
MONROE SD,M22A7190,MONROE,,BLOOMINGTON,2,,2,0,0,,N CURRY PK,,,,,N CURRY PK,W VERNAL PK,,,,N,,0.0,,39.179165,-86.583074,LOCAL/CITY RD,,,,URBAN,N,N,N,,DAYLIGHT,CLEAR,DRY,,FOUR-WAY INTERSECTION,,ASPHALT,FAILURE TO YIELD RIGHT OF WAY,$10001 TO $25000,RIGHT ANGLE,WVERNALPKNCURRYPK,0,,2022-03-30 07:31:00,,,
MONROE SD,M22A16369,MONROE,CLEAR CREEK,BLOOMINGTON,1,,1,0,1,,S STRAIN RIDGE RD,,,,,S STRAIN RIDGE RD,E CHARLES WAY,,,,N,,0.0,,39.03908343,-86.5153735,LOCAL/CITY RD,,,,RURAL,N,N,N,,DAYLIGHT,RAIN,WET,,NO JUNCTION INVOLVED,,ASPHALT,ANIMAL/OBJECT IN RDWAY,$5001 TO $10000,RAN OFF RD,SSTRAINRIDGERDECHARLESWAY,0,,2022-07-08 14:03:00,,,
BLOOMINGTON PD,B22-38056,MONROE,PERRY,BLOOMINGTON,2,,0,0,0,,411 S WOODSCREST DR,,,,,S WOODSCREST DR,,,,,Y,,0.0,,0.0,0.0,PRIVATE DR,,,,URBAN,N,N,N,,DAYLIGHT,CLEAR,DRY,,NO JUNCTION INVOLVED,,ASPHALT,UNSAFE BACKING,$2501 TO $5000,BACKING CRASH,411S.WOODSCRESTDR,0,,2022-09-20 10:25:00,411.0,,
INDIANA UNIV BLOOMINGTON PD,223806,MONROE,BLOOMINGTON,BLOOMINGTON,1,,1,0,0,,S BALLANTINE RD,,,,,S BALLANTINE RD,E ATWATER AVE,,,,Y,,317.0,,39.16363346,-86.51909164,LOCAL/CITY RD,,,,URBAN,N,N,N,,DARK (NOT LIGHTED),CLEAR,DRY,,NO JUNCTION INVOLVED,,ASPHALT,DRIVER DISTRACTED - EXPLAIN IN NARRATIVE,UNDER $1001,OTHER - EXPLAIN IN NARRATIVE,SBALLANTINERDEATWATERAVE,1,,2022-10-07 22:10:00,,,True
INDIANA UNIV BLOOMINGTON PD,220926,MONROE,PERRY,BLOOMINGTON,2,,0,0,0,,S HIGHLAND AVE,,,,,S HIGHLAND AVE,E HUNTER AVE,,,,Y,,0.0,,39.16220785,-86.51771969,LOCAL/CITY RD,,,,URBAN,N,N,N,,DARK (LIGHTED),CLEAR,DRY,,FOUR-WAY INTERSECTION,,ASPHALT,DISREGARD SIGNAL/REG SIGN,$5001 TO $10000,RIGHT ANGLE,SHIGHLANDAVEEHUNTERAVE,0,,2022-03-10 02:40:00,,,
BLOOMINGTON PD,B22-25360,MONROE,BLOOMINGTON,BLOOMINGTON,1,,1,0,0,,3RD ST,,,,,3RD ST,HIGH ST,,,,Y,,0.0,,39.16427558,-86.50848189,,,,,URBAN,N,N,N,,DARK (LIGHTED),CLEAR,DRY,,T-INTERSECTION,,ASPHALT,DRIVER DISTRACTED - EXPLAIN IN NARRATIVE,$10001 TO $25000,RAN OFF RD,3RDSTHIGHST,0,,2022-07-04 22:00:00,,,
ISP BLOOMINGTON 33,2.022E+11,MONROE,PERRY,BLOOMINGTON,2,,0,0,0,,S ST RD 37,,,,,S ST RD 37,ST RD 37,,,,N,,0.0,,39.08544064,-86.54263446,COUNTY RD,,,,RURAL,N,N,N,,DARK (NOT LIGHTED),RAIN,WET,,FOUR-WAY INTERSECTION,,ASPHALT,FAILURE TO YIELD RIGHT OF WAY,$50001 TO $100000,LEFT TURN,STATERD37SOLDSTATERD37,0,,2022-03-22 19:34:00,,,
BLOOMINGTON PD,B22-12426,MONROE,BLOOMINGTON,BLOOMINGTON,2,,0,0,0,,300 N WALNUT,,,,,N WALNUT,,,,,Y,,0.0,,0.0,0.0,PRIVATE DR,,,,URBAN,N,N,N,,DARK (LIGHTED),CLEAR,DRY,,NO JUNCTION INVOLVED,,CONCRETE,UNSAFE SPEED,$2501 TO $5000,LEFT TURN,300NWALNUT,0,,2022-04-10 03:05:00,300.0,,
BLOOMINGTON PD,B22-14078,MONROE,PERRY,BLOOMINGTON,2,,0,0,0,,W COUNTRY CLUB DR,,,,,W COUNTRY CLUB DR,S BANTA AVE,,,,Y,,50.0,,39.13620905,-86.54452291,LOCAL/CITY RD,,,,URBAN,N,N,N,,DAYLIGHT,CLEAR,DRY,,NO JUNCTION INVOLVED,,ASPHALT,FOLLOWING TOO CLOSELY,$2501 TO $5000,REAR END,WCOUNTRYCLUBDRSBANTAAVE,0,,2022-04-21 16:50:00,,,
BLOOMINGTON PD,B22-21376,MONROE,PERRY,BLOOMINGTON,2,,0,0,0,,W TAPP RD,,,,,W TAPP RD,S ADAMS ST,,,,Y,,50.0,,39.13650281,-86.5533571,LOCAL/CITY RD,,,,URBAN,N,N,N,,DAYLIGHT,CLEAR,WET,,NO JUNCTION INVOLVED,,ASPHALT,FOLLOWING TOO CLOSELY,$1001 TO $2500,REAR END,WTAPPRDSADAMSST,0,,2022-06-08 16:44:00,,,
BLOOMINGTON PD,B22-33163,MONROE,PERRY,BLOOMINGTON,2,,0,0,0,,S SMITH RD,,,,,S SMITH RD,E MOORES PK,,,,Y,,0.0,,39.150206,-86.480449,LOCAL/CITY RD,,,,URBAN,N,N,N,,DAYLIGHT,CLEAR,DRY,,FOUR-WAY INTERSECTION,,ASPHALT,DISREGARD SIGNAL/REG SIGN,$10001 TO $25000,RIGHT ANGLE,S.SMITHRDEMOORESPK,0,,2022-08-23 11:36:00,,,
BLOOMINGTON PD,B22-42817,MONROE,RICHLAND,BLOOMINGTON,2,,0,0,0,3140,W WHITEHALL CROSSING BLVD,,,,,W WHITEHALL CROSSING BLVD,,,,,N,,0.0,,39.17253849,-86.57221448,PRIVATE DR,,,,RURAL,N,N,N,,DAYLIGHT,CLEAR,DRY,,NO JUNCTION INVOLVED,,CONCRETE,UNSAFE BACKING,$1001 TO $2500,BACKING CRASH,WWHITEHALLCROSSINGBLVD,0,,2022-10-16 15:40:00,,,
INDIANA UNIV BLOOMINGTON PD,221429,MONROE,BLOOMINGTON,BLOOMINGTON,1,,1,0,0,,E 7TH ST,,,,,E 7TH ST,N ROSE AVE,,,,Y,,0.0,,39.16812221,-86.51100344,LOCAL/CITY RD,,,,URBAN,N,N,N,,DAYLIGHT,CLEAR,DRY,,NO JUNCTION INVOLVED,,ASPHALT,FAILURE TO YIELD RIGHT OF WAY,$1001 TO $2500,SAME DIRECTION SIDESWIPE,NROSEAVEE7THST,1,,2022-04-15 11:15:00,,True,
ELLETTSVILLE PD,E22-04126,MONROE,RICHLAND,ELLETTSVILLE,2,,0,0,0,,ST RD 46,,,,,ST RD 46,N BRIAR GATE DR,,,,Y,,0.0,,39.21669437,-86.59660342,ST RD,,,,URBAN,N,N,N,,DAYLIGHT,CLEAR,DRY,,NO JUNCTION INVOLVED,,ASPHALT,IMPROPER LN USAGE,$2501 TO $5000,SAME DIRECTION SIDESWIPE,STATERD46NBRIARGATEDR,0,,2022-10-09 17:55:00,,,
BLOOMINGTON PD,B22-42123,MONROE,VAN BUREN,BLOOMINGTON,1,,0,0,0,,I-69 NP RAMP 117,,,,,I-69 NP RAMP 117,W BLOOMFIELD RD,,,,Y,,0.0,,0.0,0.0,INTERSTATE,,,,URBAN,N,N,N,,DAYLIGHT,RAIN,WET,,RAMP,,ASPHALT,SPEED TOO FAST FOR WEATHER CONDITIONS,$1001 TO $2500,RAN OFF RD,W.BLOOMFIELDRDI-69 NPRAMP117,0,,2022-10-12 08:15:00,,,
MONROE SD,M22A20943,MONROE,BLOOMINGTON,BLOOMINGTON,2,,0,0,0,,ST RD 46,,,,,ST RD 46,N CURRY PK,,,,N,,0.0,,39.19373679,-86.57142637,ST RD,,,,URBAN,N,Y,N,,DAYLIGHT,CLEAR,DRY,,FOUR-WAY INTERSECTION,,ASPHALT,FOLLOWING TOO CLOSELY,$2501 TO $5000,REAR END,STATERD46NCURRYPK,0,,2022-08-26 15:59:00,,,
BLOOMINGTON PD,B22-08705,MONROE,BLOOMINGTON,BLOOMINGTON,2,,0,0,0,,N KINSER PK,,,,,N KINSER PK,ST RD 46,,,,Y,,0.0,,39.18649299,-86.53776706,LOCAL/CITY RD,,,,URBAN,N,N,N,,DAYLIGHT,CLEAR,DRY,,FOUR-WAY INTERSECTION,,ASPHALT,FAILURE TO YIELD RIGHT OF WAY,$2501 TO $5000,RIGHT ANGLE,STATERD46NKINSERPK,0,,2022-03-15 18:20:00,,,
BLOOMINGTON PD,B22-23195,MONROE,BLOOMINGTON,BLOOMINGTON,2,,1,0,0,,N WALNUT ST,,,,,N WALNUT ST,E 7TH ST,,,,Y,,0.0,,,,LOCAL/CITY RD,,,,URBAN,N,N,N,,DAYLIGHT,CLEAR,DRY,,FOUR-WAY INTERSECTION,,ASPHALT,DISREGARD SIGNAL/REG SIGN,$5001 TO $10000,RIGHT ANGLE,N.WALNUTSTE7THST,0,,2022-06-21 09:52:00,,,
BLOOMINGTON PD,B22-06350,MONROE,PERRY,BLOOMINGTON,2,,2,0,0,,W 2ND ST ,,,,,W 2ND ST ,S WALKER ST ,,,,Y,,0.0,,,,LOCAL/CITY RD,,,,URBAN,N,N,N,,DAWN/DUSK,CLEAR,DRY,,FOUR-WAY INTERSECTION,,ASPHALT,DISREGARD SIGNAL/REG SIGN,$5001 TO $10000,RIGHT ANGLE,"W 2NDSTBLOOMINGTONINSWALKERSTBLOOMINGTON,IN",0,,2022-02-25 18:06:00,,,
MONROE SD,M22A14606,MONROE,VAN BUREN,BLOOMINGTON,1,,0,0,0,,S BREEDEN RD,,,,,S BREEDEN RD,,,,,N,,0.0,,39.07277907,-86.67371056,,,,,RURAL,N,N,N,,DAWN/DUSK,CLEAR,DRY,,NO JUNCTION INVOLVED,,ASPHALT,FAILURE TO MAINTAIN LN,$2501 TO $5000,NON-COLLISION,SBREEDENRD,0,,2022-06-21 05:13:00,,,
BLOOMINGTON PD,B22-33640,MONROE,PERRY,BLOOMINGTON,1,,1,0,0,,S SMITH RD,,,,,S SMITH RD,S FENBROOK LN,,,,Y,,0.0,,39.15446814,-86.48061507,LOCAL/CITY RD,,,,URBAN,N,N,N,,DAYLIGHT,CLEAR,DRY,,NO JUNCTION INVOLVED,,ASPHALT,DRIVER ASLEEP OR FATIGUED,$10001 TO $25000,RAN OFF RD,SSMITHRDSFENBROOKLN,0,,2022-08-25 18:59:00,,,
BLOOMINGTON PD,B22-28774,MONROE,BLOOMINGTON,BLOOMINGTON,2,,0,0,0,,W 3RD ST,,,,,W 3RD ST,S LIBERTY DR,,,,Y,,634.0,,39.16458447,-86.58054371,ST RD,,,,URBAN,N,Y,N,,DAYLIGHT,CLEAR,DRY,,NO JUNCTION INVOLVED,,ASPHALT,FAILURE TO YIELD RIGHT OF WAY,$1001 TO $2500,RIGHT ANGLE,W 3RDSTSLIBERTYDR,0,,2022-07-27 16:07:00,,,
INDIANA UNIV BLOOMINGTON PD,222735,MONROE,BLOOMINGTON,BLOOMINGTON,2,,0,0,0,,N WASHINGTON ST,,,,,N WASHINGTON ST,E 10TH ST,,,,Y,,0.0,,39.17166144,-86.53233237,LOCAL/CITY RD,,,,URBAN,N,N,N,,DAYLIGHT,CLEAR,DRY,,T-INTERSECTION,,ASPHALT,FAILURE TO YIELD RIGHT OF WAY,$2501 TO $5000,LEFT TURN,NWASHINGTONSTE 10THST,0,,2022-08-21 13:00:00,,,
BLOOMINGTON PD,B22-42372,MONROE,PERRY,BLOOMINGTON,2,,0,0,0,,S PATTERSON DR,,,,,S PATTERSON DR,W ALLEN ST,,,,Y,,150.0,,39.15550734,-86.54329133,LOCAL/CITY RD,,,,URBAN,N,N,N,,DAYLIGHT,CLEAR,DRY,,FOUR-WAY INTERSECTION,,ASPHALT,FOLLOWING TOO CLOSELY,$2501 TO $5000,REAR END,WALLENSTSPATTERSONDR,0,,2022-10-13 17:44:00,,,
BLOOMINGTON PD,B2205811,MONROE,BLOOMINGTON,BLOOMINGTON,1,,1,0,0,,I-69,,,,,I-69,,,118.5,,Y,,634.0,,39.16776453,-86.57248276,INTERSTATE,,,,URBAN,N,N,N,,DAYLIGHT,CLEAR,DRY,,NO JUNCTION INVOLVED,,ASPHALT,FAILURE TO MAINTAIN LN,$10001 TO $25000,RAN OFF RD,I-69118.5,0,,2022-02-21 13:50:00,,,
INDIANA UNIV BLOOMINGTON PD,222930,MONROE,BLOOMINGTON,BLOOMINGTON,2,,0,0,0,,E 10TH ST,,,,,E 10TH ST,N PETE LLIS DR.,,,,Y,,0.0,,39.17148111,-86.49537806,LOCAL/CITY RD,,,,URBAN,N,N,N,,DAYLIGHT,CLEAR,DRY,,FOUR-WAY INTERSECTION,,ASPHALT,FOLLOWING TOO CLOSELY,$5001 TO $10000,REAR END,N.PETEELLISDR.E 10THST,0,,2022-08-30 17:30:00,,,
ISP BLOOMINGTON 33,2022-00452045,MONROE,BLOOMINGTON,BLOOMINGTON,2,,0,0,0,,ST RD 46,,,,,ST RD 46,E 10TH ST,,,,Y,,0.0,,39.17204428,-86.50259494,,,,,URBAN,N,N,N,,DAYLIGHT,RAIN,WET,,FOUR-WAY INTERSECTION,,ASPHALT,FOLLOWING TOO CLOSELY,$1001 TO $2500,REAR END,STATERD46E 10THST,0,,2022-10-12 13:30:00,,,
BLOOMINGTON PD,B22-33018,MONROE,PERRY,BLOOMINGTON,2,,0,0,0,,E 1ST,,,,,E 1ST,S FESS AVE,,,,Y,,0.0,,39.15934374,-86.52597538,LOCAL/CITY RD,,,,URBAN,N,N,N,,DAYLIGHT,CLEAR,DRY,,FOUR-WAY INTERSECTION,,ASPHALT,FAILURE TO YIELD RIGHT OF WAY,$1001 TO $2500,RIGHT ANGLE,SFESSAVEE1STST,0,,2022-08-22 16:12:00,,,
MONROE SD,M22A24662,MONROE,VAN BUREN,BLOOMINGTON,2,,0,0,0,,W ST RD 45,,,,,W ST RD 45,INDUSTRIAL BLVD,,,,Y,,0.0,,39.14243979,-86.58010787,PRIVATE DR,,,,URBAN,N,N,N,,DAYLIGHT,CLEAR,DRY,,NO JUNCTION INVOLVED,,ASPHALT,UNSAFE BACKING,$1001 TO $2500,REAR TO REAR,WSTATERD45INDUSTRIALBLVD,0,,2022-10-07 15:52:00,,,
BLOOMINGTON PD,B22-15960,MONROE,BLOOMINGTON,BLOOMINGTON,1,,0,0,0,150,W 17TH ST,,,,,W 17TH ST,,,,,Y,,0.0,,39.17926563,-86.53387343,PRIVATE DR,,,,URBAN,N,N,N,,DARK (LIGHTED),CLOUDY,DRY,,FOUR-WAY INTERSECTION,,ASPHALT,OTHER (DRIVER) - EXPLAIN IN NARRATIVE,$2501 TO $5000,RAN OFF RD,W17THST,0,,2022-05-02 23:30:00,,,
ELLETTSVILLE PD,E22-01574,MONROE,RICHLAND,ELLETTSVILLE,2,,0,0,0,,EDGEWOOD DR,,,,,EDGEWOOD DR,,,,,Y,,0.0,,39.23621535,-86.63246162,PRIVATE DR,,,,URBAN,Y,N,N,,DAYLIGHT,CLEAR,DRY,,NO JUNCTION INVOLVED,,ASPHALT,OTHER (DRIVER) - EXPLAIN IN NARRATIVE,$2501 TO $5000,OPPOSITE DIRECTION SIDESWIPE,EDGEWOODDR,0,,2022-04-28 07:20:00,,,
ELLETTSVILLE PD,E22-04102,MONROE,RICHLAND,ELLETTSVILLE,2,,0,0,0,,E TEMPERANCE ST,,,,,E TEMPERANCE ST,FIRST,,,,Y,,50.0,,39.23082433,-86.62050987,LOCAL/CITY RD,,,,URBAN,N,N,N,,DAYLIGHT,CLEAR,DRY,,FOUR-WAY INTERSECTION,,ASPHALT,FAILURE TO YIELD RIGHT OF WAY,$1001 TO $2500,RIGHT ANGLE,FIRSTSTETEMPERANCEST,0,,2022-10-08 11:31:00,,,
MONROE SD,M22A17015,MONROE,BLOOMINGTON,BLOOMINGTON,1,,0,0,0,,N LOESCH RD,,,,,N LOESCH RD,,,,,N,,0.0,,39.19116396,-86.59260513,LOCAL/CITY RD,,,,RURAL,N,N,N,,DAYLIGHT,CLOUDY,DRY,,NO JUNCTION INVOLVED,,ASPHALT,FAILURE TO MAINTAIN LN,$1001 TO $2500,RAN OFF RD,NLOESCHRD,0,,2022-07-15 17:30:00,,,
INDIANA UNIV BLOOMINGTON PD,221765,MONROE,BLOOMINGTON,BLOOMINGTON,2,,0,0,0,,E LINGELBACH LN,,,,,E LINGELBACH LN,N UNION ST,,,,Y,,0.0,,39.17660609,-86.50801546,LOCAL/CITY RD,,,,URBAN,N,N,N,,DAYLIGHT,CLEAR,DRY,,NO JUNCTION INVOLVED,,ASPHALT,IMPROPER PASSING,$2501 TO $5000,SAME DIRECTION SIDESWIPE,N.UNIONSTELINGELBACHLN,0,,2022-05-05 09:30:00,,,
BLOOMINGTON PD,B22-39304,MONROE,PERRY,BLOOMINGTON,2,,0,0,0,,S STRONG DR,,,,,S STRONG DR,W ALLEN DR,,,,Y,,1500.0,,39.15135847,-86.54548554,LOCAL/CITY RD,,,,URBAN,N,N,N,,DAYLIGHT,CLEAR,DRY,,NO JUNCTION INVOLVED,,ASPHALT,OVERCORRECTING/OVERSTEERING,$1001 TO $2500,SAME DIRECTION SIDESWIPE,WALLENDRSSTRONGDR,0,,2022-09-27 13:41:00,,,
BLOOMINGTON PD,B22-39739,MONROE,PERRY,BLOOMINGTON,2,,0,0,0,,S WOODSCREST DR,,,,,S WOODSCREST DR,E 2ND ST,,,,Y,,0.0,,39.16097437,-86.50248798,LOCAL/CITY RD,,,,URBAN,N,N,N,,DAYLIGHT,CLEAR,DRY,,FOUR-WAY INTERSECTION,,ASPHALT,UNSAFE BACKING,$1001 TO $2500,BACKING CRASH,SWOODSCRESTDRE 2NDST,0,,2022-09-29 10:25:00,,,
MONROE SD,M22A10239,MONROE,BENTON,BLOOMINGTON,2,,0,0,0,,N MT GILEAD RD,,,,,N MT GILEAD RD,E BOSHEARS RD,,,,N,,0.0,,39.185875,-86.462891,LOCAL/CITY RD,,,,RURAL,N,N,N,,DAYLIGHT,CLEAR,DRY,,NO JUNCTION INVOLVED,,ASPHALT,LEFT OF CENTER,$10001 TO $25000,OPPOSITE DIRECTION SIDESWIPE,NMTGILEADRDEBOSHEARSRD,0,,2022-05-05 11:37:00,,,
ISP BLOOMINGTON 33,2.022E+11,MONROE,PERRY,BLOOMINGTON,2,,1,0,0,,ST RD 37,,,,,ST RD 37,W DILLMAN RD,,,,N,,0.0,,39.09295338,-86.54606533,ST RD,,,,RURAL,N,N,N,,DAYLIGHT,CLEAR,DRY,,FOUR-WAY INTERSECTION,,ASPHALT,FAILURE TO YIELD RIGHT OF WAY,$25001 TO $50000,RIGHT ANGLE,WDILLMANRDST RD 37,0,,2022-02-18 07:50:00,,,
MONROE SD,M22A8974,MONROE,RICHLAND,BLOOMINGTON,1,,0,0,0,,W ST RD 48,,,,,W ST RD 48,,,,,N,,0.0,,39.16845648,-86.67000597,,,,,RURAL,N,N,N,,DAYLIGHT,RAIN,WET,,NO JUNCTION INVOLVED,,ASPHALT,SPEED TOO FAST FOR WEATHER CONDITIONS,$2501 TO $5000,RAN OFF RD,WSTATERD48,0,,2022-04-21 10:12:00,,,
BLOOMINGTON PD,B22-26454,MONROE,BLOOMINGTON,BLOOMINGTON,1,,0,0,0,,I-69 NB,,,,,I-69 NB,ST RD 45/46 BYPASS,,,,Y,,0.0,,39.18513468,-86.55528135,INTERSTATE,,,,URBAN,N,N,N,,DAYLIGHT,CLEAR,DRY,,RAMP,,ASPHALT,OVERCORRECTING/OVERSTEERING,$5001 TO $10000,RAN OFF RD,STATERD45/46BYPASSI-69 NB,0,,2022-07-11 17:16:00,,,
BLOOMINGTON PD,B22-06339,MONROE,PERRY,BLOOMINGTON,2,,0,0,0,,E 2ND ST,,,,,E 2ND ST,S HENDERSON ST,,,,Y,,0.0,,39.16136003,-86.52757592,LOCAL/CITY RD,,,,URBAN,N,N,N,,DAYLIGHT,CLOUDY,DRY,,NO JUNCTION INVOLVED,,ASPHALT,IMPROPER TURNING,$2501 TO $5000,SAME DIRECTION SIDESWIPE,SHENDERSONSTE 2NDST,0,,2022-02-25 16:52:00,,,
BLOOMINGTON PD,B22-06492,MONROE,PERRY,BLOOMINGTON,2,,0,0,0,,S WINFIELD RD,,,,,S WINFIELD RD,E MOORES PK,,,,Y,,0.0,,39.15041928,-86.50085977,,,,,URBAN,N,N,N,,DARK (LIGHTED),CLEAR,DRY,,TRAFFIC CIRCLE/ROUNDABOUT,,ASPHALT,FAILURE TO YIELD RIGHT OF WAY,$5001 TO $10000,RIGHT TURN,SWINFIELDRDEMOORESPK,0,,2022-02-26 21:45:00,,,
BLOOMINGTON PD,B22-31697,MONROE,VAN BUREN,BLOOMINGTON,2,,0,0,0,,W ST RD 45,,,,,W ST RD 45,INDUSTRIAL BLVD,,,,Y,,0.0,,39.143608,-86.58030374,ST RD,,,,URBAN,N,N,N,,DAYLIGHT,CLEAR,DRY,,FOUR-WAY INTERSECTION,,ASPHALT,IMPROPER LN USAGE,$1001 TO $2500,SAME DIRECTION SIDESWIPE,WSTATERD45INDUSTRIALBLVD,0,,2022-08-15 14:50:00,,,
MONROE SD,M22A1952,MONROE,VAN BUREN,BLOOMINGTON,2,,0,0,0,,I-69,,,,,I-69,,,,,N,,845.0,,39.13423474,-86.57267279,COUNTY RD,,,,URBAN,N,N,N,,DAYLIGHT,CLEAR,DRY,,TRAFFIC CIRCLE/ROUNDABOUT,,ASPHALT,FAILURE TO YIELD RIGHT OF WAY,$2501 TO $5000,RIGHT ANGLE,I-69,0,,2022-01-26 04:00:00,,,
BLOOMINGTON PD,B22-22225,MONROE,VAN BUREN,BLOOMINGTON,2,,0,0,0,,S LIBERTY DR,,,,,S LIBERTY DR,W 3RD ST,,,,Y,,1000.0,,,,LOCAL/CITY RD,,,,URBAN,N,N,N,,DAYLIGHT,CLEAR,DRY,,T-INTERSECTION,,ASPHALT,FAILURE TO YIELD RIGHT OF WAY,$5001 TO $10000,RIGHT ANGLE,W.3RDSTS.LIBERTYDR,0,,2022-06-14 11:06:00,,,
INDIANA UNIV BLOOMINGTON PD,220312,MONROE,BLOOMINGTON,BLOOMINGTON,1,,0,0,0,,N INDIANA AVE,,,,,N INDIANA AVE,E 11TH ST,,,,Y,,0.0,,39.17334655,-86.52689429,LOCAL/CITY RD,,,,URBAN,N,N,N,,DAYLIGHT,SNOW,SNOW/SLUSH,,FOUR-WAY INTERSECTION,,ASPHALT,RDWAY SURFACE CONDITION,$10001 TO $25000,LEFT TURN,NINDIANAAVEE11THST,0,,2022-01-28 14:30:00,,,
BLOOMINGTON PD,B22-03156,MONROE,BLOOMINGTON,BLOOMINGTON,2,,0,0,0,,W 17TH ST,,,,,W 17TH ST,W ARLINGTON RD,,,,Y,,581.0,,39.17905957,-86.54584355,LOCAL/CITY RD,,,,URBAN,N,N,N,,DAYLIGHT,SNOW,SNOW/SLUSH,,T-INTERSECTION,,ASPHALT,FAILURE TO YIELD RIGHT OF WAY,$2501 TO $5000,RIGHT ANGLE,WARLINGTONRDW17THST,0,,2022-01-28 04:46:00,,,