Agency,Local Code,County,Township,City,Vehicles Involved,Trailers Involved,Number Injured,Number Dead,Number Deer,House Number,Roadway Name,Roadway Suffix,Roadway Number,Roadway Interchange,Roadway Ramp,Roadway Id,Intersecting Road,Intersecting Road Number,Mile Marker,Interchange,Corporate Limits?,Property Type,Feet From,Direction,Latitude,Longitude,Roadway Class,Traffic Control Devices?,Aggressive Driving?,Hit and Run?,Locality,School Zone?,Rumble Strips?,Construction?,Construction Type,Light Condition,Weather Conditions,Surface Condition,Type of Median,Roadway Junction Type,Road Character,Roadway Surface,Primary Factor,Damage Estimate,Manner of Collision,Unique Location Id,State Property Damage?,Traffic Control,DateTime,Address Number,Cyclist Involved,Pedestrian Involved
ISP BLOOMINGTON 33,2.022E+11,MONROE,VAN BUREN,BLOOMINGTON,1,,0,0,1,,I-69,,,,,I-69,,,111.3,,N,,0.0,,39.07664609,-86.58677907,INTERSTATE,,,,RURAL,N,N,N,,DAYLIGHT,CLEAR,DRY,,NO JUNCTION INVOLVED,,CONCRETE,ANIMAL/OBJECT IN RDWAY,$10001 TO $25000,RIGHT ANGLE,I-69111.3,0,,2022-04-22 16:51:00,,,
BLOOMINGTON PD,B22-02860,MONROE,BLOOMINGTON,BLOOMINGTON,2,,0,0,0,,1348 N ARLINGTON PARK DR,,,,,N ARLINGTON PARK DR,,,,,Y,,0.0,,39.18032647,-86.55249901,LOCAL/CITY RD,,,,RURAL,N,N,N,,DAYLIGHT,CLEAR,DRY,,NO JUNCTION INVOLVED,,CONCRETE,UNSAFE BACKING,$1001 TO $2500,BACKING CRASH,1348NARLINGTONPARKDR,0,,2022-01-26 03:00:00,1348.0,,
BLOOMINGTON PD,B22-40488,MONROE,PERRY,BLOOMINGTON,2,,1,0,0,,S COLLEGE MALL RD,,,,,S COLLEGE MALL RD,E MOORES PK,,,,Y,,0.0,,39.1517826,-86.4977992,LOCAL/CITY RD,,,,URBAN,N,N,N,,DAYLIGHT,CLEAR,DRY,,NO JUNCTION INVOLVED,,ASPHALT,FAILURE TO YIELD RIGHT OF WAY,$10001 TO $25000,LEFT/RIGHT TURN,SCOLLEGEMALLRDEMOORESPK,0,,2022-10-03 15:16:00,,,
ISP BLOOMINGTON 33,2022-00264055,MONROE,BLOOMINGTON,BLOOMINGTON,2,,2,0,0,,I-69,,,,,I-69,,,121.0,,N,,1056.0,,39.21016059,-86.5540985,INTERSTATE,,,,RURAL,N,N,N,,DAYLIGHT,CLEAR,DRY,,NO JUNCTION INVOLVED,,CONCRETE,OTHER (DRIVER) - EXPLAIN IN NARRATIVE,$10001 TO $25000,,I-69121,0,,2022-06-13 10:44:00,,,
BLOOMINGTON PD,B22-08169,MONROE,PERRY,BLOOMINGTON,2,,0,0,0,,S WEIMER RD,,,,,S WEIMER RD,W TAPP RD,,,,Y,,0.0,,39.13663386,-86.56198652,LOCAL/CITY RD,,,,URBAN,N,N,N,,DAYLIGHT,SNOW,WET,,T-INTERSECTION,,ASPHALT,UNSAFE BACKING,$2501 TO $5000,BACKING CRASH,WTAPPRDSWEIMERRD,0,,2022-03-11 16:16:00,,,
BLOOMINGTON PD,B22-34138,MONROE,PERRY,BLOOMINGTON,2,,0,0,0,,E GRIMES LN,,,,,E GRIMES LN,S WALNUT ST,,,,Y,,0.0,,39.15335466,-86.53368286,LOCAL/CITY RD,,,,URBAN,N,N,N,,DAYLIGHT,CLEAR,DRY,,NO JUNCTION INVOLVED,,ASPHALT,FAILURE TO YIELD RIGHT OF WAY,$1001 TO $2500,RIGHT ANGLE,SWALNUTSTEGRIMESLN,0,,2022-08-28 10:57:00,,,
BLOOMINGTON PD,B22-12022,MONROE,BLOOMINGTON,BLOOMINGTON,2,,0,0,0,,N COLLEGE AVE,,,,,N COLLEGE AVE,W 17TH ST,,,,Y,,0.0,,39.17902907,-86.53470702,LOCAL/CITY RD,,,,URBAN,N,N,N,,DAYLIGHT,CLOUDY,DRY,,FIVE POINT OR MORE,,ASPHALT,DISREGARD SIGNAL/REG SIGN,$5001 TO $10000,RIGHT ANGLE,W17THSTNCOLLEGEAVE,0,,2022-04-07 14:12:00,,,
BLOOMINGTON PD,B22-15247,MONROE,PERRY,BLOOMINGTON,2,,0,0,0,,2748 E 3RD ST,,,,,E 3RD ST,,,,,Y,,0.0,,0.0,0.0,PRIVATE DR,,,,URBAN,N,N,N,,DAYLIGHT,CLEAR,DRY,,NO JUNCTION INVOLVED,,ASPHALT,UNSAFE BACKING,$2501 TO $5000,BACKING CRASH,2748E 3RDST,0,,2022-04-28 08:04:00,2748.0,,
MONROE SD,M22A9746,MONROE,PERRY,BLOOMINGTON,2,,0,0,0,,W DILLMAN RD,,,,,W DILLMAN RD,S ST RD 37,,,,N,,0.0,,39.09310479,-86.54579374,LOCAL/CITY RD,,,,URBAN,N,N,N,,DAYLIGHT,CLOUDY,DRY,,FOUR-WAY INTERSECTION,,ASPHALT,HOLES/RUTS IN SURFACE,$10001 TO $25000,REAR TO REAR,WDILLMANRDSTRD37S,0,,2022-04-29 14:00:00,,,
BLOOMINGTON PD,B22-26694,MONROE,BLOOMINGTON,BLOOMINGTON,1,,0,0,0,,N MADISON ST,,,,,N MADISON ST,W 17TH ST,,,,Y,,0.0,,39.17880942,-86.53773062,LOCAL/CITY RD,,,,URBAN,N,N,Y,WORK ON SHOULDER,DAYLIGHT,CLEAR,DRY,,FOUR-WAY INTERSECTION,,ASPHALT,ANIMAL/OBJECT IN RDWAY,$1001 TO $2500,COLLISION WITH OBJECT IN RD,W17THSTNMADISONST,0,,2022-07-13 07:30:00,,,
MONROE SD,M22A20993,MONROE,CLEAR CREEK,BLOOMINGTON,2,,0,0,0,,S ST RD 37,,,,,S ST RD 37,W SMITHVILLE RD,,,,N,,0.0,,39.07101752,-86.53645886,ST RD,,,,RURAL,N,N,N,,DAYLIGHT,CLEAR,DRY,,FOUR-WAY INTERSECTION,,ASPHALT,FAILURE TO YIELD RIGHT OF WAY,$2501 TO $5000,RIGHT ANGLE,WSMITHVILLERDSSTATERD37,0,,2022-08-27 07:42:00,,,
INDIANA UNIV BLOOMINGTON PD,221326,MONROE,BLOOMINGTON,BLOOMINGTON,2,,0,0,0,,E ATWATER AVE,,,,,E ATWATER AVE,S FESS AVE,,,,Y,,0.0,,39.16311695,-86.52583275,LOCAL/CITY RD,,,,URBAN,N,N,N,,DARK (NOT LIGHTED),RAIN,WET,,NO JUNCTION INVOLVED,,ASPHALT,UNSAFE LN MOVEMENT,UNDER $1001,SAME DIRECTION SIDESWIPE,SFESSAVEEATWATERAVE,0,,2022-04-09 02:10:00,,,
ISP BLOOMINGTON 33,2.022E+11,MONROE,BLOOMINGTON,BLOOMINGTON,2,,0,0,0,,N CURRY PK,,,,,N CURRY PK,ST RD 46,,,,Y,,0.0,,39.19333378,-86.57221789,LOCAL/CITY RD,,,,URBAN,N,N,Y,LN CLOSURE,DAYLIGHT,RAIN,WET,,FOUR-WAY INTERSECTION,,ASPHALT,FAILURE TO YIELD RIGHT OF WAY,$1001 TO $2500,REAR END,STATERD46NCURRYPK,0,,2022-07-08 12:40:00,,,
BLOOMINGTON PD,B22-26849,MONROE,RICHLAND,BLOOMINGTON,2,,0,0,0,,N GATES DR,,,,,N GATES DR,W JACOBS DR,,,,Y,,0.0,,39.16561219,-86.57594398,LOCAL/CITY RD,,,,URBAN,N,N,N,,DAYLIGHT,CLEAR,DRY,,Y-INTERSECTION,,ASPHALT,FAILURE TO YIELD RIGHT OF WAY,$5001 TO $10000,RIGHT ANGLE,WJACOBSDRNGATESDR,0,,2022-07-14 09:37:00,,,
BLOOMINGTON PD,B22-12888,MONROE,,BLOOMINGTON,2,,2,0,0,,S HIGHLAND AVE,,,,,S HIGHLAND AVE,E HUNTER AVE,,,,Y,,0.0,,39.162191,-86.517714,LOCAL/CITY RD,,,,URBAN,N,N,N,,DAYLIGHT,RAIN,WET,,FOUR-WAY INTERSECTION,,ASPHALT,DISREGARD SIGNAL/REG SIGN,$10001 TO $25000,RIGHT ANGLE,S.HIGHLANDAVEEHUNTERAVE,0,,2022-04-13 12:53:00,,,
INDIANA UNIV BLOOMINGTON PD,221484,MONROE,BLOOMINGTON,BLOOMINGTON,2,,0,0,0,,N EAGLESON AVE,,,,,N EAGLESON AVE,E 10TH ST,,,,Y,,211.0,,39.17121491,-86.51568072,LOCAL/CITY RD,,,,URBAN,N,N,N,,DAYLIGHT,CLEAR,DRY,,FOUR-WAY INTERSECTION,,ASPHALT,FAILURE TO YIELD RIGHT OF WAY,$1001 TO $2500,LEFT TURN,NEAGLESON AVEAVEE 10THST,0,,2022-04-19 18:40:00,,,
BLOOMINGTON PD,B22-42627,MONROE,PERRY,BLOOMINGTON,2,,1,0,0,,W 2ND ST,,,,,W 2ND ST,B-LINE TRL,,,,Y,,106.0,,39.16144177,-86.53594381,LOCAL/CITY RD,,,,URBAN,N,N,N,,DAYLIGHT,CLEAR,DRY,,NO JUNCTION INVOLVED,,ASPHALT,FOLLOWING TOO CLOSELY,UNDER $1001,REAR END,W 2NDSTB-LINETRL,0,,2022-10-15 12:13:00,,,
MONROE SD,M22A24706,MONROE,CLEAR CREEK,HARRODSBURG,1,,1,0,0,,S ST RD 37,,,,,S ST RD 37,,,,,N,,0.0,,39.02586579,-86.54030602,ST RD,,,,URBAN,N,N,N,,DARK (NOT LIGHTED),CLEAR,DRY,,NO JUNCTION INVOLVED,,ASPHALT,OTHER (DRIVER) - EXPLAIN IN NARRATIVE,$25001 TO $50000,RAN OFF RD,SOLDSTATERD37,0,,2022-10-08 04:30:00,,,
MONROE SD,M22A21176,MONROE,VAN BUREN,BLOOMINGTON,1,,0,0,0,,S GARRISON CHAPEL RD,,,,,S GARRISON CHAPEL RD,,,,,N,,0.0,,39.16360538,-86.64986677,,,,,RURAL,N,N,N,,DAYLIGHT,CLEAR,DRY,,NO JUNCTION INVOLVED,,ASPHALT,STEERING FAILURE,$5001 TO $10000,RAN OFF RD,SGARRISONCHAPELRD,0,,2022-08-29 11:30:00,,,
BLOOMINGTON PD,B22-18215,MONROE,PERRY,BLOOMINGTON,2,,0,0,0,,E MOORES PK,,,,,E MOORES PK,S SARE RD,,,,Y,,0.0,,39.15046519,-86.49823792,PRIVATE DR,,,,URBAN,N,N,N,,DAYLIGHT,CLOUDY,DRY,,FOUR-WAY INTERSECTION,,ASPHALT,FOLLOWING TOO CLOSELY,$1001 TO $2500,REAR END,SSARERDEMOORESPK,0,,2022-05-18 13:46:00,,,
BLOOMINGTON PD,B22-08288,MONROE,BLOOMINGTON,BLOOMINGTON,1,,0,0,0,,I-69,,,,,I-69,W 3RD ST,,,,Y,,792.0,,39.17102989,-86.57025683,INTERSTATE,,,,URBAN,N,N,N,,DAYLIGHT,CLEAR,DRY,,NO JUNCTION INVOLVED,,ASPHALT,OTHER (DRIVER) - EXPLAIN IN NARRATIVE,$2501 TO $5000,COLLISION WITH OBJECT IN RD,W 3RDSTI-69,0,,2022-03-12 13:24:00,,,
MONROE SD,M22A13493,MONROE,PERRY,BLOOMINGTON,2,,0,0,0,,S ST RD 37,,,,,S ST RD 37,E RHORER RD,,,,N,,0.0,,39.12139314,-86.53131786,LOCAL/CITY RD,,,,RURAL,N,N,N,,DAYLIGHT,CLEAR,DRY,,FOUR-WAY INTERSECTION,,ASPHALT,FAILURE TO YIELD RIGHT OF WAY,$5001 TO $10000,SAME DIRECTION SIDESWIPE,SOLDSTATERD37ERHORERRD,0,,2022-06-08 17:39:00,,,
ISP BLOOMINGTON 33,2.022E+11,MONROE,PERRY,BLOOMINGTON,1,,0,0,1,,I-69,,,,,I-69,,,111.5,,N,,0.0,,39.07860221,-86.58311107,INTERSTATE,,,,RURAL,N,N,N,,DAYLIGHT,CLEAR,DRY,,NO JUNCTION INVOLVED,,CONCRETE,ANIMAL/OBJECT IN RDWAY,$10001 TO $25000,COLLISION WITH DEER,I-69111.5,0,,2022-07-21 10:31:00,,,
MONROE SD,M22A25202,MONROE,VAN BUREN,BLOOMINGTON,1,,0,0,0,,W FOSTER CURRY RD,,,,,W FOSTER CURRY RD,S KIRBY RD,,,,N,,370.0,,39.13971859,-86.60947503,LOCAL/CITY RD,,,,RURAL,N,N,N,,DARK (LIGHTED),CLEAR,DRY,,NO JUNCTION INVOLVED,,ASPHALT,OTHER (DRIVER) - EXPLAIN IN NARRATIVE,$2501 TO $5000,RAN OFF RD,WFOSTERCURRYRDSKIRBYRD,0,,2022-10-14 00:00:00,,,
MONROE SD,M22A25106,MONROE,SALT CREEK,BLOOMINGTON,1,,0,0,1,,ST RD 46,,,,,ST RD 46,,,,,N,,0.0,,39.16472006,-86.45002074,,,,,RURAL,N,N,N,,DARK (NOT LIGHTED),CLEAR,WET,,NO JUNCTION INVOLVED,,ASPHALT,ANIMAL/OBJECT IN RDWAY,$1001 TO $2500,COLLISION WITH ANIMAL OTHER,STATERD46,0,,2022-10-12 20:41:00,,,
BLOOMINGTON PD,B22-25045,MONROE,PERRY,BLOOMINGTON,2,,1,0,0,,S ROGERS ST,,,,,S ROGERS ST,W COUNTRY CLUB DR,,,,Y,,0.0,,39.13608864,-86.53828583,LOCAL/CITY RD,,,,URBAN,N,N,N,,DAYLIGHT,CLEAR,DRY,,FOUR-WAY INTERSECTION,,ASPHALT,DISREGARD SIGNAL/REG SIGN,$5001 TO $10000,RIGHT ANGLE,WCOUNTRYCLUBDRSROGERSST,0,,2022-07-02 15:09:00,,,
BLOOMINGTON PD,B22-09719,MONROE,BLOOMINGTON,BLOOMINGTON,2,,0,0,0,,N INDIANA AVE,,,,,N INDIANA AVE,E 8TH ST,,,,Y,,0.0,,39.16950992,-86.52697153,LOCAL/CITY RD,,,,URBAN,N,N,N,,DAYLIGHT,RAIN,WET,,FOUR-WAY INTERSECTION,,ASPHALT,FAILURE TO YIELD RIGHT OF WAY,$2501 TO $5000,RIGHT ANGLE,NINDIANAAVEE8THST,0,,2022-03-22 18:04:00,,,
ELLETTSVILLE PD,E22-03171,MONROE,RICHLAND,ELLETTSVILLE,2,,0,0,0,,N SALE ST,,,,,N SALE ST,ST RD 46,,,,Y,,150.0,,0.0,0.0,LOCAL/CITY RD,,,,URBAN,N,N,N,,DAYLIGHT,CLEAR,DRY,,NO JUNCTION INVOLVED,,ASPHALT,FOLLOWING TOO CLOSELY,$50001 TO $100000,REAR END,STATERD46NSALEST,0,,2022-08-22 15:20:00,,,
BLOOMINGTON PD,B22-28188,MONROE,BLOOMINGTON,BLOOMINGTON,2,,0,0,0,,S LIBERTY DR,,,,,S LIBERTY DR,S HICKORY LEAF DR,,,,Y,,0.0,,39.14506087,-86.57774395,ST RD,,,,URBAN,N,N,N,,DAYLIGHT,CLEAR,DRY,,FOUR-WAY INTERSECTION,,ASPHALT,FAILURE TO YIELD RIGHT OF WAY,$1001 TO $2500,LEFT/RIGHT TURN,SLIBERTYDRSHICKORYLEAFDR,0,,2022-07-22 18:07:00,,,
ELLETTSVILLE PD,E2201745,MONROE,RICHLAND,ELLETTSVILLE,2,0.0,0,0,0,,,,ST RD 46 W,,,ST RD 46 W,LOVE,,,,Y,,100.0,E,39.21898572,-86.60202298,ST RD,,N,N,URBAN,N,N,N,,DAYLIGHT,CLEAR,DRY,,NO JUNCTION INVOLVED,STRAIGHT/LEVEL,ASPHALT,FAILURE TO YIELD RIGHT OF WAY,$25001 TO $50000,RIGHT ANGLE,LOVELNST RD 46 W,0,NONE,2022-05-09 14:32:00,,,
BLOOMINGTON PD,B22-09904,MONROE,PERRY,BLOOMINGTON,2,,0,0,0,,404 S WASHINGTON ST,,,,,S WASHINGTON ST,,,,,Y,,0.0,,39.16240104,-86.5323804,PRIVATE DR,,,,URBAN,N,N,N,,DAYLIGHT,CLOUDY,DRY,,NO JUNCTION INVOLVED,,CONCRETE,IMPROPER TURNING,$1001 TO $2500,SAME DIRECTION SIDESWIPE,404SWASHINGTONST,0,,2022-03-23 18:30:00,404.0,,
BLOOMINGTON PD,B22-06152,MONROE,BLOOMINGTON,BLOOMINGTON,1,,0,0,0,,W 3RD ST,,,,,W 3RD ST,W BENHAM LN,,,,Y,,0.0,,39.16453605,-86.56218717,LOCAL/CITY RD,,,,URBAN,N,N,N,,DARK (LIGHTED),CLOUDY,ICE,,NO JUNCTION INVOLVED,,ASPHALT,RDWAY SURFACE CONDITION,$5001 TO $10000,RAN OFF RD,WBENHAMLNW 3RDST,0,,2022-02-24 06:30:00,,,
BLOOMINGTON PD,B22-42861,MONROE,BLOOMINGTON,BLOOMINGTON,2,,0,0,0,,E 3RD ST,,,,,E 3RD ST,S PARK RIDGE RD,,,,Y,,950.0,,39.1642611,-86.47844484,LOCAL/CITY RD,,,,URBAN,N,N,N,,DARK (NOT LIGHTED),CLEAR,DRY,,NO JUNCTION INVOLVED,,ASPHALT,FOLLOWING TOO CLOSELY,$5001 TO $10000,REAR END,SPARKRIDGERDE 3RDST,0,,2022-10-16 19:23:00,,,
BLOOMINGTON PD,B22-32998,MONROE,BLOOMINGTON,BLOOMINGTON,1,,0,0,0,,N WALNUT ST,,,,,N WALNUT ST,E 8TH ST,,,,Y,,0.0,,39.16905887,-86.53357921,,,,,URBAN,N,N,N,,DARK (LIGHTED),CLEAR,DRY,,NO JUNCTION INVOLVED,,CONCRETE,OTHER (DRIVER) - EXPLAIN IN NARRATIVE,$1001 TO $2500,OPPOSITE DIRECTION SIDESWIPE,NWALNUTSTE8THST,0,,2022-08-22 13:00:00,,,
BLOOMINGTON PD,B22-08477,MONROE,BLOOMINGTON,BLOOMINGTON,2,,0,0,0,,W ARLINGTON VALLEY DR,,,,,W ARLINGTON VALLEY DR,N MERIDIAN DR,,,,Y,,0.0,,39.18311698,-86.54289044,LOCAL/CITY RD,,,,URBAN,N,N,N,,DAWN/DUSK,CLEAR,DRY,,NO JUNCTION INVOLVED,,ASPHALT,IMPROPER LN USAGE,$2501 TO $5000,SAME DIRECTION SIDESWIPE,WARLINGTONVALLEYDRNMERIDIANDR,0,,2022-03-13 20:30:00,,,
BLOOMINGTON PD,B22-28126,MONROE,RICHLAND,BLOOMINGTON,2,,0,0,0,,I-69 S,,,,,I-69 S,W 3RD ST,,,,Y,,0.0,,39.16501803,-86.57383444,LOCAL/CITY RD,,,,URBAN,N,N,N,,DAYLIGHT,CLEAR,DRY,,FIVE POINT OR MORE,,ASPHALT,FOLLOWING TOO CLOSELY,$5001 TO $10000,REAR END,W 3RDSTI-69S,0,,2022-07-22 12:07:00,,,
BLOOMINGTON PD,B22-41759,MONROE,,BLOOMINGTON,2,,0,0,0,,PETE LLIS,,,,,PETE LLIS,BRAESIDE DR,,,,Y,,0.0,,39.168396,-86.495061,LOCAL/CITY RD,,,,URBAN,N,N,Y,WORK ON SHOULDER,DAYLIGHT,CLEAR,DRY,,T-INTERSECTION,,ASPHALT,UNSAFE BACKING,$1001 TO $2500,BACKING CRASH,PETEELLISBRAESIDEDR,0,,2022-10-10 08:36:00,,,
ISP BLOOMINGTON 33,2.022E+11,MONROE,VAN BUREN,BLOOMINGTON,2,,0,0,0,,ST RD 48,,,,,ST RD 48,N GATES DR,,,,N,,0.0,,39.16461623,-86.57607296,ST RD,,,,URBAN,N,N,N,,DAYLIGHT,CLEAR,DRY,,NO JUNCTION INVOLVED,,ASPHALT,UNSAFE LN MOVEMENT,$2501 TO $5000,SAME DIRECTION SIDESWIPE,ST RD 48NGATESDR,0,,2022-05-10 11:47:00,,,
MONROE SD,M22A20165,MONROE,RICHLAND,BLOOMINGTON,2,,0,0,0,,N CURRY PK,,,,,N CURRY PK,W VERNAL PK,,,,N,,0.0,,39.17916967,-86.58306536,LOCAL/CITY RD,,,,RURAL,N,N,N,,DAYLIGHT,CLEAR,DRY,,FOUR-WAY INTERSECTION,,ASPHALT,FAILURE TO YIELD RIGHT OF WAY,$10001 TO $25000,RIGHT ANGLE,WVERNALPKNCURRYPK,0,,2022-08-17 17:26:00,,,
INDIANA UNIV BLOOMINGTON PD,221282,MONROE,BLOOMINGTON,BLOOMINGTON,2,,0,0,0,,E 3RD ST,,,,,E 3RD ST,S EASTSIDE DR,,,,Y,,0.0,,39.16427794,-86.51308204,LOCAL/CITY RD,,,,URBAN,N,N,N,,DAYLIGHT,CLOUDY,DRY,,T-INTERSECTION,,ASPHALT,IMPROPER TURNING,$5001 TO $10000,LEFT TURN,SEASTSIDEDRE 3RDST,0,,2022-04-05 19:39:00,,,
BLOOMINGTON PD,B22-34680,MONROE,PERRY,BLOOMINGTON,2,,0,0,0,,S PATTERSON DR,,,,,S PATTERSON DR,W 3RD ST,,,,Y,,0.0,,39.16329075,-86.55111303,,,,,URBAN,N,N,N,,DAYLIGHT,CLEAR,DRY,,FOUR-WAY INTERSECTION,,ASPHALT,FAILURE TO YIELD RIGHT OF WAY,$2501 TO $5000,SAME DIRECTION SIDESWIPE,W 3RDSTSPATTERSONDR,0,,2022-08-31 17:11:00,,,
BLOOMINGTON PD,B22-21200,MONROE,PERRY,BLOOMINGTON,2,,0,0,0,,W GRIMES ST,,,,,W GRIMES ST,S WALNUT ST,,,,Y,,0.0,,39.153344,-86.533757,LOCAL/CITY RD,,,,URBAN,N,N,N,,DAYLIGHT,CLEAR,DRY,,NO JUNCTION INVOLVED,,ASPHALT,FOLLOWING TOO CLOSELY,$2501 TO $5000,REAR END,WGRIMESSTSWALNUTST,0,,2022-06-07 16:48:00,,,
BLOOMINGTON PD,B22-12717,MONROE,PERRY,BLOOMINGTON,2,,0,0,0,,E SMITH AVE,,,,,E SMITH AVE,S HENDERSON ST,,,,Y,,150.0,,39.162778,-86.527258,LOCAL/CITY RD,,,,URBAN,N,N,N,,DAYLIGHT,CLOUDY,DRY,,NO JUNCTION INVOLVED,,ASPHALT,FAILURE TO YIELD RIGHT OF WAY,$1001 TO $2500,RIGHT ANGLE,S.HENDERSONSTESMITHAVE,0,,2022-04-12 07:35:00,,,
INDIANA UNIV BLOOMINGTON PD,223793,MONROE,BLOOMINGTON,BLOOMINGTON,3,,2,0,0,,ST RD 45,,,,,ST RD 45,WALKWAY,,,,N,,0.0,,39.17523849,-86.50405167,ST RD,,,,URBAN,N,N,N,,DAYLIGHT,CLOUDY,DRY,,T-INTERSECTION,,ASPHALT,FOLLOWING TOO CLOSELY,$5001 TO $10000,REAR END,WALKWAYSTATERD45,0,,2022-10-07 11:35:00,,,
MONROE SD,M22A2583,MONROE,PERRY,BLOOMINGTON,1,,0,0,0,,S SNODDY RD,,,,,S SNODDY RD,E BLUE BIRD LN,,,,N,,0.0,,39.13166715,-86.48959009,,,,,RURAL,N,N,N,,DAYLIGHT,RAIN,WET,,NO JUNCTION INVOLVED,,ASPHALT,SPEED TOO FAST FOR WEATHER CONDITIONS,$5001 TO $10000,RAN OFF RD,SSNODDYRDEBLUEBIRDLN,0,,2022-02-02 07:57:00,,,
BLOOMINGTON PD,B22-12942,MONROE,PERRY,BLOOMINGTON,2,,0,0,0,,S COLLEGE MALL RD,,,,,S COLLEGE MALL RD,E MOORES PK,,,,Y,,0.0,,39.15160745,-86.49764306,LOCAL/CITY RD,,,,URBAN,N,N,N,,DARK (LIGHTED),RAIN,WET,,FOUR-WAY INTERSECTION,,ASPHALT,FAILURE TO YIELD RIGHT OF WAY,$2501 TO $5000,RIGHT ANGLE,SCOLLEGEMALLRDEMOORESPK,0,,2022-04-13 20:22:00,,,
BLOOMINGTON PD,B22-21498,MONROE,BLOOMINGTON,BLOOMINGTON,3,,0,0,0,,ST RD 46,,,,,ST RD 46,E ASTGATE LN,,,,Y,,0.0,,39.17065639,-86.50181956,ST RD,,,,URBAN,N,N,B,,DAYLIGHT,CLEAR,DRY,,NO JUNCTION INVOLVED,,ASPHALT,FOLLOWING TOO CLOSELY,$5001 TO $10000,REAR END,STATERD46EEASTGATELN,0,,2022-06-09 12:50:00,,,
BLOOMINGTON PD,B22-34869,MONROE,PERRY,BLOOMINGTON,2,,1,0,0,,S WALNUT ST,,,,,S WALNUT ST,E N DR,,,,Y,,0.0,,39.14408535,-86.53187031,LOCAL/CITY RD,,,,URBAN,N,N,N,,DAYLIGHT,CLEAR,DRY,,FOUR-WAY INTERSECTION,,ASPHALT,FOLLOWING TOO CLOSELY,$5001 TO $10000,REAR END,SWALNUTSTENORTHDR,0,,2022-09-01 18:28:00,,,
BLOOMINGTON PD,B22-04363,MONROE,BLOOMINGTON,BLOOMINGTON,2,,0,0,0,,E 19TH ST,,,,,E 19TH ST,N LINCOLN ST,,,,Y,,0.0,,39.18111201,-86.53094993,,,,,URBAN,N,N,N,,DARK (LIGHTED),CLEAR,DRY,,FOUR-WAY INTERSECTION,,ASPHALT,FAILURE TO YIELD RIGHT OF WAY,$1001 TO $2500,RIGHT ANGLE,NLINCOLNSTE19THST,0,,2022-02-08 19:04:00,,,
MONROE SD,M22A18488,MONROE,BEAN BLOSSOM,BLOOMINGTON,2,,1,0,0,,I-69,,,,,I-69,,,,,N,,0.0,,39.31025185,-86.51385749,,,,,RURAL,N,Y,N,,DAYLIGHT,CLEAR,DRY,,NO JUNCTION INVOLVED,,ASPHALT,UNSAFE LN MOVEMENT,$2501 TO $5000,SAME DIRECTION SIDESWIPE,I-69,0,,2022-07-30 13:20:00,,,
BLOOMINGTON PD,B22-35266,MONROE,PERRY,BLOOMINGTON,3,,2,0,0,,W COUNTRY CLUB DR,,,,,W COUNTRY CLUB DR,S BANTA AVE,,,,Y,,0.0,,39.13629059,-86.54551233,LOCAL/CITY RD,,,,URBAN,N,N,N,,DAYLIGHT,RAIN,WET,,T-INTERSECTION,,ASPHALT,FOLLOWING TOO CLOSELY,$5001 TO $10000,REAR END,WCOUNTRYCLUBDRSBANTAAVE,0,,2022-09-03 18:29:00,,,
MONROE SD,M22A5299,MONROE,BLOOMINGTON,BLOOMINGTON,1,,0,0,1,,N WALNUT ST,,,,,N WALNUT ST,E WHISNAND RD,,,,N,,0.0,,39.22542667,-86.54003567,COUNTY RD,,,,RURAL,N,N,N,,DARK (NOT LIGHTED),CLOUDY,DRY,,NO JUNCTION INVOLVED,,ASPHALT,ANIMAL/OBJECT IN RDWAY,$5001 TO $10000,COLLISION WITH DEER,NWALNUTSTEWHISNANDRD,0,,2022-03-06 08:05:00,,,
MONROE SD,M22A16518,MONROE,BLOOMINGTON,,3,,3,0,0,,N WALNUT ST,,,,,N WALNUT ST,E WHISNAND RD,,,,N,,0.0,,39.22390536,-86.53953105,COUNTY RD,,,,RURAL,N,N,N,,DAYLIGHT,CLEAR,DRY,,NO JUNCTION INVOLVED,,ASPHALT,FOLLOWING TOO CLOSELY,$25001 TO $50000,REAR END,NWALNUTSTEWHISNANDRD,0,,2022-07-10 12:23:00,,,
INDIANA UNIV BLOOMINGTON PD,220600,MONROE,BLOOMINGTON,BLOOMINGTON,2,,0,0,0,,1110,,,,,1110,N EAGLESON AVE,,,,Y,,100.0,,39.17705105,-86.51258058,LOCAL/CITY RD,,,,URBAN,N,N,N,,DAYLIGHT,CLEAR,DRY,,NO JUNCTION INVOLVED,,ASPHALT,FOLLOWING TOO CLOSELY,$1001 TO $2500,REAR END,NEAGLESONAVE1110,0,,2022-02-15 16:30:00,,,
BLOOMINGTON PD,B22-36275,MONROE,BLOOMINGTON,BLOOMINGTON,2,,0,0,0,,S COLLEGE MALL RD,,,,,S COLLEGE MALL RD,S COLLEGE MALL RD,,,,Y,,0.0,,0.0,0.0,LOCAL/CITY RD,,,,URBAN,N,N,N,,DAYLIGHT,CLEAR,DRY,,FOUR-WAY INTERSECTION,,ASPHALT,FAILURE TO YIELD RIGHT OF WAY,$1001 TO $2500,LEFT TURN,SCOLLEGEMALLRDSCOLLEGEMALLRD,0,,2022-09-09 15:19:00,,,