Agency,Local Code,County,Township,City,Vehicles Involved,Trailers Involved,Number Injured,Number Dead,Number Deer,House Number,Roadway Name,Roadway Suffix,Roadway Number,Roadway Interchange,Roadway Ramp,Roadway Id,Intersecting Road,Intersecting Road Number,Mile Marker,Interchange,Corporate Limits?,Property Type,Feet From,Direction,Latitude,Longitude,Roadway Class,Traffic Control Devices?,Aggressive Driving?,Hit and Run?,Locality,School Zone?,Rumble Strips?,Construction?,Construction Type,Light Condition,Weather Conditions,Surface Condition,Type of Median,Roadway Junction Type,Road Character,Roadway Surface,Primary Factor,Damage Estimate,Manner of Collision,Unique Location Id,State Property Damage?,Traffic Control,DateTime,Address Number,Cyclist Involved,Pedestrian Involved
MONROE SD,M22A23486,MONROE,BEAN BLOSSOM,ELLETTSVILLE,1,,0,0,0,,W BRIGHTON RD,,,,,W BRIGHTON RD,W WAMPLER RD,,,,N,,0.0,,39.33442658,-86.61444944,COUNTY RD,,,,RURAL,N,N,N,,DARK (NOT LIGHTED),RAIN,WET,,T-INTERSECTION,,ASPHALT,SPEED TOO FAST FOR WEATHER CONDITIONS,$5001 TO $10000,RAN OFF RD,WWAMPLERRDWBRIGHTONRD,0,,2022-09-23 23:20:00,,,
BLOOMINGTON PD,B22-31800,MONROE,PERRY,BLOOMINGTON,2,,0,0,0,822,W 1ST,,,,,W 1ST,,,,,Y,,0.0,,39.15945147,-86.54423132,PRIVATE DR,,,,URBAN,N,N,N,,DAYLIGHT,CLEAR,DRY,,NO JUNCTION INVOLVED,,ASPHALT,UNSAFE BACKING,$2501 TO $5000,BACKING CRASH,W1STST,0,,2022-08-16 09:17:00,,,
BLOOMINGTON PD,B22-06055,MONROE,VAN BUREN,BLOOMINGTON,2,,0,0,0,,2700 S LEONARD SPRINGS RD,,,,,S LEONARD SPRINGS RD,TAPP RD,,,,Y,,300.0,,39.13807755,-86.58266375,LOCAL/CITY RD,,,,URBAN,N,N,Y,LN CLOSURE,DAYLIGHT,CLOUDY,DRY,,NO JUNCTION INVOLVED,,ASPHALT,FAILURE TO YIELD RIGHT OF WAY,$5001 TO $10000,RIGHT ANGLE,TAPPRD2700BLKSLEONARDSPRINGSRD,0,,2022-02-23 12:52:00,2700.0,,
MONROE SD,M22A18687,MONROE,PERRY,BLOOMINGTON,2,,1,0,0,,E DILLMAN RD,,,,,E DILLMAN RD,S ST RD 37,,,,N,,0.0,,39.09299532,-86.54407877,LOCAL/CITY RD,,,,URBAN,N,N,N,,DAWN/DUSK,CLOUDY,DRY,,NO JUNCTION INVOLVED,,ASPHALT,DISREGARD SIGNAL/REG SIGN,$25001 TO $50000,RIGHT ANGLE,SOLDSTATERD37EDILLMANRD,0,,2022-08-02 06:21:00,,,
BLOOMINGTON PD,B22-11864,MONROE,RICHLAND,BLOOMINGTON,2,,1,0,0,,N GATES DR,,,,,N GATES DR,W JACOB DR,,,,Y,,0.0,,39.16561845,-86.57599248,LOCAL/CITY RD,,,,RURAL,N,N,N,,DAYLIGHT,RAIN,WET,,T-INTERSECTION,,CONCRETE,FAILURE TO YIELD RIGHT OF WAY,$5001 TO $10000,LEFT TURN,WJACOBDRNGATESDR,0,,2022-04-06 02:14:00,,,
BLOOMINGTON PD,B22-39453,MONROE,VAN BUREN,BLOOMINGTON,2,,1,0,0,,W 3RD ST,,,,,W 3RD ST,ST RD 37,,,,Y,,0.0,,39.16454052,-86.57382614,LOCAL/CITY RD,,,,URBAN,N,N,N,,DARK (LIGHTED),CLEAR,DRY,,FOUR-WAY INTERSECTION,,ASPHALT,FAILURE TO YIELD RIGHT OF WAY,$10001 TO $25000,RIGHT ANGLE,W 3RDSTSTATERD37,0,,2022-09-28 06:40:00,,,
MONROE SD,M22A4288,MONROE,BENTON,BLOOMINGTON,2,,0,0,0,,ST RD 45,,,,,ST RD 45,N TUNNEL RD,,,,N,,0.0,,39.23070245,-86.43060282,ST RD,,,,RURAL,N,N,N,,DARK (NOT LIGHTED),CLEAR,DRY,,NO JUNCTION INVOLVED,,ASPHALT,FOLLOWING TOO CLOSELY,$2501 TO $5000,REAR END,STATERD45NTUNNELRD,0,,2022-02-22 09:24:00,,,
BLOOMINGTON PD,B22-38173,MONROE,PERRY,BLOOMINGTON,2,,0,0,0,,W COUNTRY CLUB DR,,,,,W COUNTRY CLUB DR,S ROGERS ST,,,,Y,,0.0,,39.13606438,-86.53824922,LOCAL/CITY RD,,,,URBAN,N,N,N,,DAYLIGHT,CLEAR,DRY,,FOUR-WAY INTERSECTION,,ASPHALT,FOLLOWING TOO CLOSELY,UNDER $1001,REAR END,WCOUNTRYCLUBDRSROGERSST,0,,2022-09-21 07:55:00,,,
BLOOMINGTON PD,B22-29188,MONROE,BLOOMINGTON,BLOOMINGTON,1,,0,0,0,,S ROGERS ST,,,,,S ROGERS ST,,,,,Y,,0.0,,39.14460038,-86.53889969,PRIVATE DR,,,,URBAN,N,N,N,,DAYLIGHT,CLEAR,DRY,,NO JUNCTION INVOLVED,,ASPHALT,OTHER (DRIVER) - EXPLAIN IN NARRATIVE,$1001 TO $2500,RAN OFF RD,SROGERSST,0,,2022-07-30 06:43:00,,,
BLOOMINGTON PD,B22-19643,MONROE,VAN BUREN,BLOOMINGTON,2,,0,0,0,,W ST RD 45,,,,,W ST RD 45,S LEONARD SPRINGS RD,,,,Y,,0.0,,39.14193938,-86.58266433,ST RD,,,,URBAN,N,N,N,,DARK (LIGHTED),CLEAR,DRY,,FOUR-WAY INTERSECTION,,ASPHALT,FAILURE TO YIELD RIGHT OF WAY,$5001 TO $10000,LEFT TURN,WSTATERD45SLEONARDSPRINGSRD,0,,2022-05-27 22:40:00,,,
BLOOMINGTON PD,B22-08348,MONROE,BLOOMINGTON,BLOOMINGTON,2,,0,0,0,,S WALNUT ST,,,,,S WALNUT ST,E MILLER DR,,,,Y,,634.0,,39.14586382,-86.5323431,LOCAL/CITY RD,,,,URBAN,N,N,N,,DARK (LIGHTED),CLEAR,DRY,,NO JUNCTION INVOLVED,,ASPHALT,FOLLOWING TOO CLOSELY,$5001 TO $10000,REAR END,SWALNUTSTEMILLERDR,0,,2022-03-12 22:00:00,,,
BLOOMINGTON PD,B22-10888,MONROE,PERRY,BLOOMINGTON,1,,1,0,0,,S WALNUT ST,,,,,S WALNUT ST,E WINSLOW RD,,,,Y,,0.0,,39.13600731,-86.53106637,LOCAL/CITY RD,,,,URBAN,N,N,N,,DAWN/DUSK,CLOUDY,DRY,,FOUR-WAY INTERSECTION,,ASPHALT,OTHER (DRIVER) - EXPLAIN IN NARRATIVE,$1001 TO $2500,RAN OFF RD,SWALNUTSTEWINSLOWRD,0,,2022-03-30 07:24:00,,,
BLOOMINGTON PD,B22-29498,MONROE,PERRY,BLOOMINGTON,2,,1,0,0,,S COLLEGE AVE,,,,,S COLLEGE AVE,W 1ST,,,,Y,,0.0,,,,LOCAL/CITY RD,,,,URBAN,N,N,N,,DAYLIGHT,CLOUDY,WET,,FOUR-WAY INTERSECTION,,ASPHALT,UNSAFE LN MOVEMENT,$2501 TO $5000,SAME DIRECTION SIDESWIPE,W.1STSTS.COLLEGEAVE,0,,2022-08-01 11:00:00,,,
BLOOMINGTON PD,B22-06439,MONROE,PERRY,BLOOMINGTON,2,,0,0,0,,S BASSWOOD DR,,,,,S BASSWOOD DR,GREENLEAF CT,,,,Y,,0.0,,39.153559,-86.572512,LOCAL/CITY RD,,,,URBAN,N,N,N,,DAYLIGHT,CLEAR,DRY,,T-INTERSECTION,,ASPHALT,FAILURE TO YIELD RIGHT OF WAY,$2501 TO $5000,RIGHT ANGLE,S.BASSWOODDRGREENLEAFCT,0,,2022-02-26 13:03:00,,,
BLOOMINGTON PD,B22-06565,MONROE,BLOOMINGTON,BLOOMINGTON,2,,1,0,0,,E 17TH ST,,,,,E 17TH ST,N WALNUT ST,,,,Y,,0.0,,39.1789764,-86.5334589,LOCAL/CITY RD,,,,URBAN,N,N,N,,DAYLIGHT,CLEAR,DRY,,FOUR-WAY INTERSECTION,,ASPHALT,DISREGARD SIGNAL/REG SIGN,$10001 TO $25000,RIGHT ANGLE,NWALNUTSTE17THST,0,,2022-02-27 09:35:00,,,
BLOOMINGTON PD,B22-23406,MONROE,PERRY,BLOOMINGTON,2,,0,0,0,3100,S WALNUT ST PK,,,,,S WALNUT ST PK,,,,,Y,,0.0,,39.12854228,-86.52754044,PRIVATE DR,,,,URBAN,N,N,N,,DAYLIGHT,CLEAR,DRY,,NO JUNCTION INVOLVED,,ASPHALT,UNSAFE BACKING,$1001 TO $2500,BACKING CRASH,SWALNUTSTPK,0,,2022-06-22 13:29:00,,,
BLOOMINGTON PD,B22-06852,MONROE,RICHLAND,BLOOMINGTON,2,,1,0,0,,W 3RD ST,,,,,W 3RD ST,,,,,Y,,0.0,,39.16559771,-86.57742065,LOCAL/CITY RD,,,,URBAN,N,N,N,,DAYLIGHT,CLEAR,DRY,,FOUR-WAY INTERSECTION,,ASPHALT,FAILURE TO YIELD RIGHT OF WAY,$2501 TO $5000,RIGHT ANGLE,W 3RDST,0,,2022-03-01 16:45:00,,,
INDIANA UNIV BLOOMINGTON PD,220844,MONROE,BLOOMINGTON,BLOOMINGTON,1,,0,0,0,,E 10TH ST,,,,,E 10TH ST,JEFFERSON ST,,,,Y,,126.0,,39.17155851,-86.50677159,LOCAL/CITY RD,,,,URBAN,N,N,N,,DAYLIGHT,CLEAR,DRY,,RAILRD CROSSINGS,,ASPHALT,OVERSIZE/OVERWEIGHT LOAD,$2501 TO $5000,COLLISION WITH OBJECT IN RD,JEFFERSONSTE 10THST,0,,2022-03-04 13:35:00,,,
BLOOMINGTON PD,B22-40855,MONROE,BLOOMINGTON,BLOOMINGTON,2,,0,0,0,,W 17TH ST,,,,,W 17TH ST,N KINSER PK,,,,Y,,264.0,,39.17903543,-86.53829643,LOCAL/CITY RD,,,,URBAN,N,N,N,,DAYLIGHT,CLEAR,DRY,,NO JUNCTION INVOLVED,,ASPHALT,FAILURE TO YIELD RIGHT OF WAY,$5001 TO $10000,RIGHT ANGLE,W17THSTNKINSERPK,0,,2022-10-05 00:01:00,,,
BLOOMINGTON PD,B22-27051,MONROE,BLOOMINGTON,BLOOMINGTON,1,,0,0,0,,N WASHINGTON ST,,,,,N WASHINGTON ST,E 6TH ST,,,,Y,,0.0,,,,LOCAL/CITY RD,,,,URBAN,N,N,N,,DAYLIGHT,CLEAR,DRY,,NO JUNCTION INVOLVED,,ASPHALT,UNSAFE LN MOVEMENT,$5001 TO $10000,COLLISION WITH OBJECT IN RD,NWASHINGTONSTE6THST,0,,2022-07-15 10:30:00,,,
MONROE SD,M22A10185,MONROE,WASHINGTON,BLOOMINGTON,1,,0,0,0,,N THOMPSON RD,,,,,N THOMPSON RD,SAMPLE RD,,,,N,,792.0,,39.2647445,-86.52384369,LOCAL/CITY RD,,,,RURAL,N,N,N,,DAYLIGHT,CLOUDY,DRY,,NO JUNCTION INVOLVED,,ASPHALT,OVERCORRECTING/OVERSTEERING,$5001 TO $10000,RAN OFF RD,SAMPLERDNTHOMPSONRD,0,,2022-05-04 19:10:00,,,
BLOOMINGTON PD,B22-26960,MONROE,BLOOMINGTON,BLOOMINGTON,1,,1,0,0,,S FRANKLIN RD,,,,,S FRANKLIN RD,W 3RD ST,,,,Y,,0.0,,39.16459944,-86.57021589,LOCAL/CITY RD,,,,URBAN,N,N,N,,DAWN/DUSK,CLEAR,DRY,,FOUR-WAY INTERSECTION,,ASPHALT,OTHER (DRIVER) - EXPLAIN IN NARRATIVE,UNDER $1001,RIGHT TURN,W 3RDSTSFRANKLINRD,1,,2022-07-14 20:39:00,,True,
BLOOMINGTON PD,B22-22118,MONROE,BLOOMINGTON,BLOOMINGTON,2,,0,0,0,,116 N GRANT ST,,,,,N GRANT ST,,,,,Y,,0.0,,,,PRIVATE DR,,,,URBAN,N,N,N,,DAYLIGHT,CLEAR,DRY,,NO JUNCTION INVOLVED,,ASPHALT,UNSAFE BACKING,$5001 TO $10000,BACKING CRASH,116NGRANTST,0,,2022-06-13 06:45:00,116.0,,
BLOOMINGTON PD,B22-38943,MONROE,BLOOMINGTON,BLOOMINGTON,2,,0,0,0,3140,W WHITEHALL CROSSING BLVD,,,,,W WHITEHALL CROSSING BLVD,,,,,Y,,0.0,,39.17235609,-86.57160409,LOCAL/CITY RD,,,,URBAN,N,N,N,,DAYLIGHT,CLEAR,DRY,,NO JUNCTION INVOLVED,,ASPHALT,FAILURE TO YIELD RIGHT OF WAY,$2501 TO $5000,RIGHT ANGLE,W.WHITEHALLCROSSINGBLVD,0,,2022-09-25 15:55:00,,,
INDIANA UNIV BLOOMINGTON PD,221042,MONROE,BLOOMINGTON,BLOOMINGTON,3,,1,0,0,,ST RD 45,,,,,ST RD 45,10TH. ST,,,,Y,,845.0,,39.17336395,-86.5032618,LOCAL/CITY RD,,,,URBAN,N,N,N,,DAYLIGHT,CLEAR,DRY,,NO JUNCTION INVOLVED,,ASPHALT,FOLLOWING TOO CLOSELY,$25001 TO $50000,REAR END,STATERD4510TH.ST,0,,2022-03-20 12:36:00,,,
ISP BLOOMINGTON 33,2.022E+11,MONROE,VAN BUREN,BLOOMINGTON,2,,0,0,0,,ST RD 48,,,,,ST RD 48,ST RD 48-100-RAMP D,,,,Y,,0.0,,39.1644938,-86.57396831,ST RD,,,,URBAN,N,N,N,,DAYLIGHT,CLOUDY,DRY,,FOUR-WAY INTERSECTION,,ASPHALT,FAILURE TO YIELD RIGHT OF WAY,$10001 TO $25000,RIGHT ANGLE,ST RD 48-100-RAMPDST RD 48,0,,2022-05-10 10:55:00,,,
BLOOMINGTON PD,B22-13058,MONROE,PERRY,BLOOMINGTON,2,,0,0,0,1275,S COLLEGE MALL RD,,,,,S COLLEGE MALL RD,,,,,Y,,0.0,,39.15239768,-86.49602146,PRIVATE DR,,,,URBAN,N,N,N,,DAYLIGHT,CLEAR,DRY,,NO JUNCTION INVOLVED,,ASPHALT,FAILURE TO YIELD RIGHT OF WAY,$1001 TO $2500,SAME DIRECTION SIDESWIPE,SCOLLEGEMALLRD,0,,2022-04-14 15:25:00,,,
BLOOMINGTON PD,B22-25706,MONROE,BLOOMINGTON,BLOOMINGTON,2,,0,0,0,,W 3RD ST,,,,,W 3RD ST,S LIBERTY DR,,,,Y,,0.0,,39.16456478,-86.58026165,LOCAL/CITY RD,,,,URBAN,N,N,N,,DAYLIGHT,CLEAR,DRY,,NO JUNCTION INVOLVED,,ASPHALT,FOLLOWING TOO CLOSELY,$1001 TO $2500,REAR END,W 3RDSTSLIBERTYDR,0,,2022-07-06 16:58:00,,,
MONROE SD,M22A22687,MONROE,BEAN BLOSSOM,BLOOMINGTON,1,,0,0,0,,ST RD 46,,,,,ST RD 46,,,,,N,,0.0,,39.28113843,-86.68217833,ST RD,,,,RURAL,N,N,N,,DARK (NOT LIGHTED),CLEAR,DRY,,T-INTERSECTION,,ASPHALT,FAILURE TO MAINTAIN LN,$10001 TO $25000,RAN OFF RD,STATERD46,0,,2022-09-14 20:24:00,,,
BLOOMINGTON PD,B22-39708,MONROE,BLOOMINGTON,BLOOMINGTON,2,,0,0,0,,N PROW RD,,,,,N PROW RD,W ARLINGTON RD,,,,Y,,0.0,,39.19255183,-86.55250958,LOCAL/CITY RD,,,,URBAN,N,N,N,,DAYLIGHT,CLEAR,DRY,,T-INTERSECTION,,ASPHALT,UNSAFE LN MOVEMENT,UNDER $1001,SAME DIRECTION SIDESWIPE,WARLINGTONRDNPROWRD,0,,2022-09-29 07:41:00,,,
BLOOMINGTON PD,B22-40498,MONROE,PERRY,BLOOMINGTON,2,,0,0,0,,E WINSLOW RD,,,,,E WINSLOW RD,S WALNUT ST PK,,,,Y,,0.0,,39.13599761,-86.52856834,LOCAL/CITY RD,,,,URBAN,N,N,N,,DAYLIGHT,CLEAR,DRY,,FOUR-WAY INTERSECTION,,ASPHALT,FOLLOWING TOO CLOSELY,$2501 TO $5000,REAR END,SWALNUTSTPKEWINSLOWRD,0,,2022-10-03 16:37:00,,,
BLOOMINGTON PD,B22-23354,MONROE,PERRY,BLOOMINGTON,2,,0,0,0,,I-69,,,,,I-69,,,,,Y,,0.0,,39.18377776,-86.55695147,INTERSTATE,,,,URBAN,N,N,N,,DARK (NOT LIGHTED),CLEAR,DRY,,RAMP,,ASPHALT,FAILURE TO YIELD RIGHT OF WAY,$1001 TO $2500,SAME DIRECTION SIDESWIPE,I-69,0,,2022-06-22 05:37:00,,,
INDIANA UNIV BLOOMINGTON PD,223728,MONROE,BLOOMINGTON,BLOOMINGTON,2,,0,0,0,,E 10TH ST,,,,,E 10TH ST,N UNION ST,,,,Y,,0.0,,39.17160322,-86.509201,LOCAL/CITY RD,,,,URBAN,N,N,N,,DAYLIGHT,CLEAR,DRY,,NO JUNCTION INVOLVED,,ASPHALT,FOLLOWING TOO CLOSELY,$1001 TO $2500,REAR END,NUNIONSTE 10THST,0,,2022-10-04 11:22:00,,,
BLOOMINGTON PD,B22-04943,MONROE,BLOOMINGTON,BLOOMINGTON,2,,0,0,0,322,E KIRKWOOD AVE,,,,,E KIRKWOOD AVE,,,,,Y,,0.0,,39.16611513,-86.53035443,,,,,URBAN,N,N,N,,DARK (LIGHTED),CLEAR,DRY,,NO JUNCTION INVOLVED,,ASPHALT,OTHER (DRIVER) - EXPLAIN IN NARRATIVE,$1001 TO $2500,OTHER - EXPLAIN IN NARRATIVE,EKIRKWOODAVE,0,,2022-02-09 19:00:00,,,
BLOOMINGTON PD,B22-40619,MONROE,PERRY,BLOOMINGTON,2,,0,0,0,,E 3RD ST,,,,,E 3RD ST,S HIGH ST,,,,Y,,0.0,,39.164263,-86.508461,LOCAL/CITY RD,,,,URBAN,N,N,N,,DAYLIGHT,CLEAR,DRY,,FOUR-WAY INTERSECTION,,ASPHALT,FOLLOWING TOO CLOSELY,$2501 TO $5000,REAR END,S.HIGHSTE 3RDST,0,,2022-10-04 09:34:00,,,
INDIANA UNIV BLOOMINGTON PD,221070,MONROE,BLOOMINGTON,BLOOMINGTON,2,,0,0,0,,E 10TH ST,,,,,E 10TH ST,,,,,Y,,0.0,,39.17210851,-86.51272006,PRIVATE DR,,,,URBAN,N,N,N,,DARK (NOT LIGHTED),CLEAR,DRY,,NO JUNCTION INVOLVED,,ASPHALT,IMPROPER TURNING,$2501 TO $5000,SAME DIRECTION SIDESWIPE,E 10THST,0,,2022-03-21 20:00:00,,,
INDIANA UNIV BLOOMINGTON PD,221268,MONROE,BLOOMINGTON,BLOOMINGTON,2,,0,0,0,,N UNION ST,,,,,N UNION ST,,,,,Y,,0.0,,39.17413614,-86.51074835,LOCAL/CITY RD,,,,URBAN,N,N,N,,DAYLIGHT,CLOUDY,WET,,NO JUNCTION INVOLVED,,ASPHALT,OTHER (DRIVER) - EXPLAIN IN NARRATIVE,$1001 TO $2500,OTHER - EXPLAIN IN NARRATIVE,NUNIONST,0,,2022-04-05 10:22:00,,,
BLOOMINGTON PD,B22-40332,MONROE,BLOOMINGTON,BLOOMINGTON,2,,1,0,0,,E 3RD ST,,,,,E 3RD ST,S PARK RIDGE RD,,,,Y,,0.0,,39.16423726,-86.47638455,LOCAL/CITY RD,,,,URBAN,N,N,N,,DARK (LIGHTED),CLEAR,DRY,,FOUR-WAY INTERSECTION,,ASPHALT,FAILURE TO YIELD RIGHT OF WAY,$5001 TO $10000,RIGHT ANGLE,SPARKRIDGERDE 3RDST,0,,2022-10-02 06:40:00,,,
BLOOMINGTON PD,B22-05322,MONROE,PERRY,BLOOMINGTON,1,,0,0,0,,S DR,,,,,S DR,WALNUT ST,,,,Y,,400.0,,39.14273657,-86.52894921,LOCAL/CITY RD,,,,URBAN,Y,N,N,,DAYLIGHT,RAIN,WET,,NO JUNCTION INVOLVED,,ASPHALT,DRIVER DISTRACTED - EXPLAIN IN NARRATIVE,$5001 TO $10000,OTHER - EXPLAIN IN NARRATIVE,WALNUTSTSOUTHDR,0,,2022-02-17 09:20:00,,,
INDIANA UNIV BLOOMINGTON PD,221950,MONROE,BLOOMINGTON,BLOOMINGTON,2,,1,0,0,,ST RD 45,,,,,ST RD 45,E 17TH ST,,,,Y,,0.0,,39.17984965,-86.50731272,ST RD,,,,URBAN,N,N,N,,DAYLIGHT,CLEAR,DRY,,T-INTERSECTION,,ASPHALT,FAILURE TO YIELD RIGHT OF WAY,$25001 TO $50000,RIGHT ANGLE,STATERD45E17THST,0,,2022-05-23 18:05:00,,,
BLOOMINGTON PD,B22-33353,MONROE,BLOOMINGTON,BLOOMINGTON,2,,1,0,0,,W 6TH ST,,,,,W 6TH ST,N ROGERS ST,,,,Y,,0.0,,39.16759541,-86.53868384,,,,,URBAN,N,N,N,,DAYLIGHT,CLEAR,DRY,,FOUR-WAY INTERSECTION,,ASPHALT,FAILURE TO YIELD RIGHT OF WAY,$10001 TO $25000,RIGHT ANGLE,W6THSTNROGERSST,0,,2022-08-24 10:00:00,,,
ELLETTSVILLE PD,E22-02156,MONROE,RICHLAND,ELLETTSVILLE,2,,0,0,0,,W TEMPERANCE ST,,,,,W TEMPERANCE ST,W MAPLE GROVE RD,,,,Y,,0.0,,39.2451482,-86.63525266,ST RD,,,,RURAL,N,N,N,,DARK (NOT LIGHTED),CLEAR,DRY,,T-INTERSECTION,,ASPHALT,OTHER (DRIVER) - EXPLAIN IN NARRATIVE,$5001 TO $10000,REAR END,WTEMPERANCESTWMAPLEGROVERD,0,,2022-06-11 22:01:00,,,
ISP BLOOMINGTON 33,2.022E+11,MONROE,BLOOMINGTON,BLOOMINGTON,2,,0,0,0,,ST RD 46,,,,,ST RD 46,CURRY PK,,,,N,,1000.0,,39.19740873,-86.57371527,ST RD,,,,URBAN,N,N,Y,LN CLOSURE,DAYLIGHT,CLEAR,DRY,,NO JUNCTION INVOLVED,,ASPHALT,UNSAFE BACKING,$2501 TO $5000,REAR END,STATERD46CURRYPK,0,,2022-06-30 12:45:00,,,
MONROE SD,M22A17893,MONROE,WASHINGTON,BLOOMINGTON,1,,0,0,0,,I-69,,,,,I-69,,,130.5,,N,,400.0,,39.32948096,-86.51402897,INTERSTATE,,,,RURAL,N,N,N,,DAYLIGHT,RAIN,WET,,NO JUNCTION INVOLVED,,ASPHALT,SPEED TOO FAST FOR WEATHER CONDITIONS,$2501 TO $5000,RAN OFF RD,I-69130.5,0,,2022-07-24 19:24:00,,,
BLOOMINGTON PD,B22-28472,MONROE,PERRY,BLOOMINGTON,2,,0,0,0,,PATTERSON DR,,,,,PATTERSON DR,S FAIRVIEW ST,,,,Y,,0.0,,39.15381237,-86.54109068,LOCAL/CITY RD,,,,URBAN,N,N,N,,DAYLIGHT,CLOUDY,DRY,,FOUR-WAY INTERSECTION,,ASPHALT,FAILURE TO YIELD RIGHT OF WAY,$1001 TO $2500,OPPOSITE DIRECTION SIDESWIPE,SFAIRVIEWSTPATTERSONDR,0,,2022-07-25 12:43:00,,,
INDIANA UNIV BLOOMINGTON PD,223276,MONROE,BLOOMINGTON,BLOOMINGTON,2,,2,0,0,,E 10TH ST,,,,,E 10TH ST,N FEE LN,,,,Y,,0.0,,39.17158867,-86.51884086,LOCAL/CITY RD,,,,URBAN,N,N,N,,DAYLIGHT,CLEAR,DRY,,T-INTERSECTION,,ASPHALT,FOLLOWING TOO CLOSELY,UNDER $1001,REAR END,NFEELNE 10THST,0,,2022-09-13 19:37:00,,,
BLOOMINGTON PD,B22-22435,MONROE,PERRY,BLOOMINGTON,1,,0,1,0,,E MOORES PK,,,,,E MOORES PK,S ARBORS LN,,,,Y,,0.0,,39.15032024,-86.49129819,LOCAL/CITY RD,,,,URBAN,N,N,N,,DAYLIGHT,CLEAR,DRY,,NO JUNCTION INVOLVED,,ASPHALT,OTHER (DRIVER) - EXPLAIN IN NARRATIVE,$50001 TO $100000,RAN OFF RD,SARBORSLNEMOORESPK,0,,2022-06-15 16:51:00,,,
BLOOMINGTON PD,B22-05474,MONROE,RICHLAND,BLOOMINGTON,2,,0,0,0,,N GATES DR,,,,,N GATES DR,W ALEXANDER DR,,,,Y,,0.0,,39.16874602,-86.57638473,LOCAL/CITY RD,,,,URBAN,N,N,N,,DAYLIGHT,CLEAR,DRY,,FOUR-WAY INTERSECTION,,ASPHALT,FAILURE TO YIELD RIGHT OF WAY,$1001 TO $2500,RIGHT ANGLE,WALEXANDERDRNGATESDR,0,,2022-02-18 17:19:00,,,
BLOOMINGTON PD,B22-10457,MONROE,BLOOMINGTON,BLOOMINGTON,2,,0,0,0,,115 S ST RD 46,,,,,S ST RD 46,,,,,Y,,0.0,,0.0,0.0,PRIVATE DR,,,,URBAN,N,N,N,,DAYLIGHT,CLEAR,DRY,,NO JUNCTION INVOLVED,,ASPHALT,UNSAFE BACKING,$1001 TO $2500,BACKING CRASH,115SSTATERD46,0,,2022-03-27 16:09:00,115.0,,
ELLETTSVILLE PD,E22-01657,MONROE,RICHLAND,ELLETTSVILLE,2,,0,0,0,,S 5TH,,,,,S 5TH,W TEMPERANCE ST,,,,Y,,50.0,,39.23315119,-86.62470085,LOCAL/CITY RD,,,,URBAN,N,N,N,,DAYLIGHT,CLEAR,DRY,,NO JUNCTION INVOLVED,,ASPHALT,UNSAFE BACKING,$5001 TO $10000,BACKING CRASH,WTEMPERANCESTS5TH,0,,2022-05-03 12:30:00,,,
MONROE SD,M22A18926,MONROE,PERRY,BLOOMINGTON,2,,0,0,0,4025,S ST RD 37,,,,,S ST RD 37,,,,,N,,0.0,,39.12022964,-86.52988051,,,,,URBAN,N,N,N,,DAYLIGHT,CLOUDY,DRY,,NO JUNCTION INVOLVED,,ASPHALT,UNSAFE BACKING,$1001 TO $2500,SAME DIRECTION SIDESWIPE,SOLDSTATERD37,0,,2022-08-04 11:37:00,,,
BLOOMINGTON PD,B22-36617,MONROE,PERRY,BLOOMINGTON,2,,1,0,0,,W 1ST,,,,,W 1ST,S COLLEGE AVE,,,,Y,,0.0,,39.15937795,-86.53499604,LOCAL/CITY RD,,,,URBAN,N,N,N,,DAYLIGHT,RAIN,WATER (STANDING OR MOVING),,FOUR-WAY INTERSECTION,,ASPHALT,IMPROPER TURNING,$10001 TO $25000,SAME DIRECTION SIDESWIPE,W1STSTSCOLLEGEAVE,0,,2022-09-11 13:30:00,,,
BLOOMINGTON PD,B22-14515,MONROE,BLOOMINGTON,BLOOMINGTON,2,,0,0,0,,N MONROE ST,,,,,N MONROE ST,W 11TH ST,,,,Y,,0.0,,39.17344832,-86.54716677,LOCAL/CITY RD,,,,URBAN,N,N,N,,DAYLIGHT,CLEAR,DRY,,NO JUNCTION INVOLVED,,ASPHALT,FAILURE TO MAINTAIN LN,$5001 TO $10000,REAR END,W11THSTNMONROEST,0,,2022-04-23 05:55:00,,,
ELLETTSVILLE PD,E22-03024,MONROE,RICHLAND,ELLETTSVILLE,2,,0,0,0,,E TEMPERANCE ST,,,,,E TEMPERANCE ST,S PAUL ST,,,,Y,,0.0,,39.23043249,-86.61999835,ST RD,,,,RURAL,Y,N,N,,DAYLIGHT,CLOUDY,DRY,,NO JUNCTION INVOLVED,,ASPHALT,UNSAFE LN MOVEMENT,$5001 TO $10000,LEFT TURN,SPAULSTETEMPERANCEST,0,,2022-08-12 16:22:00,,,
MONROE SD,M22A21837,MONROE,VAN BUREN,BLOOMINGTON,1,,0,0,0,,S MARKET PL,,,,,S MARKET PL,,,,,N,,0.0,,39.13328058,-86.58177488,PRIVATE DR,,,,RURAL,N,N,N,,DARK (LIGHTED),RAIN,WET,,NO JUNCTION INVOLVED,,ASPHALT,OTHER (DRIVER) - EXPLAIN IN NARRATIVE,$25001 TO $50000,OTHER - EXPLAIN IN NARRATIVE,SMARKETPL,0,,2022-09-05 21:43:00,,,
INDIANA UNIV BLOOMINGTON PD,220731,MONROE,BLOOMINGTON,BLOOMINGTON,3,,4,0,0,,,,,,,,,,,,N,,0.0,,39.1817129,-86.50940528,,,,,URBAN,N,N,N,,DAYLIGHT,CLOUDY,DRY,,NO JUNCTION INVOLVED,,ASPHALT,FOLLOWING TOO CLOSELY,$10001 TO $25000,REAR END,,0,,2022-02-25 15:20:00,,,