Agency,Local Code,County,Township,City,Vehicles Involved,Trailers Involved,Number Injured,Number Dead,Number Deer,House Number,Roadway Name,Roadway Suffix,Roadway Number,Roadway Interchange,Roadway Ramp,Roadway Id,Intersecting Road,Intersecting Road Number,Mile Marker,Interchange,Corporate Limits?,Property Type,Feet From,Direction,Latitude,Longitude,Roadway Class,Traffic Control Devices?,Aggressive Driving?,Hit and Run?,Locality,School Zone?,Rumble Strips?,Construction?,Construction Type,Light Condition,Weather Conditions,Surface Condition,Type of Median,Roadway Junction Type,Road Character,Roadway Surface,Primary Factor,Damage Estimate,Manner of Collision,Unique Location Id,State Property Damage?,Traffic Control,DateTime,Address Number,Cyclist Involved,Pedestrian Involved
ISP BLOOMINGTON 33,2.022E+11,MONROE,BEAN BLOSSOM,ELLETTSVILLE,1,,0,0,0,,N STINESVILLE RD,,,,,N STINESVILLE RD,HEDRICK RD,,,,N,,500.0,,39.28249481,-86.66313403,COUNTY RD,,,,RURAL,N,N,N,,DAYLIGHT,CLEAR,MUDDY,,INTERCHANGE,,ASPHALT,,$5001 TO $10000,RAN OFF RD,NSTINESVILLERDHEDRICKRD,0,,2022-04-12 11:24:00,,,
BLOOMINGTON PD,B22-15814,MONROE,PERRY,BLOOMINGTON,2,,0,0,0,,E 3RD ST,,,,,E 3RD ST,ST RD 46,,,,Y,,0.0,,39.16429062,-86.49937875,LOCAL/CITY RD,,,,URBAN,N,N,N,,DARK (LIGHTED),CLEAR,DRY,,NO JUNCTION INVOLVED,,ASPHALT,FAILURE TO YIELD RIGHT OF WAY,$2501 TO $5000,LEFT TURN,STATERD46E 3RDST,0,,2022-05-01 21:53:00,,,
INDIANA UNIV BLOOMINGTON PD,223022,MONROE,BLOOMINGTON,BLOOMINGTON,2,,0,0,0,,N UNION CT,,,,,N UNION CT,N UNION ST,,,,Y,,0.0,,39.17582428,-86.5096677,LOCAL/CITY RD,,,,URBAN,N,N,N,,DAYLIGHT,CLEAR,DRY,,NO JUNCTION INVOLVED,,ASPHALT,IMPROPER TURNING,$1001 TO $2500,SAME DIRECTION SIDESWIPE,NUNIONSTNUNIONCT,0,,2022-09-01 15:55:00,,,
BLOOMINGTON PD,B22-38625,MONROE,BLOOMINGTON,BLOOMINGTON,2,,0,0,0,,W VERNAL PK,,,,,W VERNAL PK,N CRESCENT RD,,,,Y,,0.0,,39.17460166,-86.55617184,LOCAL/CITY RD,,,,URBAN,N,N,N,,DAYLIGHT,CLOUDY,DRY,,T-INTERSECTION,,CONCRETE,FAILURE TO YIELD RIGHT OF WAY,$2501 TO $5000,LEFT TURN,WVERNALPKNCRESCENTRD,0,,2022-09-23 15:28:00,,,
MONROE SD,M22A7471,MONROE,VAN BUREN,BLOOMINGTON,3,,0,0,0,,N OARD,,,,,N OARD,,,48.0,,N,,0.0,,39.16500289,-86.62020154,LOCAL/CITY RD,,,,RURAL,N,N,N,,DAYLIGHT,CLEAR,DRY,,NO JUNCTION INVOLVED,,ASPHALT,UNSAFE BACKING,$50001 TO $100000,BACKING CRASH,NOARDRD48,0,,2022-04-02 08:40:00,,,True
ISP BLOOMINGTON 33,2.022E+11,MONROE,PERRY,BLOOMINGTON,2,,0,0,0,,ST RD 45,,,,,ST RD 45,LIBERTY DR,,,,Y,,0.0,,39.14504441,-86.57780184,ST RD,,,,URBAN,N,N,N,,DAYLIGHT,CLOUDY,DRY,,FOUR-WAY INTERSECTION,,ASPHALT,FAILURE TO YIELD RIGHT OF WAY,$2501 TO $5000,SAME DIRECTION SIDESWIPE,ST RD 45LIBERTYDR,0,,2022-05-25 10:55:00,,,
BLOOMINGTON PD,B22-19260,MONROE,BLOOMINGTON,BLOOMINGTON,1,,0,0,0,,3824 W 3RD ST ,,,,,W 3RD ST ,,,,,Y,,0.0,,39.165912,-86.582241,PRIVATE DR,,,,URBAN,N,N,N,,DAYLIGHT,CLOUDY,DRY,,NO JUNCTION INVOLVED,,ASPHALT,UNSAFE BACKING,$1001 TO $2500,BACKING CRASH,"3824W 3RDSTBLOOMINGTON,IN",0,,2022-05-25 11:51:00,3824.0,,
MONROE SD,M22A22305,MONROE,RICHLAND,BLOOMINGTON,2,,1,0,0,,W ST RD 46,,,,,W ST RD 46,N CURRY,,,,N,,500.0,,39.193728,-86.571154,ST RD,,,,RURAL,N,Y,N,,DAYLIGHT,CLEAR,DRY,,NO JUNCTION INVOLVED,,ASPHALT,FOLLOWING TOO CLOSELY,$10001 TO $25000,REAR END,WST RD 46NCURRY,0,,2022-09-10 12:34:00,,,
MONROE SD,M22A13279,MONROE,PERRY,BLOOMINGTON,2,,0,0,0,,S ADAMS ST,,,,,S ADAMS ST,W ALLEN ST,,,,N,,0.0,,39.1558687,-86.55054993,LOCAL/CITY RD,,,,RURAL,N,N,N,,DAYLIGHT,RAIN,WET,,FOUR-WAY INTERSECTION,,ASPHALT,DISREGARD SIGNAL/REG SIGN,$2501 TO $5000,RIGHT ANGLE,WALLENSTSADAMSST,0,,2022-06-06 16:59:00,,,
BLOOMINGTON PD,B22-32736,MONROE,PERRY,BLOOMINGTON,2,,0,0,0,,S MITCHELL ST,,,,,S MITCHELL ST,E ATWATER AVE,,,,Y,,0.0,,39.16314881,-86.51417062,LOCAL/CITY RD,,,,URBAN,N,N,N,,DAYLIGHT,CLEAR,DRY,,FOUR-WAY INTERSECTION,,ASPHALT,FAILURE TO YIELD RIGHT OF WAY,$5001 TO $10000,RIGHT ANGLE,SMITCHELLSTEATWATERAVE,0,,2022-08-20 19:18:00,,,
BLOOMINGTON PD,B22-07986,MONROE,PERRY,BLOOMINGTON,2,,0,0,0,,W PATTERSON DR,,,,,W PATTERSON DR,S ROGERS ST,,,,Y,,0.0,,39.15381653,-86.53862662,LOCAL/CITY RD,,,,URBAN,N,N,N,,DAYLIGHT,CLOUDY,DRY,,FOUR-WAY INTERSECTION,,ASPHALT,FOLLOWING TOO CLOSELY,$2501 TO $5000,REAR END,WPATTERSONDRSROGERSST,0,,2022-03-10 13:20:00,,,
BLOOMINGTON PD,B22-23749,MONROE,BLOOMINGTON,BLOOMINGTON,2,,1,0,0,,E 7TH ST,,,,,E 7TH ST,N LINCOLN ST,,,,Y,,0.0,,39.16853812,-86.53104848,LOCAL/CITY RD,,,,URBAN,N,N,N,,DAYLIGHT,CLOUDY,DRY,,FOUR-WAY INTERSECTION,,ASPHALT,FAILURE TO YIELD RIGHT OF WAY,$10001 TO $25000,RIGHT ANGLE,NLINCOLNSTE7THST,0,,2022-06-24 14:51:00,,,
BLOOMINGTON PD,B22-31096,MONROE,PERRY,BLOOMINGTON,2,,0,0,0,,W 4TH ST,,,,,W 4TH ST,S WALNUT ST,,,,Y,,0.0,,39.16557131,-86.53404898,LOCAL/CITY RD,,,,URBAN,N,N,N,,DAYLIGHT,CLEAR,DRY,,NO JUNCTION INVOLVED,,ASPHALT,FAILURE TO YIELD RIGHT OF WAY,$2501 TO $5000,RIGHT ANGLE,W4THSTSWALNUTST,0,,2022-08-11 12:13:00,,,
DNR LAW ENFORCEMENT,06-22-00748,MONROE,POLK,BLOOMINGTON,1,,0,0,0,,TOWER RIDGE RD,,,,,TOWER RIDGE RD,,,,,N,,0.0,,39.02155601,-86.36506981,,,,,RURAL,N,N,N,,DAYLIGHT,CLEAR,LOOSE MATERIAL ON RD,,NO JUNCTION INVOLVED,,GRAVEL,UNSAFE SPEED,$2501 TO $5000,RAN OFF RD,TOWERRIDGERD,0,,2022-04-07 18:30:00,,,
BLOOMINGTON PD,B22-10131,MONROE,PERRY,BLOOMINGTON,2,,0,0,0,,S WALNUT ST,,,,,S WALNUT ST,S DR,,,,Y,,0.0,,39.1419,-86.531138,LOCAL/CITY RD,,,,URBAN,Y,N,N,,DAWN/DUSK,CLOUDY,DRY,,FOUR-WAY INTERSECTION,,ASPHALT,DISREGARD SIGNAL/REG SIGN,$5001 TO $10000,RIGHT ANGLE,SOUTHDRS.WALNUTST,0,,2022-03-25 07:41:00,,,
MONROE SD,M22A19210,MONROE,VAN BUREN,BLOOMINGTON,1,,0,0,1,,S KIRBY RD,,,,,S KIRBY RD,S FIELDSTONE BLVD,,,,N,,0.0,,39.15809074,-86.61045701,COUNTY RD,,,,RURAL,N,N,N,,DARK (NOT LIGHTED),CLEAR,DRY,,T-INTERSECTION,,ASPHALT,ANIMAL/OBJECT IN RDWAY,$5001 TO $10000,COLLISION WITH DEER,SKIRBYRDSFIELDSTONEBLVD,0,,2022-08-07 03:39:00,,,
MONROE SD,M22A11046,MONROE,PERRY,BLOOMINGTON,2,,1,0,0,,E RAYLETOWN RD,,,,,E RAYLETOWN RD,S FAIRFAX RD,,,,N,,0.0,,39.09263728,-86.51691503,LOCAL/CITY RD,,,,URBAN,N,N,N,,DAYLIGHT,CLEAR,DRY,,FOUR-WAY INTERSECTION,,ASPHALT,DISREGARD SIGNAL/REG SIGN,$10001 TO $25000,RIGHT ANGLE,SFAIRFAXRDERAYLETOWNRD,0,,2022-05-13 19:02:00,,,
BLOOMINGTON PD,B22-33462,MONROE,BLOOMINGTON,BLOOMINGTON,1,,1,0,0,,SB ON-RAMP I-69,,,,,SB ON-RAMP I-69,W ST RD 45/46,,,,Y,,0.0,,39.1848141,-86.55744667,INTERSTATE,,,,URBAN,N,Y,N,,DAYLIGHT,CLEAR,DRY,,RAMP,,ASPHALT,OVERCORRECTING/OVERSTEERING,$5001 TO $10000,RAN OFF RD,WSTATERD45/46BYPASSSBON-RAMPI-69,0,,2022-08-24 19:41:00,,,
BLOOMINGTON PD,B22-21814,MONROE,PERRY,BLOOMINGTON,2,,0,0,0,454,S WESTPLEX AVE,,,,,S WESTPLEX AVE,,,,,Y,,0.0,,39.16287226,-86.55386617,,,,,URBAN,N,N,N,,DAYLIGHT,CLEAR,DRY,,NO JUNCTION INVOLVED,,ASPHALT,OVERCORRECTING/OVERSTEERING,$2501 TO $5000,RIGHT TURN,SWESTPLEXAVE,0,,2022-06-10 08:00:00,,,
INDIANA UNIV BLOOMINGTON PD,223679,MONROE,BLOOMINGTON,BLOOMINGTON,2,,0,0,0,,E UNIVERSITY RD,,,,,E UNIVERSITY RD,,,,,Y,,0.0,,39.17666321,-86.51848192,PRIVATE DR,,,,URBAN,N,N,N,,DAYLIGHT,CLEAR,DRY,,NO JUNCTION INVOLVED,,ASPHALT,UNSAFE BACKING,$2501 TO $5000,BACKING CRASH,EUNIVERSITYRD,0,,2022-09-30 17:45:00,,,
MONROE SD,M22A11359,MONROE,VAN BUREN,BLOOMINGTON,2,,0,0,0,,W ST RD 45,,,,,W ST RD 45,S DARRELL DR,,,,N,,0.0,,39.11505973,-86.62837809,,,,,RURAL,N,N,B,,DAYLIGHT,CLEAR,DRY,,NO JUNCTION INVOLVED,,ASPHALT,FOLLOWING TOO CLOSELY,$2501 TO $5000,REAR END,WSTATERD45SDARRELLDR,0,,2022-05-17 10:51:00,,,
MONROE SD,M22A16914,MONROE,VAN BUREN,,2,,0,0,0,,W ST RD 48,,,,,W ST RD 48,S STONE CHASE XING,,,,N,,0.0,,39.1647284,-86.5952401,,,,,URBAN,N,N,N,,DAYLIGHT,CLEAR,DRY,,NO JUNCTION INVOLVED,,ASPHALT,FOLLOWING TOO CLOSELY,$5001 TO $10000,REAR END,WSTATERD48SSTONECHASEXING,0,,2022-07-14 04:33:00,,,
BLOOMINGTON PD,B22-05010,MONROE,BLOOMINGTON,BLOOMINGTON,2,,0,0,0,,912 S WALNUT,,,,,S WALNUT,E ALLEN ST,,,,Y,,0.0,,39.156284,-86.534017,LOCAL/CITY RD,,,,URBAN,N,N,N,,DAYLIGHT,CLEAR,DRY,,NO JUNCTION INVOLVED,,ASPHALT,FAILURE TO YIELD RIGHT OF WAY,$5001 TO $10000,RIGHT ANGLE,EALLENST912SWALNUT,0,,2022-02-14 10:48:00,912.0,,
BLOOMINGTON PD,B22-08310,MONROE,PERRY,BLOOMINGTON,2,,0,0,0,528,S COLLEGE AVE; SEMINARY SQ KRO,,,,,S COLLEGE AVE,,,,,Y,,0.0,,39.16091502,-86.53558609,PRIVATE DR,,,,URBAN,N,N,N,,DAYLIGHT,CLEAR,DRY,,NO JUNCTION INVOLVED,,ASPHALT,FAILURE TO YIELD RIGHT OF WAY,$1001 TO $2500,BACKING CRASH,SCOLLEGEAVE;SEMINARYSQKROGER,0,,2022-03-12 16:40:00,,,
BLOOMINGTON PD,B22-18350,MONROE,BLOOMINGTON,BLOOMINGTON,2,,0,0,0,,N WALNUT ST,,,,,N WALNUT ST,E 9TH ST,,,,Y,,0.0,,39.170457,-86.533587,LOCAL/CITY RD,,,,RURAL,N,N,N,,DAYLIGHT,CLOUDY,DRY,,NO JUNCTION INVOLVED,,ASPHALT,FOLLOWING TOO CLOSELY,$2501 TO $5000,REAR END,N.WALNUTSTE9THST,0,,2022-05-19 11:45:00,,,
MONROE SD,M22A5526,MONROE,BLOOMINGTON,BLOOMINGTON,2,,0,0,0,,E CREEKS EDGE DR,,,,,E CREEKS EDGE DR,S CHEEKWOOD LN,,,,N,,0.0,,39.12904438,-86.49851679,COUNTY RD,,,,RURAL,N,N,N,,DAYLIGHT,CLEAR,DRY,,NO JUNCTION INVOLVED,,ASPHALT,UNSAFE BACKING,$5001 TO $10000,BACKING CRASH,SCHEEKWOODLNECREEKSEDGEDR,0,,2022-03-09 02:30:00,,,
BLOOMINGTON PD,B22-30798,MONROE,BLOOMINGTON,BLOOMINGTON,2,,0,0,0,,E 12TH ST,,,,,E 12TH ST,N DUNN ST,,,,Y,,317.0,,39.17438498,-86.52901516,LOCAL/CITY RD,,,,URBAN,N,N,N,,UNKNOWN,CLEAR,DRY,,NO JUNCTION INVOLVED,,ASPHALT,OTHER (VEHICLE) - EXPLAIN IN NARRATIVE,$1001 TO $2500,OTHER - EXPLAIN IN NARRATIVE,NDUNNSTE12THST,0,,2022-08-06 13:00:00,,,
BLOOMINGTON PD,B22-05242,MONROE,PERRY,BLOOMINGTON,2,,0,0,0,505,505 S HIGHLAND AVE BLOOMINGTON,,,,,S HIGHLAND AVE ,,,,,Y,,0.0,,,,LOCAL/CITY RD,,,,URBAN,N,N,N,,DAWN/DUSK,CLEAR,DRY,,NO JUNCTION INVOLVED,,ASPHALT,IMPROPER PASSING,UNDER $1001,SAME DIRECTION SIDESWIPE,"505SHIGHLANDAVEBLOOMINGTON,IN47401",0,,2022-02-14 09:30:00,505.0,,
BLOOMINGTON PD,B22-32859,MONROE,PERRY,BLOOMINGTON,2,,0,0,0,,S WALNUT ST,,,,,S WALNUT ST,E S DR,,,,Y,,0.0,,39.14010361,-86.53068415,LOCAL/CITY RD,,,,URBAN,Y,N,N,,DAYLIGHT,CLOUDY,DRY,,NO JUNCTION INVOLVED,,ASPHALT,OTHER (VEHICLE) - EXPLAIN IN NARRATIVE,$5001 TO $10000,OTHER - EXPLAIN IN NARRATIVE,SWALNUTSTESOUTHDR,0,,2022-08-21 02:25:00,,,
BLOOMINGTON PD,B22-32275,MONROE,BLOOMINGTON,BLOOMINGTON,2,,0,0,0,,ST RD 45/46 BYPASS,,,,,ST RD 45/46 BYPASS,N MONROE ST,,,,Y,,500.0,,39.1869459,-86.54792755,LOCAL/CITY RD,,,,URBAN,N,N,N,,DAYLIGHT,CLEAR,DRY,,NO JUNCTION INVOLVED,,ASPHALT,IMPROPER PASSING,$2501 TO $5000,SAME DIRECTION SIDESWIPE,STATERD45/46BYPASSNMONROEST,0,,2022-08-17 18:40:00,,,
BLOOMINGTON PD,B22-40903,MONROE,BLOOMINGTON,BLOOMINGTON,2,,0,0,0,,1820 N WALNUT ST,,,,,N WALNUT ST,,,,,Y,,0.0,,39.18359183,-86.53355674,PRIVATE DR,,,,URBAN,N,N,N,,UNKNOWN,CLEAR,DRY,,NO JUNCTION INVOLVED,,CONCRETE,IMPROPER TURNING,$1001 TO $2500,SAME DIRECTION SIDESWIPE,1820NWALNUTST,0,,2022-10-04 16:16:00,1820.0,,
BLOOMINGTON PD,B22-11910,MONROE,PERRY,BLOOMINGTON,2,,0,0,0,,S PETE LLIS DR,,,,,S PETE LLIS DR,E 3RD ST,,,,Y,,0.0,,39.16437817,-86.49491335,LOCAL/CITY RD,,,,URBAN,N,N,N,,DAYLIGHT,CLEAR,DRY,,FOUR-WAY INTERSECTION,,ASPHALT,FAILURE TO YIELD RIGHT OF WAY,$5001 TO $10000,RIGHT ANGLE,SPETEELLISDRE 3RDST,0,,2022-04-06 18:15:00,,,
BLOOMINGTON PD,B22-22779,MONROE,PERRY,BLOOMINGTON,2,,2,0,0,,2300 S WALNUT ST,,,,,S WALNUT ST,,,,,Y,,0.0,,39.13976331,-86.53069494,LOCAL/CITY RD,,,,URBAN,Y,N,N,,DAYLIGHT,CLEAR,DRY,,T-INTERSECTION,,ASPHALT,FAILURE TO YIELD RIGHT OF WAY,$10001 TO $25000,RIGHT ANGLE,2300SOUTHWALNUTST,0,,2022-06-17 06:14:00,2300.0,,
BLOOMINGTON PD,B22-31721,MONROE,BLOOMINGTON,BLOOMINGTON,1,,0,0,0,,ST RD 46,,,,,ST RD 46,,,,,Y,,0.0,,39.1656461,-86.49778251,PRIVATE DR,,,,URBAN,N,N,N,,DAYLIGHT,CLOUDY,DRY,,NO JUNCTION INVOLVED,,ASPHALT,IMPROPER TURNING,$2501 TO $5000,SAME DIRECTION SIDESWIPE,STATERD46,0,,2022-08-15 14:00:00,,,
MONROE SD,M22A21742,MONROE,PERRY,BLOOMINGTON,2,,0,0,0,,S FAIRFAX RD,,,,,S FAIRFAX RD,E SCHACHT RD,,,,N,,0.0,,39.10689051,-86.52378857,LOCAL/CITY RD,,,,RURAL,N,N,N,,DAYLIGHT,CLOUDY,DRY,,T-INTERSECTION,,ASPHALT,FOLLOWING TOO CLOSELY,$25001 TO $50000,REAR END,SFAIRFAXRDESCHACHTRD,0,,2022-09-04 12:13:00,,,
INDIANA UNIV BLOOMINGTON PD,221856,MONROE,BLOOMINGTON,BLOOMINGTON,2,,1,0,0,,W 10TH ST,,,,,W 10TH ST,N COLLEGE AVE,,,,Y,,0.0,,39.17168224,-86.53486437,LOCAL/CITY RD,,,,URBAN,N,N,N,,DARK (NOT LIGHTED),CLEAR,DRY,,FOUR-WAY INTERSECTION,,ASPHALT,DISREGARD SIGNAL/REG SIGN,$10001 TO $25000,RIGHT ANGLE,W10THSTNCOLLEGEAVE,0,,2022-05-12 01:46:00,,,
BLOOMINGTON PD,B22-17477,MONROE,PERRY,BLOOMINGTON,2,,0,0,0,,S WALNUT ST,,,,,S WALNUT ST,E MILLER DR,,,,Y,,581.0,,39.14790096,-86.53296179,LOCAL/CITY RD,,,,URBAN,N,N,N,,DARK (NOT LIGHTED),CLEAR,DRY,,NO JUNCTION INVOLVED,,ASPHALT,UNSAFE LN MOVEMENT,$2501 TO $5000,SAME DIRECTION SIDESWIPE,SWALNUTSTEMILLERDR,0,,2022-05-12 22:01:00,,,
BLOOMINGTON PD,B22-26773,MONROE,BLOOMINGTON,BLOOMINGTON,2,,1,0,0,,N KINSER PK,,,,,N KINSER PK,ST RD 45/46,,,,Y,,0.0,,,,ST RD,,,,URBAN,N,N,N,,DAYLIGHT,CLEAR,DRY,,FOUR-WAY INTERSECTION,,ASPHALT,DISREGARD SIGNAL/REG SIGN,$5001 TO $10000,RIGHT ANGLE,STRD45/46NKINSERPK,0,,2022-07-13 16:43:00,,,
BLOOMINGTON PD,B22-18256,MONROE,PERRY,BLOOMINGTON,2,,0,0,0,,S COLLEGE MALL RD,,,,,S COLLEGE MALL RD,E COVENANTER DR,,,,Y,,0.0,,39.15520703,-86.49770056,LOCAL/CITY RD,,,,URBAN,N,N,N,,DAYLIGHT,RAIN,WET,,FOUR-WAY INTERSECTION,,ASPHALT,FAILURE TO YIELD RIGHT OF WAY,$2501 TO $5000,SAME DIRECTION SIDESWIPE,SCOLLEGEMALLRDECOVENANTERDR,0,,2022-05-18 16:59:00,,,
BLOOMINGTON PD,B22-26594,MONROE,BLOOMINGTON,BLOOMINGTON,2,,0,0,0,,ST RD 46,,,,,ST RD 46,N KINSER PK,,,,Y,,528.0,,39.18636988,-86.53651772,ST RD,,,,URBAN,N,N,Y,LN CLOSURE,DAYLIGHT,CLEAR,DRY,,NO JUNCTION INVOLVED,,ASPHALT,UNSAFE LN MOVEMENT,UNDER $1001,SAME DIRECTION SIDESWIPE,STATERD46NKINSERPK,0,,2022-07-12 15:47:00,,,
BLOOMINGTON PD,B22-21655,MONROE,PERRY,BLOOMINGTON,2,,0,0,0,326,S WOODSCREST DR,,,,,S WOODSCREST DR,,,,,Y,,0.0,,39.1636154,-86.50302049,PRIVATE DR,,,,URBAN,N,N,N,,DAYLIGHT,CLEAR,DRY,,NO JUNCTION INVOLVED,,ASPHALT,IMPROPER TURNING,UNDER $1001,SAME DIRECTION SIDESWIPE,SWOODSCRESTDR,0,,2022-06-09 14:30:00,,,
BLOOMINGTON PD,B22-24520,MONROE,PERRY,BLOOMINGTON,1,,1,0,0,,S ROGERS ST,,,,,S ROGERS ST,W CHAMBERS DR,,,,Y,,0.0,,39.14628977,-86.53882736,LOCAL/CITY RD,,,,URBAN,N,N,N,,DAYLIGHT,CLEAR,DRY,,T-INTERSECTION,,ASPHALT,LEFT OF CENTER,$5001 TO $10000,RAN OFF RD,WCHAMBERSDRSROGERSST,0,,2022-06-29 14:07:00,,,
BLOOMINGTON PD,B22-36506,MONROE,PERRY,BLOOMINGTON,2,,0,0,0,,W BLOOMFIELD RD,,,,,W BLOOMFIELD RD,S BASSWOOD DR,,,,Y,,0.0,,39.14979109,-86.56891162,LOCAL/CITY RD,,,,URBAN,N,N,N,,DARK (LIGHTED),RAIN,WET,,FOUR-WAY INTERSECTION,,ASPHALT,FOLLOWING TOO CLOSELY,$2501 TO $5000,REAR END,WBLOOMFIELDRDSBASSWOODDR,0,,2022-09-10 19:15:00,,,
INDIANA UNIV BLOOMINGTON PD,220313,MONROE,BLOOMINGTON,BLOOMINGTON,2,,0,0,0,,E 17TH ST,,,,,E 17TH ST,,,,,Y,,0.0,,39.17796092,-86.51009537,,,,,URBAN,N,N,N,,DAYLIGHT,CLOUDY,ICE,,NO JUNCTION INVOLVED,,ASPHALT,RDWAY SURFACE CONDITION,UNDER $1001,OPPOSITE DIRECTION SIDESWIPE,E17THST,0,,2022-01-28 14:40:00,,,
MONROE SD,M22A8520,MONROE,RICHLAND,BLOOMINGTON,1,,0,0,1,,2200 N CURRY PK,,,,,N CURRY PK,,,,,N,,0.0,,39.18743764,-86.58308631,LOCAL/CITY RD,,,,URBAN,N,N,Y,LN CLOSURE,DARK (NOT LIGHTED),CLEAR,DRY,,NO JUNCTION INVOLVED,,ASPHALT,ANIMAL/OBJECT IN RDWAY,$5001 TO $10000,COLLISION WITH DEER,2200NCURRYPK,0,,2022-04-15 20:54:00,2200.0,,
MONROE SD,M22A4163,MONROE,BLOOMINGTON,BLOOMINGTON,2,,0,0,0,,N RUSSELL RD,,,,,N RUSSELL RD,COMMODORE TRAIL,,,,N,,0.0,,39.18692265,-86.48181056,COUNTY RD,,,,RURAL,N,N,N,,DAYLIGHT,CLEAR,DRY,,T-INTERSECTION,,ASPHALT,IMPROPER TURNING,$5001 TO $10000,OPPOSITE DIRECTION SIDESWIPE,NRUSSELLRDCOMMODORETRAIL,0,,2022-02-21 14:05:00,,,
BLOOMINGTON PD,B22-22969,MONROE,PERRY,BLOOMINGTON,1,,0,0,1,,,,,I-69,1,I-69117,,,,,Y,,0.0,,,,INTERSTATE,,,,URBAN,N,N,N,,DARK (LIGHTED),CLEAR,DRY,,NO JUNCTION INVOLVED,,ASPHALT,ANIMAL/OBJECT IN RDWAY,$1001 TO $2500,COLLISION WITH DEER,I-69117,0,,2022-06-19 05:20:00,,,
BLOOMINGTON PD,B22-03715,MONROE,BLOOMINGTON,BLOOMINGTON,2,,0,0,0,,E 3RD ST,,,,,E 3RD ST,S GRANT ST,,,,Y,,0.0,,39.16456478,-86.52987189,LOCAL/CITY RD,,,,URBAN,N,N,N,,DARK (LIGHTED),RAIN,WET,,FOUR-WAY INTERSECTION,,ASPHALT,DISREGARD SIGNAL/REG SIGN,$25001 TO $50000,RIGHT ANGLE,SGRANTSTE 3RDST,0,,2022-02-02 06:25:00,,,
INDIANA UNIV BLOOMINGTON PD,223561,MONROE,BLOOMINGTON,BLOOMINGTON,2,,0,0,0,,E 3RD ST,,,,,E 3RD ST,S WOODLAWN AVE,,,,Y,,0.0,,39.16424591,-86.52253694,LOCAL/CITY RD,,,,URBAN,N,N,N,,DAYLIGHT,CLEAR,DRY,,T-INTERSECTION,,ASPHALT,IMPROPER LN USAGE,$1001 TO $2500,LEFT TURN,SWOODLAWNAVEE 3RDST,0,,2022-09-25 18:10:00,,,
MONROE SD,M22A6836,MONROE,VAN BUREN,BLOOMINGTON,2,,0,0,0,,S CURRY PK,,,,,S CURRY PK,SIERRA DR,,,,N,,0.0,,39.15258054,-86.58259942,LOCAL/CITY RD,,,,RURAL,N,N,N,,DAYLIGHT,CLEAR,DRY,,T-INTERSECTION,,ASPHALT,FOLLOWING TOO CLOSELY,$1001 TO $2500,REAR END,SIERRADRSCURRYPK,0,,2022-03-25 04:00:00,,,
BLOOMINGTON PD,B22-10327,MONROE,BLOOMINGTON,BLOOMINGTON,2,,1,0,0,,N GRANT ST,,,,,N GRANT ST,E 7TH ST,,,,Y,,0.0,,39.16853978,-86.52977247,LOCAL/CITY RD,,,,URBAN,N,N,N,,DAYLIGHT,CLEAR,DRY,,FOUR-WAY INTERSECTION,,ASPHALT,DISREGARD SIGNAL/REG SIGN,$2501 TO $5000,RIGHT ANGLE,NGRANTSTE7THST,0,,2022-03-26 13:55:00,,,
INDIANA UNIV BLOOMINGTON PD,223440,MONROE,BLOOMINGTON,BLOOMINGTON,2,,0,0,0,,E 10TH ST,,,,,E 10TH ST,N WALNUT GROVE AVE,,,,Y,,0.0,,39.1716261,-86.52063928,LOCAL/CITY RD,,,,URBAN,N,Y,N,,DAYLIGHT,CLEAR,DRY,,NO JUNCTION INVOLVED,,CONCRETE,FOLLOWING TOO CLOSELY,$2501 TO $5000,REAR END,NWALNUTGROVEAVEE 10THST,0,,2022-09-21 11:35:00,,,
MONROE SD,M22A5748,MONROE,RICHLAND,BLOOMINGTON,2,,2,0,0,,N SMITH PK,,,,,N SMITH PK,W WOODYARD,,,,N,,0.0,,39.19071865,-86.58312268,COUNTY RD,,,,RURAL,N,N,Y,WORK ON SHOULDER,DAYLIGHT,CLEAR,DRY,,T-INTERSECTION,,ASPHALT,FAILURE TO YIELD RIGHT OF WAY,$2501 TO $5000,RIGHT ANGLE,WWOODYARDRDNSMITHPK,0,,2022-03-12 13:45:00,,,
MONROE SD,M22A16854,MONROE,VAN BUREN,BLOOMINGTON,2,,1,0,0,,W ST RD 45,,,,,W ST RD 45,S DUNCAN RD,,,,N,,0.0,,39.13502164,-86.59636646,ST RD,,,,RURAL,N,Y,N,,DAYLIGHT,CLEAR,DRY,,NO JUNCTION INVOLVED,,ASPHALT,FAILURE TO YIELD RIGHT OF WAY,$2501 TO $5000,RIGHT ANGLE,WSTATERD45SDUNCANRD,0,,2022-07-14 07:03:00,,,
INDIANA UNIV BLOOMINGTON PD,223341,MONROE,BLOOMINGTON,BLOOMINGTON,2,,0,0,0,,E JONES AVE,,,,,E JONES AVE,,,,,Y,,0.0,,39.16541257,-86.51471964,PRIVATE DR,,,,URBAN,N,N,N,,UNKNOWN,CLEAR,DRY,,NO JUNCTION INVOLVED,,ASPHALT,OTHER (DRIVER) - EXPLAIN IN NARRATIVE,UNDER $1001,BACKING CRASH,EJONESAVE,0,,2022-09-14 17:30:00,,,