Agency,Local Code,County,Township,City,Vehicles Involved,Trailers Involved,Number Injured,Number Dead,Number Deer,House Number,Roadway Name,Roadway Suffix,Roadway Number,Roadway Interchange,Roadway Ramp,Roadway Id,Intersecting Road,Intersecting Road Number,Mile Marker,Interchange,Corporate Limits?,Property Type,Feet From,Direction,Latitude,Longitude,Roadway Class,Traffic Control Devices?,Aggressive Driving?,Hit and Run?,Locality,School Zone?,Rumble Strips?,Construction?,Construction Type,Light Condition,Weather Conditions,Surface Condition,Type of Median,Roadway Junction Type,Road Character,Roadway Surface,Primary Factor,Damage Estimate,Manner of Collision,Unique Location Id,State Property Damage?,Traffic Control,DateTime,Address Number,Cyclist Involved,Pedestrian Involved
MONROE SD,M22A23152,MONROE,RICHLAND,BLOOMINGTON,1,,0,1,0,,W RATLIFF RD,,,,,W RATLIFF RD,N LOUDEN RD,,,,N,,320.0,,39.21658295,-86.64224929,LOCAL/CITY RD,,,,RURAL,N,N,N,,DAYLIGHT,CLEAR,DRY,,NO JUNCTION INVOLVED,,ASPHALT,UNSAFE SPEED,$10001 TO $25000,RAN OFF RD,WRATLIFFRDNLOUDENRD,0,,2022-09-20 03:45:00,,,
INDIANA UNIV BLOOMINGTON PD,221780,MONROE,BLOOMINGTON,BLOOMINGTON,2,,0,0,0,,E 17TH ST,,,,,E 17TH ST,N FEE LN,,,,Y,,0.0,,39.17901224,-86.51897124,LOCAL/CITY RD,,,,URBAN,N,N,N,,DARK (LIGHTED),CLEAR,WET,,FOUR-WAY INTERSECTION,,ASPHALT,FOLLOWING TOO CLOSELY,UNDER $1001,REAR END,NFEELNE17THST,0,,2022-05-06 10:55:00,,,
MONROE SD,M22A15924,MONROE,RICHLAND,BLOOMINGTON,1,,0,0,0,,N MT TABOR RD,,,,,N MT TABOR RD,N BARR RD,,,,N,,950.0,,39.27258542,-86.62072725,LOCAL/CITY RD,,,,RURAL,N,N,N,,DAYLIGHT,CLEAR,DRY,,NO JUNCTION INVOLVED,,ASPHALT,OVERCORRECTING/OVERSTEERING,$2501 TO $5000,RAN OFF RD,NMTTABORRDNBARRRD,0,,2022-07-04 15:26:00,,,
BLOOMINGTON PD,B22-12876,MONROE,PERRY,BLOOMINGTON,2,,2,0,0,,E 7TH ST,,,,,E 7TH ST,N DUNN ST,,,,Y,,0.0,,39.168516,-86.52827,LOCAL/CITY RD,,,,URBAN,N,N,N,,DAYLIGHT,RAIN,WET,,FOUR-WAY INTERSECTION,,ASPHALT,FAILURE TO YIELD RIGHT OF WAY,$5001 TO $10000,RIGHT ANGLE,N.DUNNSTE7THST,0,,2022-04-13 10:55:00,,,
BLOOMINGTON PD,B22-18540,MONROE,,BLOOMINGTON,2,,0,0,0,,528 S COLLEGE AVE,,,,,S COLLEGE AVE,,,,,Y,,0.0,,0.0,0.0,PRIVATE DR,,,,URBAN,N,N,N,,DAYLIGHT,CLEAR,DRY,,NO JUNCTION INVOLVED,,ASPHALT,UNSAFE BACKING,$1001 TO $2500,BACKING CRASH,528S.COLLEGEAVE,0,,2022-05-20 12:52:00,528.0,,
BLOOMINGTON PD,B22-19688,MONROE,BLOOMINGTON,BLOOMINGTON,2,,0,0,0,321,E 14TH ST,,,,,E 14TH ST,,,,,Y,,0.0,,39.1763015,-86.529906,PRIVATE DR,,,,URBAN,N,N,N,,DAYLIGHT,CLEAR,DRY,,NO JUNCTION INVOLVED,,ASPHALT,UNSAFE BACKING,$5001 TO $10000,RIGHT ANGLE,E14THST,0,,2022-05-28 10:24:00,,,
BLOOMINGTON PD,B22-38097,MONROE,PERRY,BLOOMINGTON,2,,0,0,0,,S HENDERSON ST,,,,,S HENDERSON ST,E WINSLOW RD,,,,Y,,264.0,,39.13645135,-86.52691115,LOCAL/CITY RD,,,,URBAN,N,N,N,,DAYLIGHT,CLEAR,DRY,,FOUR-WAY INTERSECTION,,ASPHALT,FAILURE TO YIELD RIGHT OF WAY,$2501 TO $5000,RIGHT ANGLE,SHENDERSONSTEWINSLOWRD,0,,2022-09-20 16:28:00,,,
INDIANA UNIV BLOOMINGTON PD,221235,MONROE,BLOOMINGTON,BLOOMINGTON,2,,0,0,0,,ST RD 45,,,,,ST RD 45,DISCOVERY PKWY,,,,Y,,0.0,,39.17529439,-86.50409789,ST RD,,,,URBAN,N,N,N,,DARK (LIGHTED),CLEAR,DRY,,T-INTERSECTION,,ASPHALT,HEADLIGHT DEFECTIVE OR NOT ON,$5001 TO $10000,RIGHT ANGLE,STATERD45DISCOVERYPKWY,0,,2022-04-03 21:30:00,,,
BLOOMINGTON PD,B22-19943,MONROE,PERRY,BLOOMINGTON,2,,0,0,0,2966,E 3RD ST,,,,,E 3RD ST,,,,,Y,,0.0,,39.161776,-86.494241,PRIVATE DR,,,,URBAN,N,N,N,,DAYLIGHT,CLEAR,DRY,,NO JUNCTION INVOLVED,,ASPHALT,UNSAFE BACKING,$1001 TO $2500,BACKING CRASH,E 3RDST,0,,2022-05-30 13:07:00,,,
BLOOMINGTON PD,B22-14219,MONROE,VAN BUREN,BLOOMINGTON,3,,0,0,0,,W 3RD ST,,,,,W 3RD ST,S LIBERTY DR,,,,N,,0.0,,39.1645966,-86.57915446,LOCAL/CITY RD,,,,URBAN,N,N,N,,DAYLIGHT,CLEAR,DRY,,FOUR-WAY INTERSECTION,,ASPHALT,FOLLOWING TOO CLOSELY,$1001 TO $2500,REAR END,W 3RDSTSLIBERTYDR,0,,2022-04-22 13:43:00,,,
INDIANA UNIV BLOOMINGTON PD,220675,MONROE,BLOOMINGTON,BLOOMINGTON,2,,0,0,0,1110,N EAGLESON AVE,,,,,N EAGLESON AVE,,,,,Y,,0.0,,39.17694504,-86.51220605,LOCAL/CITY RD,,,,URBAN,N,N,N,,DAYLIGHT,CLEAR,DRY,,NO JUNCTION INVOLVED,,ASPHALT,UNSAFE BACKING,$1001 TO $2500,BACKING CRASH,NEAGLESONAVE,0,,2022-02-21 14:05:00,,,
BLOOMINGTON PD,B22-23538,MONROE,PERRY,BLOOMINGTON,2,,0,0,0,,S WALNUT ST,,,,,S WALNUT ST,E HILLSIDE DR,,,,Y,,0.0,,39.15050099,-86.53365153,LOCAL/CITY RD,,,,URBAN,N,N,N,,DAYLIGHT,CLEAR,DRY,,FOUR-WAY INTERSECTION,,ASPHALT,FAILURE TO YIELD RIGHT OF WAY,$5001 TO $10000,RIGHT ANGLE,SWALNUTSTEHILLSIDEDR,0,,2022-06-23 08:49:00,,,
BLOOMINGTON PD,B22-39526,MONROE,PERRY,BLOOMINGTON,2,,0,0,0,,S WASHINGTON ST,,,,,S WASHINGTON ST,E 2ND ST,,,,Y,,150.0,,39.16045428,-86.53247304,LOCAL/CITY RD,,,,URBAN,N,N,N,,DAYLIGHT,CLEAR,DRY,,NO JUNCTION INVOLVED,,ASPHALT,UNSAFE BACKING,$1001 TO $2500,BACKING CRASH,SWASHINGTONSTE 2NDST,0,,2022-09-28 13:21:00,,,
BLOOMINGTON PD,B22-38753,MONROE,PERRY,BLOOMINGTON,2,,0,0,0,,S WALNUT ST,,,,,S WALNUT ST,E N DR,,,,Y,,475.0,,39.14487145,-86.53204518,LOCAL/CITY RD,,,,URBAN,N,N,N,,DAYLIGHT,CLEAR,DRY,,NO JUNCTION INVOLVED,,ASPHALT,UNSAFE LN MOVEMENT,$1001 TO $2500,SAME DIRECTION SIDESWIPE,SWALNUTSTENORTHDR,0,,2022-09-24 11:31:00,,,
BLOOMINGTON PD,B22-31954,MONROE,PERRY,BLOOMINGTON,2,,0,0,0,,W COOLIDGE DR,,,,,W COOLIDGE DR,S BRDVIEW DR,,,,Y,,0.0,,39.14133422,-86.54294299,LOCAL/CITY RD,,,,URBAN,N,N,N,,DARK (LIGHTED),CLOUDY,DRY,,NO JUNCTION INVOLVED,,ASPHALT,UNSAFE SPEED,$10001 TO $25000,SAME DIRECTION SIDESWIPE,WCOOLIDGEDRSBRDVIEWDR,0,,2022-08-16 22:10:00,,,
INDIANA UNIV BLOOMINGTON PD,220836,MONROE,BLOOMINGTON,BLOOMINGTON,2,,0,0,0,,E JONES AVE,,,,,E JONES AVE,S EAGLESON AVE,,,,Y,,200.0,,39.1654934,-86.51524406,LOCAL/CITY RD,,,,URBAN,N,N,N,,DARK (LIGHTED),CLEAR,DRY,,T-INTERSECTION,,ASPHALT,FAILURE TO YIELD RIGHT OF WAY,$5001 TO $10000,RIGHT ANGLE,SEAGLESON AVEAVEEJONESAVE,0,,2022-03-03 11:05:00,,,
INDIANA UNIV BLOOMINGTON PD,220611,MONROE,PERRY,BLOOMINGTON,3,,1,0,0,,E ATWATER AVE,,,,,E ATWATER AVE,S PARK AVE,,,,Y,,0.0,,39.16311875,-86.5245325,LOCAL/CITY RD,,,,URBAN,N,N,N,,DAYLIGHT,CLOUDY,DRY,,NO JUNCTION INVOLVED,,ASPHALT,FOLLOWING TOO CLOSELY,$5001 TO $10000,REAR END,SPARKAVEEATWATERAVE,0,,2022-02-16 12:50:00,,,
BLOOMINGTON PD,B22-32726,MONROE,PERRY,BLOOMINGTON,2,,0,0,0,,S WALNUT ST,,,,,S WALNUT ST,E RHORER RD,,,,Y,,0.0,,39.12146649,-86.53137137,LOCAL/CITY RD,,,,URBAN,N,N,N,,DAYLIGHT,CLEAR,DRY,,FOUR-WAY INTERSECTION,,ASPHALT,FAILURE TO YIELD RIGHT OF WAY,$2501 TO $5000,RIGHT ANGLE,SWALNUTSTERHORERRD,0,,2022-08-20 18:40:00,,,
BLOOMINGTON PD,B22-31500,MONROE,BLOOMINGTON,BLOOMINGTON,1,,0,0,0,,W 3RD ST,,,,,W 3RD ST,S COLLEGE AVE,,,,Y,,264.0,,39.16464519,-86.53542227,LOCAL/CITY RD,,,,URBAN,N,N,N,,DARK (LIGHTED),CLEAR,DRY,,NO JUNCTION INVOLVED,,CONCRETE,OTHER (DRIVER) - EXPLAIN IN NARRATIVE,$5001 TO $10000,RAN OFF RD,W 3RDSTSCOLLEGEAVE,0,,2022-08-14 02:50:00,,,
ELLETTSVILLE PD,E22-03286,MONROE,RICHLAND,ELLETTSVILLE,2,,0,0,0,,W PERRY DR,,,,,W PERRY DR,N SHELLY DR,,,,N,,0.0,,39.24060862,-86.60318595,,,,,RURAL,N,N,N,,DAYLIGHT,CLEAR,DRY,,T-INTERSECTION,,CONCRETE,FAILURE TO MAINTAIN LN,$5001 TO $10000,HEAD ON BETWEEN TWO MOTOR VEHICLES,WPERRYDRNSHELLYDR,0,,2022-08-29 16:14:00,,,
BLOOMINGTON PD,B22-12145,MONROE,PERRY,BLOOMINGTON,1,,0,0,0,885,S COLLEGE MALL RD,,,,,S COLLEGE MALL RD,,,,,Y,,0.0,,39.156867,-86.497037,PRIVATE DR,,,,URBAN,N,N,N,,DAYLIGHT,CLOUDY,WET,,NO JUNCTION INVOLVED,,ASPHALT,OTHER (VEHICLE) - EXPLAIN IN NARRATIVE,$10001 TO $25000,OTHER - EXPLAIN IN NARRATIVE,SCOLLEGEMALLRD,0,,2022-04-08 11:10:00,,,
BLOOMINGTON PD,B22-14267,MONROE,VAN BUREN,BLOOMINGTON,3,,2,0,0,,N GATES DR,,,,,N GATES DR,W 3RD ST,,,,Y,,0.0,,39.16459043,-86.576199,LOCAL/CITY RD,,,,URBAN,N,N,N,,DAYLIGHT,CLEAR,DRY,,FOUR-WAY INTERSECTION,,CONCRETE,FAILURE TO YIELD RIGHT OF WAY,$10001 TO $25000,LEFT TURN,W 3RDSTNGATESDR,0,,2022-04-22 05:35:00,,,
BLOOMINGTON PD,B22-26600,MONROE,PERRY,BLOOMINGTON,3,,2,0,0,,S ROGERS ST,,,,,S ROGERS ST,S ROCKPORT RD,,,,Y,,0.0,,39.14676291,-86.53891145,,,,,RURAL,N,N,N,,DAYLIGHT,CLEAR,DRY,,NO JUNCTION INVOLVED,,ASPHALT,FOLLOWING TOO CLOSELY,$10001 TO $25000,REAR END,SROGERSSTSROCKPORTRD,0,,2022-07-12 16:20:00,,,
BLOOMINGTON PD,B22-32010,MONROE,,BLOOMINGTON,2,,0,0,0,,I-69 S RAMP,,,,,I-69 S RAMP,W ST RD 46,,,,Y,,200.0,,39.1309148,-86.57319368,INTERSTATE,,,,URBAN,N,N,N,,DAYLIGHT,CLEAR,DRY,,RAMP,,ASPHALT,UNSAFE LN MOVEMENT,$2501 TO $5000,SAME DIRECTION SIDESWIPE,WST RD 46I-69SRAMP,0,,2022-08-17 09:03:00,,,
INDIANA UNIV BLOOMINGTON PD,222644,MONROE,BLOOMINGTON,BLOOMINGTON,2,,0,0,0,,E 10TH ST,,,,,E 10TH ST,N JEFFERSON ST,,,,Y,,0.0,,39.17140776,-86.5071947,LOCAL/CITY RD,,,,URBAN,N,N,N,,DAYLIGHT,CLEAR,DRY,,T-INTERSECTION,,ASPHALT,FOLLOWING TOO CLOSELY,$2501 TO $5000,REAR END,N.JEFFERSONSTE 10THST,0,,2022-08-16 16:45:00,,,
BLOOMINGTON PD,B22-03318,MONROE,BLOOMINGTON,BLOOMINGTON,3,,0,0,0,,E 7TH ST,,,,,E 7TH ST,N WASHINGTON ST,,,,Y,,0.0,,39.16855475,-86.53236885,LOCAL/CITY RD,,,,URBAN,N,N,N,,DARK (LIGHTED),CLEAR,DRY,,FOUR-WAY INTERSECTION,,ASPHALT,DISREGARD SIGNAL/REG SIGN,$10001 TO $25000,RIGHT TURN,NWASHINGTONSTE7THST,0,,2022-01-30 00:20:00,,,
BLOOMINGTON PD,B22-16929,MONROE,BLOOMINGTON,BLOOMINGTON,2,,0,0,0,,W 3RD ST,,,,,W 3RD ST,S CURRY PK,,,,Y,,211.0,,39.1646549,-86.58344455,LOCAL/CITY RD,,,,URBAN,N,N,N,,DAYLIGHT,CLEAR,DRY,,FOUR-WAY INTERSECTION,,ASPHALT,FOLLOWING TOO CLOSELY,$2501 TO $5000,REAR END,W 3RDSTSCURRYPK,0,,2022-05-09 16:47:00,,,
BLOOMINGTON PD,B22-24050,MONROE,VAN BUREN,BLOOMINGTON,2,,2,0,0,,FLEENER AVE,,,,,FLEENER AVE,S LEONARD SPRINGS RD,,,,Y,,0.0,,39.13734466,-86.5826819,LOCAL/CITY RD,,,,URBAN,N,N,N,,DAYLIGHT,CLEAR,DRY,,T-INTERSECTION,,ASPHALT,FAILURE TO YIELD RIGHT OF WAY,$10001 TO $25000,RIGHT ANGLE,SLEONARDSPRINGSRDFLEENERAVE,0,,2022-06-26 17:45:00,,,
INDIANA UNIV BLOOMINGTON PD,222798,MONROE,BLOOMINGTON,BLOOMINGTON,3,,0,0,0,,N EAGLESON AVE,,,,,N EAGLESON AVE,E LAW LN,,,,Y,,686.0,,39.17447274,-86.51487119,LOCAL/CITY RD,,,,URBAN,N,N,N,,DAYLIGHT,CLEAR,DRY,,NO JUNCTION INVOLVED,,ASPHALT,FAILURE TO YIELD RIGHT OF WAY,$5001 TO $10000,LEFT TURN,NEAGLESON AVEAVEELAWLN,0,,2022-08-24 07:32:00,,,
BLOOMINGTON PD,B22-33365,MONROE,PERRY,BLOOMINGTON,1,,0,0,0,,E 3RD ST,,,,,E 3RD ST,S COLLEGE MALL RD,,,,Y,,0.0,,39.16423502,-86.49825976,LOCAL/CITY RD,,,,URBAN,N,N,N,,DAYLIGHT,CLEAR,DRY,,FOUR-WAY INTERSECTION,,ASPHALT,FAILURE TO YIELD RIGHT OF WAY,UNDER $1001,RIGHT ANGLE,SCOLLEGEMALLRDE 3RDST,0,,2022-08-24 11:14:00,,True,
BLOOMINGTON PD,B22-18418,MONROE,VAN BUREN,BLOOMINGTON,2,,0,0,0,,W 3RD ST,,,,,W 3RD ST,S CURRY PK,,,,Y,,0.0,,39.16461868,-86.58299799,LOCAL/CITY RD,,,,URBAN,N,N,N,,DARK (LIGHTED),RAIN,WET,,FOUR-WAY INTERSECTION,,ASPHALT,DISREGARD SIGNAL/REG SIGN,$2501 TO $5000,RIGHT ANGLE,W 3RDSTSCURRYPK,0,,2022-05-19 17:12:00,,,
BLOOMINGTON PD,B22-18372,MONROE,BLOOMINGTON,BLOOMINGTON,2,,0,0,0,3207,E 3RD ST,,,,,E 3RD ST,,,,,Y,,0.0,,39.1644581,-86.49301468,PRIVATE DR,,,,URBAN,N,N,N,,DAYLIGHT,CLEAR,DRY,,NO JUNCTION INVOLVED,,ASPHALT,IMPROPER PASSING,$1001 TO $2500,SAME DIRECTION SIDESWIPE,E 3RDST,0,,2022-05-19 13:37:00,,,
BLOOMINGTON PD,B22-18041,MONROE,PERRY,BLOOMINGTON,1,,1,0,0,,S CLARIZZ BLVD,,,,,S CLARIZZ BLVD,E BRYN MAWR DR,,,,Y,,0.0,,39.15245569,-86.49006314,,,,,URBAN,N,N,N,,DAYLIGHT,CLEAR,DRY,,T-INTERSECTION,,ASPHALT,FAILURE TO YIELD RIGHT OF WAY,UNDER $1001,RIGHT ANGLE,SCLARIZZBLVDEBRYNMAWRDR,1,,2022-05-17 08:18:00,,True,
BLOOMINGTON PD,B22-16941,MONROE,BLOOMINGTON,BLOOMINGTON,2,,0,0,0,,W 10TH ST,,,,,W 10TH ST,N COLLEGE AVE,,,,Y,,0.0,,39.1716961,-86.53485722,LOCAL/CITY RD,,,,URBAN,N,N,N,,DAYLIGHT,CLEAR,DRY,,FOUR-WAY INTERSECTION,,ASPHALT,IMPROPER LN USAGE,$2501 TO $5000,SAME DIRECTION SIDESWIPE,W10THSTNCOLLEGEAVE,0,,2022-05-09 17:21:00,,,
ELLETTSVILLE PD,E2201170,MONROE,RICHLAND,ELLETTSVILLE,2,0.0,1,0,0,,,,ST RD 46 W,,,ST RD 46 W,SALE,,,,Y,,,,39.23384,-86.624704,ST RD,Y,N,N,URBAN,Y,N,N,,DAYLIGHT,CLEAR,DRY,,NO JUNCTION INVOLVED,STRAIGHT/LEVEL,ASPHALT,DISREGARD SIGNAL/REG SIGN,$10001 TO $25000,RIGHT ANGLE,SALESTST RD 46 W,0,TRAFFIC CONTROL SIGNAL,2022-04-02 13:53:00,,,
MONROE SD,M22A11095,MONROE,CLEAR CREEK,BLOOMINGTON,1,,0,0,0,,I-69,,,,,I-69,,,,,N,,0.0,,39.27810526,-86.52334008,,,,,RURAL,N,N,N,,DAYLIGHT,RAIN,WET,,NO JUNCTION INVOLVED,,ASPHALT,SPEED TOO FAST FOR WEATHER CONDITIONS,$1001 TO $2500,COLLISION WITH OBJECT IN RD,I-69,0,,2022-05-14 02:38:00,,,
BLOOMINGTON PD,B22-36745,MONROE,PERRY,BLOOMINGTON,2,,0,0,0,,W BLOOMFIELD RD,,,,,W BLOOMFIELD RD,S OAKDALE DR,,,,Y,,0.0,,39.14930497,-86.56955298,LOCAL/CITY RD,,,,URBAN,N,N,N,,DAYLIGHT,CLEAR,DRY,,NO JUNCTION INVOLVED,,ASPHALT,UNSAFE LN MOVEMENT,$1001 TO $2500,SAME DIRECTION SIDESWIPE,WBLOOMFIELDRDSOAKDALEDR,0,,2022-09-12 12:42:00,,,
MONROE SD,M22A22262,MONROE,CLEAR CREEK,BLOOMINGTON,1,,0,0,1,,ST RD 37,,,,,ST RD 37,E INGRAM RD,,,,N,,5000.0,,38.9918222,-86.5371992,ST RD,,,,RURAL,N,Y,N,,DARK (NOT LIGHTED),CLEAR,DRY,,NO JUNCTION INVOLVED,,ASPHALT,ANIMAL/OBJECT IN RDWAY,$2501 TO $5000,COLLISION WITH DEER,STATERD37EINGRAMRD,0,,2022-09-10 00:52:00,,,
MONROE SD,M22A5022,MONROE,SALT CREEK,BLOOMINGTON,1,,0,0,1,,S HWY 446,,,,,S HWY 446,S SWARTZ RIDGE RD,,,,N,,0.0,,0.0,0.0,ST RD,,,,RURAL,N,N,N,,DAWN/DUSK,CLOUDY,DRY,,NO JUNCTION INVOLVED,,ASPHALT,ANIMAL/OBJECT IN RDWAY,$5001 TO $10000,SAME DIRECTION SIDESWIPE,SOUTHSWARTZRIDGERDSOUTHHWY446,0,,2022-03-03 07:15:00,,,
BLOOMINGTON PD,B22-21509,MONROE,BLOOMINGTON,BLOOMINGTON,2,,0,0,0,1681,N COLLEGE AVE,,,,,N COLLEGE AVE,,,,,Y,,0.0,,39.18137446,-86.53641652,PRIVATE DR,,,,URBAN,N,N,N,,DAYLIGHT,CLEAR,DRY,,NO JUNCTION INVOLVED,,ASPHALT,UNSAFE BACKING,UNDER $1001,SAME DIRECTION SIDESWIPE,NCOLLEGEAVE,0,,2022-06-09 13:58:00,,,
BLOOMINGTON PD,B22-32160,MONROE,RICHLAND,BLOOMINGTON,2,,0,0,0,,1439 N TELLURIDE ST,,,,,N TELLURIDE ST,,,,,Y,,0.0,,0.0,0.0,PRIVATE DR,,,,URBAN,N,N,N,,DARK (LIGHTED),CLEAR,DRY,,NO JUNCTION INVOLVED,,CONCRETE,UNSAFE BACKING,$2501 TO $5000,SAME DIRECTION SIDESWIPE,1439NTELLURIDEST,0,,2022-08-17 20:30:00,1439.0,,
BLOOMINGTON PD,B22-09633,MONROE,PERRY,BLOOMINGTON,3,,0,0,0,,S ST RD 37,,,,,S ST RD 37,S WALNUT ST,,,,Y,,0.0,,39.1375362,-86.53052807,LOCAL/CITY RD,,,,URBAN,N,N,N,,DARK (LIGHTED),RAIN,WET,,T-INTERSECTION,,ASPHALT,FAILURE TO YIELD RIGHT OF WAY,$10001 TO $25000,SAME DIRECTION SIDESWIPE,SWALNUTSTSOLDSTATERD37,0,,2022-03-22 07:00:00,,,
BLOOMINGTON PD,B22-06677,MONROE,BLOOMINGTON,BLOOMINGTON,2,,0,0,0,,I-69,,,,,I-69,W 3RD ST,,,,Y,,0.0,,39.164522,-86.573015,,,,,URBAN,N,N,N,,DAYLIGHT,CLEAR,DRY,,FOUR-WAY INTERSECTION,,ASPHALT,DISREGARD SIGNAL/REG SIGN,$2501 TO $5000,RIGHT ANGLE,W 3RDSTI-69,0,,2022-02-28 11:53:00,,,
MONROE SD,M22A5554,MONROE,PERRY,BLOOMINGTON,1,,0,0,0,,W FULLERTON PK,,,,,W FULLERTON PK,S ROCKPORT RD,,,,N,,0.0,,39.12217037,-86.5622245,COUNTY RD,,,,RURAL,N,N,N,,DARK (NOT LIGHTED),CLEAR,DRY,,T-INTERSECTION,,ASPHALT,ANIMAL/OBJECT IN RDWAY,$5001 TO $10000,RAN OFF RD,WFULLERTONPKSROCKPORTRD,0,,2022-03-10 00:10:00,,,
BLOOMINGTON PD,B22-05526,MONROE,BLOOMINGTON,BLOOMINGTON,2,,0,0,0,2819,3RD ST,,,,,3RD ST,,,,,Y,,0.0,,39.16481098,-86.49534849,OTHER,,,,URBAN,N,N,N,,DARK (LIGHTED),CLOUDY,DRY,,NO JUNCTION INVOLVED,,ASPHALT,DRIVER DISTRACTED - EXPLAIN IN NARRATIVE,$1001 TO $2500,REAR END,3RDST,0,,2022-02-19 00:40:00,,,
BLOOMINGTON PD,B22-09765,MONROE,BLOOMINGTON,BLOOMINGTON,2,,0,0,0,,318 N WALNUT ST,,,,,N WALNUT ST,,,,,Y,,0.0,,39.1689332,-86.53358099,,,,,URBAN,N,N,N,,DARK (LIGHTED),CLEAR,DRY,,NO JUNCTION INVOLVED,,CONCRETE,IMPROPER TURNING,$1001 TO $2500,RIGHT TURN,318NWALNUTST,0,,2022-03-22 21:30:00,318.0,,
BLOOMINGTON PD,B22-30008,MONROE,VAN BUREN,BLOOMINGTON,2,,0,0,0,,S SUGAR MAPLE CT,,,,,S SUGAR MAPLE CT,S SUGAR MAPLE PL,,,,Y,,0.0,,39.15643132,-86.58807119,PRIVATE DR,,,,URBAN,N,N,N,,DAYLIGHT,CLOUDY,DRY,,NO JUNCTION INVOLVED,,ASPHALT,UNSAFE BACKING,$2501 TO $5000,RIGHT ANGLE,SSUGARMAPLEPLSSUGARMAPLECT,0,,2022-08-04 09:00:00,,,
BLOOMINGTON PD,B22-18862,MONROE,PERRY,BLOOMINGTON,1,,1,0,0,,W 1ST,,,,,W 1ST,S ROGERS ST,,,,Y,,0.0,,39.15942611,-86.53868624,LOCAL/CITY RD,,,,URBAN,N,N,N,,DARK (LIGHTED),CLOUDY,DRY,,FOUR-WAY INTERSECTION,,ASPHALT,PEDESTRIAN ACTION,$1001 TO $2500,RIGHT ANGLE,W1STSTSROGERSST,1,,2022-05-22 22:29:00,,True,
INDIANA UNIV BLOOMINGTON PD,223037,MONROE,BLOOMINGTON,BLOOMINGTON,2,,0,0,0,,E 13TH ST,,,,,E 13TH ST,N WALNUT GROVE AVE,,,,Y,,0.0,,39.1749731,-86.52014839,PRIVATE DR,,,,URBAN,N,N,N,,DARK (NOT LIGHTED),CLEAR,DRY,,NO JUNCTION INVOLVED,,ASPHALT,IMPROPER TURNING,$2501 TO $5000,SAME DIRECTION SIDESWIPE,NWALNUTGROVEAVEE13THST,0,,2022-09-01 22:10:00,,,
MONROE SD,M22A15074,MONROE,PERRY,BLOOMINGTON,2,,0,0,0,,RHORER RD,,,,,RHORER RD,HARRELL RD,,,,N,,0.0,,39.121534,-86.498784,LOCAL/CITY RD,,,,RURAL,N,N,N,,DAYLIGHT,CLEAR,DRY,,T-INTERSECTION,,ASPHALT,FOLLOWING TOO CLOSELY,$10001 TO $25000,REAR END,RHORERRDHARRELLRD,0,,2022-06-25 18:15:00,,,
ELLETTSVILLE PD,E2203936,MONROE,RICHLAND,ELLETTSVILLE,2,0.0,0,0,0,,UNION VALLEY,DR,,,,UNION VALLEY,,,,,Y,,,,39.215152,-86.5928,LOCAL/CITY RD,Y,N,N,URBAN,N,N,N,,DAYLIGHT,CLEAR,DRY,,NO JUNCTION INVOLVED,STRAIGHT/LEVEL,ASPHALT,FAILURE TO YIELD RIGHT OF WAY,$2501 TO $5000,REAR END,ST RD 46 WUNIONVALLEYDR,0,TRAFFIC CONTROL SIGNAL,2022-09-30 13:23:00,,,
BLOOMINGTON PD,B22-04927,MONROE,BLOOMINGTON,BLOOMINGTON,2,,0,0,0,115,ST RD 46,,,,,ST RD 46,,,,,Y,,0.0,,39.16550615,-86.49826295,LOCAL/CITY RD,,,,URBAN,N,N,N,,DAYLIGHT,CLEAR,DRY,,NO JUNCTION INVOLVED,,ASPHALT,IMPROPER TURNING,$1001 TO $2500,LEFT TURN,STATERD46,0,,2022-02-13 00:00:00,,,
BLOOMINGTON PD,B22-30423,MONROE,BLOOMINGTON,BLOOMINGTON,2,,2,1,0,,ST RD 46,,,,,ST RD 46,I-69 ON-RAMP SB,,,,Y,,0.0,,39.18715752,-86.55802793,ST RD,,,,URBAN,N,N,N,,DAYLIGHT,CLEAR,DRY,,RAMP,,ASPHALT,DISREGARD SIGNAL/REG SIGN,$10001 TO $25000,RIGHT ANGLE,STATERD46I-69ON-RAMPSB,0,,2022-08-06 19:07:00,,,
ISP BLOOMINGTON 33,2022-00346969,MONROE,WASHINGTON,BLOOMINGTON,2,,1,0,0,,,,69,,,69,PENTACOSTAL CHURCH RD,,127.5,,N,,739.0,,39.28897261,-86.51829193,INTERSTATE,,,,RURAL,N,Y,N,,DAYLIGHT,CLEAR,DRY,,NO JUNCTION INVOLVED,,ASPHALT,UNSAFE LN MOVEMENT,$5001 TO $10000,REAR END,PENTACOSTALCHURCHRD69,0,,2022-08-06 11:34:00,,,
BLOOMINGTON PD,B22-27853,MONROE,BLOOMINGTON,BLOOMINGTON,2,,1,0,0,3021,E 3RD ST,,,,,E 3RD ST,,,,,Y,,0.0,,39.16440667,-86.49338777,PRIVATE DR,,,,URBAN,N,N,N,,DAYLIGHT,CLEAR,DRY,,NO JUNCTION INVOLVED,,CONCRETE,UNSAFE BACKING,$2501 TO $5000,BACKING CRASH,E 3RDST,0,,2022-07-19 14:00:00,,,