Agency,Local Code,County,Township,City,Vehicles Involved,Trailers Involved,Number Injured,Number Dead,Number Deer,House Number,Roadway Name,Roadway Suffix,Roadway Number,Roadway Interchange,Roadway Ramp,Roadway Id,Intersecting Road,Intersecting Road Number,Mile Marker,Interchange,Corporate Limits?,Property Type,Feet From,Direction,Latitude,Longitude,Roadway Class,Traffic Control Devices?,Aggressive Driving?,Hit and Run?,Locality,School Zone?,Rumble Strips?,Construction?,Construction Type,Light Condition,Weather Conditions,Surface Condition,Type of Median,Roadway Junction Type,Road Character,Roadway Surface,Primary Factor,Damage Estimate,Manner of Collision,Unique Location Id,State Property Damage?,Traffic Control,DateTime,Address Number,Cyclist Involved,Pedestrian Involved
MONROE SD,M22A12428,MONROE,VAN BUREN,BLOOMINGTON,2,,1,0,0,,HARMONY RD,,,,,HARMONY RD,ROCKPORT RD,,,,N,,0.0,,39.05018286,-86.60923189,COUNTY RD,,,,RURAL,N,N,N,,DAYLIGHT,CLEAR,DRY,,T-INTERSECTION,,ASPHALT,FAILURE TO YIELD RIGHT OF WAY,$1001 TO $2500,RIGHT ANGLE,ROCKPORTRDHARMONYRD,0,,2022-05-28 15:38:00,,,
BLOOMINGTON PD,B22-38846,MONROE,BLOOMINGTON,BLOOMINGTON,1,,1,0,0,,I-69,,,,,I-69,,,120.0,,Y,,792.0,,39.18564611,-86.5547163,ST RD,,,,RURAL,N,Y,N,,DARK (LIGHTED),CLEAR,DRY,,RAMP,,CONCRETE,ANIMAL/OBJECT IN RDWAY,$25001 TO $50000,RAN OFF RD,I-69120,0,,2022-09-25 00:00:00,,,
ELLETTSVILLE PD,E2203776,MONROE,RICHLAND,ELLETTSVILLE,2,0.0,0,0,0,,,,ST RD 46 W,,,ST RD 46 W,SALE,,,,Y,,100.0,E,39.23365777,-86.62443977,ST RD,,N,N,URBAN,N,N,N,,DAYLIGHT,CLEAR,DRY,,NO JUNCTION INVOLVED,STRAIGHT/LEVEL,ASPHALT,IMPROPER TURNING,$5001 TO $10000,SAME DIRECTION SIDESWIPE,SALESTST RD 46 W,0,NONE,2022-09-22 11:06:00,,,
BLOOMINGTON PD,B22-23805,MONROE,PERRY,BLOOMINGTON,2,,1,0,0,,S WALNUT ST,,,,,S WALNUT ST,E MILLER DR,,,,Y,,0.0,,39.14690806,-86.53267569,LOCAL/CITY RD,,,,URBAN,N,N,N,,DAWN/DUSK,CLEAR,DRY,,T-INTERSECTION,,ASPHALT,FAILURE TO YIELD RIGHT OF WAY,$10001 TO $25000,LEFT/RIGHT TURN,SWALNUTSTEMILLERDR,0,,2022-06-24 08:25:00,,,
ELLETTSVILLE PD,E22-04048,MONROE,RICHLAND,ELLETTSVILLE,1,,0,0,1,,W ST RD 46,,,,,W ST RD 46,N CAPITOL AVE,,,,Y,,0.0,,39.22369943,-86.60990718,ST RD,,,,URBAN,N,N,N,,DARK (NOT LIGHTED),CLEAR,DRY,,NO JUNCTION INVOLVED,,ASPHALT,ANIMAL/OBJECT IN RDWAY,$5001 TO $10000,COLLISION WITH DEER,WSTATERD46NCAPITOLAVE,0,,2022-10-05 21:50:00,,,
INDIANA UNIV BLOOMINGTON PD,223761,MONROE,BLOOMINGTON,BLOOMINGTON,2,,1,0,0,,N EAGLESON AVE,,,,,N EAGLESON AVE,E 17TH ST,,,,Y,,0.0,,39.17886828,-86.5109498,LOCAL/CITY RD,,,,URBAN,N,N,N,,DAWN/DUSK,CLEAR,DRY,,T-INTERSECTION,,ASPHALT,DISREGARD SIGNAL/REG SIGN,$2501 TO $5000,RIGHT ANGLE,NEAGLESON AVEAVEE17THST,0,,2022-10-05 18:35:00,,,
BLOOMINGTON PD,B22-16201,MONROE,BLOOMINGTON,BLOOMINGTON,2,,0,0,0,,W 3RD ST,,,,,W 3RD ST,S WESTPLEX AVE,,,,Y,,0.0,,39.1643998,-86.55389376,LOCAL/CITY RD,,,,URBAN,N,N,N,,DAYLIGHT,CLOUDY,DRY,,FOUR-WAY INTERSECTION,,ASPHALT,FAILURE TO YIELD RIGHT OF WAY,$5001 TO $10000,RIGHT ANGLE,W 3RDSTSWESTPLEXAVE,0,,2022-05-04 16:48:00,,,
ELLETTSVILLE PD,E22-03856,MONROE,RICHLAND,ELLETTSVILLE,2,,0,0,0,,ENDWRIGHT LN,,,,,ENDWRIGHT LN,W ST RD 46,,,,N,,0.0,,39.2254911,-86.6128475,ST RD,,,,RURAL,N,N,N,,DAYLIGHT,CLEAR,DRY,,NO JUNCTION INVOLVED,,ASPHALT,FOLLOWING TOO CLOSELY,$2501 TO $5000,REAR END,W.STATERD46ENDWRIGHTLN,0,,2022-09-26 04:30:00,,,
INDIANA UNIV BLOOMINGTON PD,221787,MONROE,BLOOMINGTON,BLOOMINGTON,2,,0,0,0,,ACCESS DR TO HILLTOP GARDEN,,,,,ACCESS DR TO HILLTOP GARDENS,,,,,Y,,0.0,,39.17344742,-86.50445874,PRIVATE DR,,,,URBAN,N,N,N,,DAYLIGHT,RAIN,WET,,NO JUNCTION INVOLVED,,ASPHALT,IMPROPER TURNING,$2501 TO $5000,RIGHT TURN,ACCESSDRTOHILLTOPGARDENS,0,,2022-05-06 15:30:00,,,
INDIANA UNIV BLOOMINGTON PD,221449,MONROE,BLOOMINGTON,BLOOMINGTON,2,,0,0,0,,N SUNRISE DR,,,,,N SUNRISE DR,E 7TH ST,,,,Y,,634.0,,39.16965271,-86.51242769,LOCAL/CITY RD,,,,URBAN,N,N,N,,DAYLIGHT,CLOUDY,DRY,,NO JUNCTION INVOLVED,,ASPHALT,FAILURE TO YIELD RIGHT OF WAY,$1001 TO $2500,SAME DIRECTION SIDESWIPE,NSUNRISEDRE7THST,0,,2022-04-10 16:45:00,,,
INDIANA UNIV BLOOMINGTON PD,221756,MONROE,BLOOMINGTON,BLOOMINGTON,2,,0,0,0,,E LINGELBACH LN,,,,,E LINGELBACH LN,,,,,Y,,0.0,,39.17833164,-86.5080006,PRIVATE DR,,,,URBAN,N,N,N,,DAYLIGHT,CLEAR,DRY,,NO JUNCTION INVOLVED,,ASPHALT,UNSAFE BACKING,$2501 TO $5000,BACKING CRASH,ELINGELBACHLN,0,,2022-05-04 17:40:00,,,
BLOOMINGTON PD,B22-12759,MONROE,PERRY,BLOOMINGTON,2,,0,0,0,504,S BASSWOOD DR APT B,,,,,S BASSWOOD DR APT B,,,,,Y,,0.0,,39.16166636,-86.56968697,LOCAL/CITY RD,,,,URBAN,N,N,N,,DARK (LIGHTED),CLEAR,DRY,,NO JUNCTION INVOLVED,,ASPHALT,FAILURE TO YIELD RIGHT OF WAY,$1001 TO $2500,OTHER - EXPLAIN IN NARRATIVE,SBASSWOODDRAPTB,0,,2022-04-12 01:00:00,,,
INDIANA UNIV BLOOMINGTON PD,221774,MONROE,BLOOMINGTON,BLOOMINGTON,2,,0,0,0,,45/46 BYPASS,,,,,45/46 BYPASS,DISCOVERY PARKWAY,,,,Y,,0.0,,39.17542506,-86.50436229,ST RD,,,,URBAN,N,N,N,,DAYLIGHT,RAIN,WET,,NO JUNCTION INVOLVED,,ASPHALT,FAILURE TO YIELD RIGHT OF WAY,$2501 TO $5000,SAME DIRECTION SIDESWIPE,DISCOVERYPARKWAY45/46BYPASS,0,,2022-05-05 16:25:00,,,
BLOOMINGTON PD,B22-28709,MONROE,PERRY,BLOOMINGTON,2,,1,0,0,,W BLOOMFIELD RD,,,,,W BLOOMFIELD RD,S WEIMER RD,,,,Y,,581.0,,39.15372408,-86.56531432,LOCAL/CITY RD,,,,URBAN,N,N,N,,DAYLIGHT,RAIN,WET,,NO JUNCTION INVOLVED,,ASPHALT,FOLLOWING TOO CLOSELY,$2501 TO $5000,REAR END,WBLOOMFIELDRDSWEIMERRD,0,,2022-07-27 08:40:00,,,
MONROE SD,M22A24360,MONROE,INDIAN CREEK,BLOOMINGTON,2,,0,0,0,,I-69 S,,,,,I-69 S,,,,,N,,0.0,,39.07125482,-86.60991581,,,,,RURAL,N,Y,N,,DAYLIGHT,CLEAR,DRY,,NO JUNCTION INVOLVED,,ASPHALT,IMPROPER LN USAGE,$2501 TO $5000,SAME DIRECTION SIDESWIPE,SINTERSTATE69,0,,2022-10-04 11:28:00,,,
BLOOMINGTON PD,B22-23105,MONROE,PERRY,BLOOMINGTON,2,,0,0,0,,W 3RD ST,,,,,W 3RD ST,S FRANKLIN RD,,,,Y,,0.0,,,,LOCAL/CITY RD,,,,URBAN,N,N,N,,DAYLIGHT,CLEAR,DRY,,FOUR-WAY INTERSECTION,,ASPHALT,DISREGARD SIGNAL/REG SIGN,$5001 TO $10000,LEFT TURN,W 3RDSTSFRANKLINRD,0,,2022-06-20 14:50:00,,,
INDIANA UNIV BLOOMINGTON PD,220510,MONROE,BLOOMINGTON,BLOOMINGTON,1,,0,0,0,,N DUNN ST,,,,,N DUNN ST,,,,,Y,,0.0,,39.18182293,-86.52659102,LOCAL/CITY RD,,,,URBAN,N,N,N,,DARK (NOT LIGHTED),CLEAR,WET,,NO JUNCTION INVOLVED,,ASPHALT,IMPROPER TURNING,$2501 TO $5000,SAME DIRECTION SIDESWIPE,NDUNNST,0,,2022-02-10 07:00:00,,,
BLOOMINGTON PD,B22-28667,MONROE,BLOOMINGTON,BLOOMINGTON,2,,0,0,0,,N SASSAFRAS DR,,,,,N SASSAFRAS DR,W ARLINGTON VALLEY DR,,,,Y,,0.0,,39.18224376,-86.54752172,PRIVATE DR,,,,URBAN,N,N,N,,DARK (LIGHTED),RAIN,WET,,NO JUNCTION INVOLVED,,ASPHALT,UNSAFE LN MOVEMENT,$1001 TO $2500,SAME DIRECTION SIDESWIPE,WARLINGTONVALLEYDRNSASSAFRASDR,0,,2022-07-25 00:00:00,,,
MONROE SD,M22A13183,MONROE,VAN BUREN,BLOOMINGTON,2,,2,0,0,,W ST RD 45,,,,,W ST RD 45,W ST RD 45,,,,N,,0.0,,39.11487875,-86.63167141,ST RD,,,,RURAL,N,N,N,,DAWN/DUSK,CLEAR,DRY,,Y-INTERSECTION,,ASPHALT,LEFT OF CENTER,$10001 TO $25000,SAME DIRECTION SIDESWIPE,WSTATERD45 WSTATERD45,0,,2022-06-05 20:40:00,,,
BLOOMINGTON PD,B22-41758,MONROE,PERRY,BLOOMINGTON,2,,0,0,0,,2800 S REX GROSSMAN BLVD,,,,,S REX GROSSMAN BLVD,,,,,Y,,0.0,,0.0,0.0,PRIVATE DR,,,,URBAN,N,N,N,,DAYLIGHT,CLEAR,DRY,,NO JUNCTION INVOLVED,,ASPHALT,UNSAFE BACKING,$2501 TO $5000,BACKING CRASH,2800S.REXGROSSMANBLVD,0,,2022-10-10 08:21:00,2800.0,,
INDIANA UNIV BLOOMINGTON PD,221480,MONROE,BLOOMINGTON,BLOOMINGTON,2,,0,0,0,,ST RD 45,,,,,ST RD 45,WALKWAY,,,,Y,,528.0,,39.17427728,-86.50383658,ST RD,,,,URBAN,N,N,N,,DAYLIGHT,CLEAR,DRY,,NO JUNCTION INVOLVED,,ASPHALT,UNSAFE SPEED,$5001 TO $10000,REAR END,WALKWAYSTATERD45,0,,2022-04-19 15:10:00,,,
MONROE SD,M22A13022,MONROE,PERRY,BLOOMINGTON,1,,0,0,0,,S FAIRFAX RD,,,,,S FAIRFAX RD,,,,,N,,0.0,,39.10755863,-86.5246566,PRIVATE DR,,,,URBAN,N,N,N,,DARK (LIGHTED),CLEAR,DRY,,NO JUNCTION INVOLVED,,GRAVEL,OTHER (DRIVER) - EXPLAIN IN NARRATIVE,$2501 TO $5000,BACKING CRASH,SFAIRFAXRD,0,,2022-06-03 22:50:00,,,
BLOOMINGTON PD,B22-06219,MONROE,BLOOMINGTON,BLOOMINGTON,2,,1,0,0,,E 14TH ST,,,,,E 14TH ST,N WALNUT ST,,,,Y,,0.0,,39.17596659,-86.53349773,LOCAL/CITY RD,,,,URBAN,N,N,N,,DAYLIGHT,RAIN,WET,,FOUR-WAY INTERSECTION,,ASPHALT,FAILURE TO YIELD RIGHT OF WAY,$2501 TO $5000,RIGHT ANGLE,NWALNUTSTE14THST,0,,2022-02-24 17:15:00,,,
ELLETTSVILLE PD,E2200535,MONROE,RICHLAND,ELLETTSVILLE,2,0.0,0,0,0,,,,ST RD 46 W,,,ST RD 46 W,SMITH,,,,Y,,200.0,W,39.21047397,-86.5837645,ST RD,,N,N,URBAN,N,N,N,,DAYLIGHT,RAIN,WET,,FOUR-WAY INTERSECTION,STRAIGHT/LEVEL,ASPHALT,FAILURE TO YIELD RIGHT OF WAY,$5001 TO $10000,RIGHT ANGLE,SMITHPKST RD 46 W,0,STOP SIGN,2022-02-11 16:18:00,,,
INDIANA UNIV BLOOMINGTON PD,222255,MONROE,BLOOMINGTON,BLOOMINGTON,2,,0,0,0,,E 10TH ST,,,,,E 10TH ST,ST RD 45,,,,Y,,0.0,,39.1715911,-86.50217405,ST RD,,,,URBAN,N,N,N,,DAYLIGHT,CLEAR,DRY,,FOUR-WAY INTERSECTION,,ASPHALT,FOLLOWING TOO CLOSELY,$1001 TO $2500,REAR END,STATERD45E 10THST,0,,2022-06-27 16:10:00,,,
BLOOMINGTON PD,B22-05021,MONROE,VAN BUREN,BLOOMINGTON,2,,0,0,0,,W 3RD ST,,,,,W 3RD ST,LIBERTY DR,,,,Y,,300.0,,39.164606,-86.579131,LOCAL/CITY RD,,,,URBAN,N,N,N,,DAYLIGHT,CLEAR,DRY,,NO JUNCTION INVOLVED,,ASPHALT,FOLLOWING TOO CLOSELY,UNDER $1001,REAR END,W 3RDSTLIBERTYDR,0,,2022-02-14 12:28:00,,,
MONROE SD,M22A11341,MONROE,PERRY,,2,,0,0,0,,ST RD 46,,,,,ST RD 46,,,,,N,,0.0,,39.18724622,-86.55808248,ST RD,,,,RURAL,N,N,N,,DAYLIGHT,CLEAR,DRY,,NO JUNCTION INVOLVED,,ASPHALT,FOLLOWING TOO CLOSELY,$5001 TO $10000,REAR END,STATERD46,0,,2022-05-17 08:02:00,,,
BLOOMINGTON PD,B22-24826,MONROE,BLOOMINGTON,BLOOMINGTON,1,,1,0,0,,S PATTERSON DR,,,,,S PATTERSON DR,,,,,Y,,0.0,,,,,,,,URBAN,N,N,N,,DAYLIGHT,CLEAR,DRY,,NO JUNCTION INVOLVED,,ASPHALT,FAILURE TO YIELD RIGHT OF WAY,UNDER $1001,SAME DIRECTION SIDESWIPE,S.PATTERSONDR,1,,2022-07-01 08:51:00,,,
INDIANA UNIV BLOOMINGTON PD,222968,MONROE,BLOOMINGTON,BLOOMINGTON,2,,0,0,0,,N UNION ST,,,,,N UNION ST,E 10TH ST,,,,Y,,0.0,,39.17113535,-86.5094263,LOCAL/CITY RD,,,,URBAN,N,N,N,,DAYLIGHT,CLEAR,DRY,,T-INTERSECTION,,ASPHALT,IMPROPER LN USAGE,$1001 TO $2500,SAME DIRECTION SIDESWIPE,NUNIONSTE 10THST,0,,2022-09-01 11:10:00,,,
BLOOMINGTON PD,B22-32719,MONROE,PERRY,BLOOMINGTON,3,,0,0,0,310,S COLLEGE AVE,,,,,S COLLEGE AVE,,,,,Y,,0.0,,39.16363779,-86.53499928,PRIVATE DR,,,,URBAN,N,N,N,,DAYLIGHT,CLEAR,DRY,,NO JUNCTION INVOLVED,,ASPHALT,OVERCORRECTING/OVERSTEERING,$5001 TO $10000,LEFT TURN,SCOLLEGEAVE,0,,2022-08-20 17:49:00,,,
INDIANA UNIV BLOOMINGTON PD,222055,MONROE,BLOOMINGTON,BLOOMINGTON,2,,0,0,0,,N FEE LN,,,,,N FEE LN,N FEE LN,,,,Y,,0.0,,39.17329757,-86.51928555,PRIVATE DR,,,,URBAN,N,N,N,,DAYLIGHT,CLEAR,DRY,,NO JUNCTION INVOLVED,,CONCRETE,UNSAFE BACKING,$1001 TO $2500,BACKING CRASH,NFEELNNFEELN,0,,2022-06-06 07:22:00,,,
BLOOMINGTON PD,B22-14814,MONROE,,BLOOMINGTON,2,,0,0,0,,E 3RD ST,,,,,E 3RD ST,COLLEGE MALL RD,,,,Y,,100.0,,39.1640097,-86.4959764,,,,,URBAN,N,N,N,,DAYLIGHT,CLOUDY,DRY,,FOUR-WAY INTERSECTION,,ASPHALT,FAILURE TO YIELD RIGHT OF WAY,$10001 TO $25000,REAR END,E 3RDSTCOLLEGEMALLRD,0,,2022-04-25 12:15:00,,,
MONROE SD,M22A10368,MONROE,PERRY,BLOOMINGTON,2,,0,0,0,,W DILLMAN RD,,,,,W DILLMAN RD,W DILLMAN RD,,,,N,,0.0,,39.09325502,-86.54608792,ST RD,,,,RURAL,N,N,N,,DAYLIGHT,RAIN,WET,,FOUR-WAY INTERSECTION,,ASPHALT,RDWAY SURFACE CONDITION,$2501 TO $5000,SAME DIRECTION SIDESWIPE,WDILLMANRDWDILLMANRD,0,,2022-05-06 17:48:00,,,
BLOOMINGTON PD,B22-38393,MONROE,PERRY,BLOOMINGTON,2,,0,0,0,2901,W JULIES WAY,,,,,W JULIES WAY,,,,,Y,,0.0,,39.15374618,-86.57097007,PRIVATE DR,,,,URBAN,N,N,N,,DAYLIGHT,CLEAR,DRY,,NO JUNCTION INVOLVED,,ASPHALT,UNSAFE BACKING,$1001 TO $2500,BACKING CRASH,WJULIESWAY,0,,2022-09-22 13:06:00,,,
INDIANA UNIV BLOOMINGTON PD,222898,MONROE,BLOOMINGTON,BLOOMINGTON,2,,0,0,0,518,E 7TH ST,,,,,E 7TH ST,,,,,Y,,0.0,,39.1682145,-86.527265,PRIVATE DR,,,,URBAN,N,N,N,,DAYLIGHT,CLEAR,DRY,,NO JUNCTION INVOLVED,,GRAVEL,UNSAFE BACKING,$1001 TO $2500,OPPOSITE DIRECTION SIDESWIPE,E7THST,0,,2022-08-29 13:00:00,,,
ISP BLOOMINGTON 33,2.022E+11,MONROE,PERRY,BLOOMINGTON,2,,0,0,0,,ST RD 37,,,,,ST RD 37,,,,,N,,0.0,,39.0885841,-86.54506474,ST RD,,,,RURAL,N,N,N,,DAYLIGHT,RAIN,WET,,T-INTERSECTION,,ASPHALT,FAILURE TO MAINTAIN LN,UNDER $1001,SAME DIRECTION SIDESWIPE,STATERD37,0,,2022-04-21 09:30:00,,,
BLOOMINGTON PD,B22-36154,MONROE,BLOOMINGTON,BLOOMINGTON,2,,1,0,0,,S MORTON ST,,,,,S MORTON ST,W 2ND ST,,,,Y,,0.0,,39.16140509,-86.53631277,LOCAL/CITY RD,,,,URBAN,N,N,N,,DARK (LIGHTED),CLEAR,DRY,,TRAIL CROSSINGS,,ASPHALT,FOLLOWING TOO CLOSELY,$2501 TO $5000,REAR END,W 2NDSTSMORTONST,0,,2022-09-08 21:40:00,,,
MONROE SD,M22A23388,MONROE,CLEAR CREEK,,1,,1,0,0,,W FLUCK MILL RD,,,,,W FLUCK MILL RD,S VICTOR PK,,,,N,,0.0,,39.07378881,-86.57096027,,,,,RURAL,N,N,N,,DARK (NOT LIGHTED),CLEAR,DRY,,Y-INTERSECTION,,ASPHALT,UNSAFE SPEED,$5001 TO $10000,RAN OFF RD,WFLUCKMILLRDSVICTORPK,0,,2022-09-23 06:40:00,,,
ELLETTSVILLE PD,E2203791,MONROE,RICHLAND,ELLETTSVILLE,2,0.0,0,0,0,,CHAFIN CHAPEL,RD,,,,CHAFIN CHAPEL,RODEO,,,,Y,,400.0,N,0.0,0.0,LOCAL/CITY RD,,N,N,URBAN,N,N,N,,DAYLIGHT,CLEAR,DRY,,NO JUNCTION INVOLVED,STRAIGHT/LEVEL,ASPHALT,LEFT OF CENTER,$1001 TO $2500,OPPOSITE DIRECTION SIDESWIPE,CHAFINCHAPELRDRODEODR,0,NONE,2022-09-23 11:52:00,,,
BLOOMINGTON PD,B22-41393,MONROE,,,2,,0,0,0,3160,S WALNUT ST,,,,,S WALNUT ST,,,,,N,,0.0,,42.84580029,-87.84804467,,,,,URBAN,Y,N,N,,DARK (LIGHTED),CLOUDY,DRY,,NO JUNCTION INVOLVED,,ASPHALT,UNSAFE BACKING,$2501 TO $5000,BACKING CRASH,SWALNUTST,0,,2022-10-07 23:08:00,,,
BLOOMINGTON PD,B22-41982,MONROE,PERRY,BLOOMINGTON,2,,0,0,0,,E N DR,,,,,E N DR,S HENDERSON ST,,,,Y,,106.0,,39.14456717,-86.52767963,LOCAL/CITY RD,,,,URBAN,Y,N,N,,DAYLIGHT,CLOUDY,DRY,,T-INTERSECTION,,ASPHALT,FAILURE TO YIELD RIGHT OF WAY,$5001 TO $10000,RIGHT ANGLE,SHENDERSONSTENORTHDR,0,,2022-10-11 15:03:00,,,
BLOOMINGTON PD,B22-48279,MONROE,BLOOMINGTON,BLOOMINGTON,2,,0,0,0,,E 10TH ST,,,,,E 10TH ST,N LINCOLN ST,,,,Y,,0.0,,39.17168875,-86.53106985,PRIVATE DR,,,,URBAN,N,N,N,,DARK (LIGHTED),CLEAR,DRY,,FOUR-WAY INTERSECTION,,ASPHALT,FAILURE TO YIELD RIGHT OF WAY,$1001 TO $2500,RIGHT ANGLE,NLINCOLNSTE 10THST,0,,2022-11-19 17:33:00,,,
BLOOMINGTON PD,B22-43827,MONROE,BLOOMINGTON,BLOOMINGTON,1,,0,0,0,,N MADISON ST,,,,,N MADISON ST,W 6TH ST,,,,Y,,0.0,,39.16737598,-86.53740249,LOCAL/CITY RD,,,,URBAN,N,N,N,,DARK (LIGHTED),CLEAR,DRY,,FOUR-WAY INTERSECTION,,ASPHALT,DRIVER DISTRACTED - EXPLAIN IN NARRATIVE,$5001 TO $10000,RAN OFF RD,W6THSTNMADISONST,0,,2022-10-21 23:55:00,,,
MONROE SD,M22A25625,MONROE,VAN BUREN,BLOOMINGTON,2,,0,0,0,,W ST RD 45,,,,,W ST RD 45,W AIRPORT RD,,,,N,,0.0,,39.13639134,-86.59440109,ST RD,,,,RURAL,N,N,N,,DAYLIGHT,CLEAR,DRY,,T-INTERSECTION,,ASPHALT,FOLLOWING TOO CLOSELY,$2501 TO $5000,REAR END,WSTATERD45 WAIRPORTRD,0,,2022-10-18 18:48:00,,,
BLOOMINGTON PD,B2253088,MONROE,BLOOMINGTON,BLOOMINGTON,8,,3,0,0,,ST RD 46,,,,,ST RD 46,N WALNUT ST,,,,Y,,0.0,,39.18636959,-86.53434939,,,,,URBAN,N,N,N,,DAYLIGHT,RAIN,WET,,FOUR-WAY INTERSECTION,,ASPHALT,FOLLOWING TOO CLOSELY,$25001 TO $50000,REAR END,ST RD 46NWALNUTST,0,,2022-12-22 09:37:00,,,
BLOOMINGTON PD,B22-50607,MONROE,PERRY,BLOOMINGTON,2,,0,0,0,,W BLOOMFIELD RD,,,69,1,W BLOOMFIELD RD,,,,,Y,,0.0,,39.14686922,-86.57498575,ST RD,,,,URBAN,N,N,N,,DAYLIGHT,CLOUDY,WET,,FIVE POINT OR MORE,,ASPHALT,FOLLOWING TOO CLOSELY,$5001 TO $10000,REAR END,WBLOOMFIELDRD69117,0,,2022-12-06 10:38:00,,,
BLOOMINGTON PD,B22-49869,MONROE,PERRY,BLOOMINGTON,2,,0,0,0,,2600 E 3RD ST,,,,,E 3RD ST,S OVERHILL DR,,,,Y,,300.0,,39.1639133,-86.4987233,LOCAL/CITY RD,,,,URBAN,N,N,N,,DAYLIGHT,CLEAR,DRY,,NO JUNCTION INVOLVED,,ASPHALT,FOLLOWING TOO CLOSELY,$2501 TO $5000,REAR END,S.OVERHILLDR2600BLKE 3RDST,0,,2022-12-01 13:21:00,2600.0,,
MONROE SD,M22A29063,MONROE,BENTON,BLOOMINGTON,1,,0,0,0,,E N SHORE DR,,,,,E N SHORE DR,,,,,N,,0.0,,39.26964516,-86.40263683,LOCAL/CITY RD,,,,RURAL,N,N,N,,DARK (NOT LIGHTED),RAIN,WET,,NO JUNCTION INVOLVED,,ASPHALT,SPEED TOO FAST FOR WEATHER CONDITIONS,$10001 TO $25000,RAN OFF RD,ENORTHSHOREDR,0,,2022-11-27 17:59:00,,,
ELLETTSVILLE PD,E22-05333,MONROE,RICHLAND,ELLETTSVILLE,1,,0,0,0,7398,W ST RD. 46,,,,,W ST RD. 46,,,,,Y,,0.0,,39.24569099,-86.63566595,PRIVATE DR,,,,URBAN,N,N,N,,DAYLIGHT,CLEAR,DRY,,NO JUNCTION INVOLVED,,CONCRETE,UNSAFE BACKING,$2501 TO $5000,BACKING CRASH,W.STATERD.46,0,,2022-12-19 16:07:00,,,
BLOOMINGTON PD,B22-51911,MONROE,VAN BUREN,BLOOMINGTON,3,,1,0,0,,S LIBERTY DR,,,,,S LIBERTY DR,W CONSTITUTION AVE,,,,Y,,370.0,,39.15060261,-86.57684529,LOCAL/CITY RD,,,,URBAN,N,N,N,,DAYLIGHT,RAIN,WET,,NO JUNCTION INVOLVED,,ASPHALT,FOLLOWING TOO CLOSELY,$5001 TO $10000,REAR END,WCONSTITUTIONAVESLIBERTYDR,0,,2022-12-14 15:16:00,,,
BLOOMINGTON PD,B22-49202,MONROE,BLOOMINGTON,BLOOMINGTON,2,,0,0,0,,W 3RD ST,,,,,W 3RD ST,ST RD 37,,,,Y,,0.0,,39.16450208,-86.5738441,LOCAL/CITY RD,,,,URBAN,N,N,N,,DARK (LIGHTED),RAIN,WET,,FOUR-WAY INTERSECTION,,ASPHALT,FAILURE TO YIELD RIGHT OF WAY,$2501 TO $5000,LEFT TURN,W 3RDSTSTATERD37,0,,2022-11-26 22:00:00,,,
MONROE SD,M22A29688,MONROE,BLOOMINGTON,BLOOMINGTON,1,,0,0,1,,E ROBINSON RD,,,,,E ROBINSON RD,N MILLER RD,,,,N,,0.0,,39.24621136,-86.48347654,LOCAL/CITY RD,,,,RURAL,N,N,N,,DAYLIGHT,CLEAR,DRY,,NO JUNCTION INVOLVED,,ASPHALT,ANIMAL/OBJECT IN RDWAY,$2501 TO $5000,COLLISION WITH DEER,NMILLERRDEROBINSONRD,0,,2022-12-04 10:01:00,,,
MONROE SD,M22A29150,MONROE,VAN BUREN,BLOOMINGTON,1,,0,0,0,,S ROCKPORT RD,,,,,S ROCKPORT RD,W BOLIN LN,,,,N,,0.0,,39.10476806,-86.57536029,COUNTY RD,,,,RURAL,N,N,N,,DAYLIGHT,CLOUDY,DRY,,NO JUNCTION INVOLVED,,ASPHALT,FAILURE TO MAINTAIN LN,$5001 TO $10000,RAN OFF RD,WBOLINLNSROCKPORTRD,0,,2022-11-28 04:20:00,,,
BLOOMINGTON PD,B22-49777,MONROE,BLOOMINGTON,BLOOMINGTON,2,,0,0,0,,W 6TH ST,,,,,W 6TH ST,N COLLEGE AVE,,,,Y,,0.0,,39.16757458,-86.53476819,LOCAL/CITY RD,,,,URBAN,N,N,N,,DARK (LIGHTED),CLEAR,DRY,,FOUR-WAY INTERSECTION,,ASPHALT,UNSAFE BACKING,$1001 TO $2500,BACKING CRASH,W6THSTNCOLLEGEAVE,0,,2022-11-30 19:35:00,,,
BLOOMINGTON PD,B22-50868,MONROE,BLOOMINGTON,BLOOMINGTON,2,,0,0,0,,N KINSER PK,,,,,N KINSER PK,W BRIARCLIFF DR,,,,Y,,0.0,,39.19420426,-86.54112153,LOCAL/CITY RD,,,,URBAN,N,N,N,,DARK (LIGHTED),CLEAR,DRY,,T-INTERSECTION,,ASPHALT,IMPROPER LN USAGE,$1001 TO $2500,RIGHT ANGLE,WBRIARCLIFFDRNKINSERPK,0,,2022-12-07 23:00:00,,,
BLOOMINGTON PD,B22-49276,MONROE,BLOOMINGTON,BLOOMINGTON,2,,0,0,0,,W 17TH ST,,,,,W 17TH ST,N COLLEGE AVE,,,,Y,,0.0,,,,LOCAL/CITY RD,,,,URBAN,N,N,N,,DARK (LIGHTED),CLOUDY,DRY,,FOUR-WAY INTERSECTION,,ASPHALT,DISREGARD SIGNAL/REG SIGN,$1001 TO $2500,SAME DIRECTION SIDESWIPE,W17THSTNCOLLEGEAVE,0,,2022-11-27 17:29:00,,,