Agency,Local Code,County,Township,City,Vehicles Involved,Trailers Involved,Number Injured,Number Dead,Number Deer,House Number,Roadway Name,Roadway Suffix,Roadway Number,Roadway Interchange,Roadway Ramp,Roadway Id,Intersecting Road,Intersecting Road Number,Mile Marker,Interchange,Corporate Limits?,Property Type,Feet From,Direction,Latitude,Longitude,Roadway Class,Traffic Control Devices?,Aggressive Driving?,Hit and Run?,Locality,School Zone?,Rumble Strips?,Construction?,Construction Type,Light Condition,Weather Conditions,Surface Condition,Type of Median,Roadway Junction Type,Road Character,Roadway Surface,Primary Factor,Damage Estimate,Manner of Collision,Unique Location Id,State Property Damage?,Traffic Control,DateTime,Address Number,Cyclist Involved,Pedestrian Involved
BLOOMINGTON PD,B22-52995,MONROE,PERRY,BLOOMINGTON,2,,0,0,0,,E 3RD ST,,,,,E 3RD ST,S SMITH RD,,,,N,,0.0,,39.16416575,-86.48129452,ST RD,,,,URBAN,N,N,N,,DAYLIGHT,CLEAR,DRY,,FOUR-WAY INTERSECTION,,ASPHALT,FOLLOWING TOO CLOSELY,$5001 TO $10000,REAR END,SSMITHRDE 3RDST,0,,2022-12-21 14:51:00,,,
BLOOMINGTON PD,B22-43477,MONROE,PERRY,BLOOMINGTON,2,,0,0,0,,E 3RD ST,,,,,E 3RD ST,S COLLEGE MALL RD,,,,Y,,0.0,,39.1641839,-86.4982356,LOCAL/CITY RD,,,,URBAN,N,N,N,,DAYLIGHT,CLOUDY,DRY,,FOUR-WAY INTERSECTION,,ASPHALT,FAILURE TO YIELD RIGHT OF WAY,$5001 TO $10000,RIGHT ANGLE,S.COLLEGEMALLRDE 3RDST,0,,2022-10-20 08:18:00,,,
BLOOMINGTON PD,B22-50942,MONROE,PERRY,BLOOMINGTON,2,,0,0,0,,E CATHCART ST,,,,,E CATHCART ST,S RENWICK BLVD,,,,Y,,0.0,,39.1494211,-86.5013227,LOCAL/CITY RD,,,,URBAN,N,N,N,,DAYLIGHT,RAIN,WET,,FOUR-WAY INTERSECTION,,ASPHALT,FAILURE TO YIELD RIGHT OF WAY,$2501 TO $5000,RIGHT ANGLE,S.RENWICKBLVDECATHCARTST,0,,2022-12-08 11:58:00,,,
MONROE SD,M22A30125,MONROE,BLOOMINGTON,BLOOMINGTON,1,,1,0,0,,I-69,,,,,I-69,,,,,N,,845.0,,39.23769227,-86.5385491,INTERSTATE,,,,RURAL,N,N,N,,DARK (LIGHTED),FOG/SMOKE/SMOG,WET,,NO JUNCTION INVOLVED,,ASPHALT,FAILURE TO MAINTAIN LN,$5001 TO $10000,RAN OFF RD,I-69,0,,2022-12-09 20:06:00,,,
INDIANA UNIV BLOOMINGTON PD,224766,MONROE,BLOOMINGTON,BLOOMINGTON,1,,0,0,0,,E 17TH ST,,,,,E 17TH ST,E LINGELBACH LN,,,,Y,,0.0,,39.17928828,-86.50833196,LOCAL/CITY RD,,,,URBAN,N,N,N,,DARK (NOT LIGHTED),FOG/SMOKE/SMOG,WET,,T-INTERSECTION,,ASPHALT,OTHER (DRIVER) - EXPLAIN IN NARRATIVE,$1001 TO $2500,RAN OFF RD,ELINGELBACHLNE17THST,0,,2022-12-06 04:30:00,,,
ISP BLOOMINGTON 33,2.022E+11,MONROE,BLOOMINGTON,BLOOMINGTON,2,,0,0,0,,I-69,,,,,I-69,,,119.0,,Y,,0.0,,39.17818464,-86.56037754,INTERSTATE,,,,URBAN,N,N,N,,DAYLIGHT,RAIN,WET,,NO JUNCTION INVOLVED,,ASPHALT,FAILURE TO MAINTAIN LN,$1001 TO $2500,REAR END,I-69119,0,,2022-10-25 16:05:00,,,
MONROE SD,M22A30163,MONROE,PERRY,BLOOMINGTON,2,,0,0,0,,4380 E MOORES CREEK RD,,,,,E MOORES CREEK RD,,,,,N,,0.0,,0.0,0.0,PRIVATE DR,,,,RURAL,N,N,N,,DAYLIGHT,RAIN,WET,,NO JUNCTION INVOLVED,,GRAVEL,IMPROPER TURNING,$2501 TO $5000,SAME DIRECTION SIDESWIPE,4380EMOORESCREEKRD,0,,2022-12-09 01:10:00,4380.0,,
BLOOMINGTON PD,B22-51822,MONROE,PERRY,BLOOMINGTON,2,,0,0,0,,E ATWATER AVE,,,,,E ATWATER AVE,S CLIFTON AVE,,,,Y,,0.0,,39.16309,-86.509681,LOCAL/CITY RD,,,,URBAN,N,N,N,,DAWN/DUSK,RAIN,WET,,FOUR-WAY INTERSECTION,,ASPHALT,FOLLOWING TOO CLOSELY,$5001 TO $10000,REAR END,S.CLIFTONAVEEATWATERAVE,0,,2022-12-14 07:50:00,,,
ISP BLOOMINGTON 33,2.022E+11,MONROE,SALT CREEK,BLOOMINGTON,2,,0,0,0,,ST RD 46,,,,,ST RD 46,SEWELL RD,,,,N,,500.0,,39.15156574,-86.38418431,ST RD,,,,RURAL,N,N,N,,DAYLIGHT,CLOUDY,DRY,,NO JUNCTION INVOLVED,,ASPHALT,OTHER (DRIVER) - EXPLAIN IN NARRATIVE,$1001 TO $2500,OTHER - EXPLAIN IN NARRATIVE,ST RD 46SEWELLRD,0,,2022-10-12 15:55:00,,,
BLOOMINGTON PD,B22-47422,MONROE,PERRY,BLOOMINGTON,2,,0,0,0,,W BLOOMFIELD RD,,,,,W BLOOMFIELD RD,S PATTERSON DR,,,,Y,,0.0,,39.16083569,-86.54838755,LOCAL/CITY RD,,,,URBAN,N,N,N,,DAYLIGHT,CLEAR,DRY,,FOUR-WAY INTERSECTION,,ASPHALT,OTHER (DRIVER) - EXPLAIN IN NARRATIVE,$1001 TO $2500,REAR END,WBLOOMFIELDRDSPATTERSONDR,0,,2022-11-13 09:41:00,,,
MONROE SD,M22A27449,MONROE,,BLOOMINGTON,2,,2,0,0,,W ST RD 45,,,,,W ST RD 45,S HARMONY RD,,,,N,,0.0,,39.1112305,-86.637945,ST RD,,,,RURAL,N,N,N,,DAYLIGHT,CLEAR,DRY,,FOUR-WAY INTERSECTION,,ASPHALT,FAILURE TO YIELD RIGHT OF WAY,$5001 TO $10000,LEFT TURN,WSTATERD45SHARMONYRD,0,,2022-11-08 09:22:00,,,
ISP BLOOMINGTON 33,2022-00613134,MONROE,INDIAN CREEK,BLOOMINGTON,1,,0,0,0,,,,69,,,69,,,106.0,,N,,410.0,,39.064939,-86.68014215,INTERSTATE,,,,RURAL,N,N,N,,DAYLIGHT,CLOUDY,SNOW/SLUSH,,NO JUNCTION INVOLVED,,CONCRETE,SPEED TOO FAST FOR WEATHER CONDITIONS,$1001 TO $2500,RAN OFF RD,69106,0,,2022-12-23 11:25:00,,,
INDIANA UNIV BLOOMINGTON PD,224118,MONROE,BLOOMINGTON,BLOOMINGTON,2,,0,0,0,,E 7TH ST,,,,,E 7TH ST,N INDIANA AVE,,,,Y,,0.0,,39.16853811,-86.52680165,LOCAL/CITY RD,,,,RURAL,N,N,N,,DARK (LIGHTED),RAIN,WET,,FOUR-WAY INTERSECTION,,ASPHALT,FAILURE TO MAINTAIN LN,$2501 TO $5000,OPPOSITE DIRECTION SIDESWIPE,NINDIANAAVEE7THST,0,,2022-10-25 20:05:00,,,
INDIANA UNIV BLOOMINGTON PD,224496,MONROE,BLOOMINGTON,BLOOMINGTON,2,,0,0,0,,E 17TH ST,,,,,E 17TH ST,,,,,Y,,0.0,,39.18034668,-86.52394963,PRIVATE DR,,,,URBAN,N,N,N,,DAYLIGHT,CLOUDY,DRY,,NO JUNCTION INVOLVED,,ASPHALT,FAILURE TO YIELD RIGHT OF WAY,$1001 TO $2500,RIGHT ANGLE,E17THST,0,,2022-11-15 11:30:00,,,
BLOOMINGTON PD,B22-54046,MONROE,PERRY,BLOOMINGTON,2,,0,0,0,,S WALNUT ST,,,,,S WALNUT ST,E MILLER DR,,,,Y,,0.0,,39.14688648,-86.53263974,LOCAL/CITY RD,,,,URBAN,N,N,N,,DAYLIGHT,CLEAR,DRY,,T-INTERSECTION,,ASPHALT,DRIVER ASLEEP OR FATIGUED,$5001 TO $10000,REAR END,SWALNUTSTEMILLERDR,0,,2022-12-31 15:39:00,,,
BLOOMINGTON PD,B22-41475,MONROE,VAN BUREN,BLOOMINGTON,1,,1,0,0,,I-69,,,,S,I-69,,,,,N,,0.0,,39.1384658,-86.57370161,INTERSTATE,,,,URBAN,N,N,N,,DAYLIGHT,CLEAR,DRY,,RAMP,,ASPHALT,OVERCORRECTING/OVERSTEERING,$10001 TO $25000,NON-COLLISION,I-69SBOFFRAMP,0,,2022-10-08 11:24:00,,,
BLOOMINGTON PD,B22-51515,MONROE,PERRY,BLOOMINGTON,2,,0,0,0,,1511 S STRONG DR,,,,,S STRONG DR,,,,,Y,,0.0,,0.0,0.0,PRIVATE DR,,,,URBAN,N,N,N,,DAYLIGHT,CLEAR,WET,,NO JUNCTION INVOLVED,,GRAVEL,UNSAFE BACKING,UNDER $1001,BACKING CRASH,1511S.STRONGDR,0,,2022-12-12 09:11:00,1511.0,,
MONROE SD,M22A26213,MONROE,VAN BUREN,BLOOMINGTON,2,,0,0,0,1531,S CURRY PK,,,,,S CURRY PK,,,,,Y,,0.0,,39.15280031,-86.58255629,PRIVATE DR,,,,URBAN,N,N,N,,DAYLIGHT,RAIN,WET,,NO JUNCTION INVOLVED,,ASPHALT,UNSAFE BACKING,UNDER $1001,BACKING CRASH,SCURRYPK,0,,2022-10-25 14:44:00,,,
BLOOMINGTON PD,B22-53675,MONROE,PERRY,BLOOMINGTON,2,,1,0,0,,S ADAMS ST,,,,,S ADAMS ST,W 3RD ST,,,,Y,,422.0,,39.16463133,-86.55104346,LOCAL/CITY RD,,,,URBAN,N,N,N,,DAYLIGHT,CLEAR,DRY,,NO JUNCTION INVOLVED,,ASPHALT,FAILURE TO YIELD RIGHT OF WAY,$25001 TO $50000,RIGHT ANGLE,W 3RDSTSADAMSST,0,,2022-12-28 16:27:00,,,
MONROE SD,M22A29096,MONROE,PERRY,BLOOMINGTON,1,,2,0,1,,S VICTOR PK,,,,,S VICTOR PK,W TRAMWAY RD,,,,N,,1500.0,,39.085787,-86.566236,LOCAL/CITY RD,,,,RURAL,N,N,N,,DARK (NOT LIGHTED),RAIN,WET,,NO JUNCTION INVOLVED,,ASPHALT,ANIMAL/OBJECT IN RDWAY,$10001 TO $25000,RAN OFF RD,WTRAMWAYRDSVICTORPK,0,,2022-11-28 07:07:00,,,
MONROE SD,M22A26665,MONROE,SALT CREEK,BLOOMINGTON,2,,1,0,0,,ST RD 46,,,,,ST RD 46,,,,,N,,0.0,,39.16015305,-86.41045407,ST RD,,,,RURAL,N,N,N,,DAYLIGHT,CLEAR,WET,,NO JUNCTION INVOLVED,,ASPHALT,DRIVER ASLEEP OR FATIGUED,$10001 TO $25000,HEAD ON BETWEEN TWO MOTOR VEHICLES,STATERD46,0,,2022-10-30 14:49:00,,,
BLOOMINGTON PD,B22-50783,MONROE,PERRY,BLOOMINGTON,2,,0,0,0,,S COLLEGE MALL RD,,,,,S COLLEGE MALL RD,E BUICK CADILLAC BLVD,,,,Y,,0.0,,39.15809841,-86.49788758,LOCAL/CITY RD,,,,URBAN,N,N,N,,DAYLIGHT,CLOUDY,DRY,,FOUR-WAY INTERSECTION,,ASPHALT,DISREGARD SIGNAL/REG SIGN,$2501 TO $5000,RIGHT ANGLE,SCOLLEGEMALLRDEBUICKCADILLACBLVD,0,,2022-12-07 11:59:00,,,
BLOOMINGTON PD,B22-51109,MONROE,BLOOMINGTON,BLOOMINGTON,2,,0,0,0,,I-69 NORTHBOUND,,,118,B,I-69 NORTHBOUND,,,,,Y,,0.0,,39.16474909,-86.57241423,INTERSTATE,,,,URBAN,N,N,N,,DAYLIGHT,RAIN,WET,,RAMP,,ASPHALT,SPEED TOO FAST FOR WEATHER CONDITIONS,$2501 TO $5000,HEAD ON BETWEEN TWO MOTOR VEHICLES,I-69 NORTHBOUND118B,0,,2022-12-09 12:21:00,,,
BLOOMINGTON PD,B22-44955,MONROE,PERRY,BLOOMINGTON,2,,1,0,0,,W 3RD ST,,,,,W 3RD ST,S WESTPLEX DR,,,,Y,,0.0,,39.16444905,-86.55389284,LOCAL/CITY RD,,,,URBAN,N,N,N,,DAYLIGHT,CLEAR,DRY,,FOUR-WAY INTERSECTION,,ASPHALT,FOLLOWING TOO CLOSELY,$5001 TO $10000,REAR END,W 3RDSTSWESTPLEXDR,0,,2022-10-28 10:10:00,,,
ISP BLOOMINGTON 33,2.02201E+11,MONROE,SALT CREEK,BLOOMINGTON,1,,0,0,0,,ST RD 46,,,,,ST RD 46,TRAILWAY DR,,,,Y,,1056.0,,39.16360101,-86.42655158,ST RD,,,,URBAN,N,N,N,,DAYLIGHT,RAIN,WET,,NO JUNCTION INVOLVED,,ASPHALT,OVERCORRECTING/OVERSTEERING,$5001 TO $10000,RAN OFF RD,TRAILWAYDRSTATERD46,0,,2022-12-14 15:55:00,,,
INDIANA UNIV BLOOMINGTON PD,225027,MONROE,BLOOMINGTON,BLOOMINGTON,2,,0,0,0,,ST RD 45,,,,,ST RD 45,E 17TH ST,,,,N,,0.0,,39.17959814,-86.50721337,ST RD,,,,URBAN,N,N,N,,DARK (LIGHTED),CLOUDY,WET,,T-INTERSECTION,,ASPHALT,UNSAFE LN MOVEMENT,UNDER $1001,SAME DIRECTION SIDESWIPE,STATERD45E17THST,0,,2022-12-30 12:45:00,,,
BLOOMINGTON PD,B22-51435,MONROE,BLOOMINGTON,BLOOMINGTON,2,,0,0,0,,W 17TH ST,,,,,W 17TH ST,N KINSER PK,,,,Y,,0.0,,39.17905132,-86.53780641,LOCAL/CITY RD,,,,URBAN,N,N,N,,DAYLIGHT,CLOUDY,DRY,,FOUR-WAY INTERSECTION,,ASPHALT,FAILURE TO YIELD RIGHT OF WAY,$2501 TO $5000,RIGHT ANGLE,W17THSTNKINSERPK,0,,2022-12-11 15:02:00,,,
BLOOMINGTON PD,B22-47949,MONROE,BLOOMINGTON,BLOOMINGTON,1,,1,0,0,,N DUNN ST,,,,,N DUNN ST,E 7TH ST,,,,Y,,0.0,,39.16848613,-86.52826614,LOCAL/CITY RD,,,,URBAN,N,N,N,,DAYLIGHT,CLEAR,DRY,,FOUR-WAY INTERSECTION,,ASPHALT,FAILURE TO YIELD RIGHT OF WAY,$5001 TO $10000,RIGHT ANGLE,NDUNNSTE7THST,1,,2022-11-14 12:38:00,,,
MONROE SD,M22A30962,MONROE,PERRY,BLOOMINGTON,2,,0,0,0,,S ST RD 37,,,,,S ST RD 37,,,,,N,,0.0,,39.11997374,-86.53131865,PRIVATE DR,,,,URBAN,N,N,N,,DAYLIGHT,CLEAR,DRY,,NO JUNCTION INVOLVED,,ASPHALT,FAILURE TO YIELD RIGHT OF WAY,$1001 TO $2500,RIGHT ANGLE,SOLDSTATERD37,0,,2022-12-20 16:36:00,,,
ELLETTSVILLE PD,E22-04309,MONROE,RICHLAND,ELLETTSVILLE,1,,0,0,0,,POPLAR CIR,,,,,POPLAR CIR,POPLAR DR,,,,Y,,0.0,,39.23743954,-86.63114326,LOCAL/CITY RD,,,,RURAL,N,N,N,,UNKNOWN,CLEAR,DRY,,T-INTERSECTION,,ASPHALT,OTHER (DRIVER) - EXPLAIN IN NARRATIVE,$1001 TO $2500,OTHER - EXPLAIN IN NARRATIVE,POPLARDRPOPLARCIR,0,,2022-10-21 01:41:00,,,
MONROE SD,M22A30374,MONROE,VAN BUREN,BLOOMINGTON,2,,1,0,0,,S CURRY PK,,,,,S CURRY PK,W GIFFORD,,,,N,,317.0,,39.1572804,-86.58272796,LOCAL/CITY RD,,,,URBAN,N,N,N,,DAYLIGHT,CLEAR,DRY,,NO JUNCTION INVOLVED,,ASPHALT,FAILURE TO YIELD RIGHT OF WAY,$5001 TO $10000,RIGHT ANGLE,WGIFFORDRDSCURRYPK,0,,2022-12-12 13:21:00,,,
BLOOMINGTON PD,B22-44989,MONROE,PERRY,BLOOMINGTON,2,,0,0,0,2966,E 3RD ST; TARGET,,,,,E 3RD ST,,,,,Y,,0.0,,39.16144913,-86.4909823,PRIVATE DR,,,,URBAN,N,N,N,,DAYLIGHT,CLEAR,DRY,,NO JUNCTION INVOLVED,,ASPHALT,BRAKE FAILURE OR DEFECTIVE,UNDER $1001,HEAD ON BETWEEN TWO MOTOR VEHICLES,E 3RDST;TARGET,0,,2022-10-28 13:46:00,,,
MONROE SD,M22A28796,MONROE,CLEAR CREEK,BLOOMINGTON,1,,0,0,1,,ST RD 37,,,,,ST RD 37,ZIKES RD,,,,N,,2000.0,,39.05649065,-86.5360146,ST RD,,,,RURAL,N,N,N,,DARK (NOT LIGHTED),CLEAR,DRY,,NO JUNCTION INVOLVED,,ASPHALT,ANIMAL/OBJECT IN RDWAY,$2501 TO $5000,COLLISION WITH DEER,ZIKESRDSTATERD37,0,,2022-11-23 20:24:00,,,
BLOOMINGTON PD,B22-47725,MONROE,BLOOMINGTON,BLOOMINGTON,2,,0,0,0,,ST RD 45/46 BYPASS,,,,,ST RD 45/46 BYPASS,E 3RD ST,,,,Y,,0.0,,39.16429998,-86.4983005,LOCAL/CITY RD,,,,URBAN,N,N,N,,DARK (LIGHTED),CLOUDY,DRY,,FOUR-WAY INTERSECTION,,ASPHALT,FOLLOWING TOO CLOSELY,UNDER $1001,REAR END,STATERD45/46BYPASSE 3RDST,0,,2022-11-15 19:27:00,,,
BLOOMINGTON PD,B22-47435,MONROE,VAN BUREN,BLOOMINGTON,2,,0,0,0,3233,W 3RD ST,,,,,W 3RD ST,,,,,Y,,0.0,,39.16426182,-86.57580387,PRIVATE DR,,,,URBAN,N,N,N,,DAYLIGHT,CLOUDY,DRY,,NO JUNCTION INVOLVED,,ASPHALT,OTHER (DRIVER) - EXPLAIN IN NARRATIVE,$2501 TO $5000,OTHER - EXPLAIN IN NARRATIVE,W 3RDST,0,,2022-11-13 13:16:00,,,
INDIANA UNIV BLOOMINGTON PD,225018,MONROE,BLOOMINGTON,BLOOMINGTON,2,,0,0,0,2600,E 10TH ST,,,,,E 10TH ST,,,,,Y,,0.0,,39.17110494,-86.50077225,PRIVATE DR,,,,URBAN,N,N,N,,DARK (LIGHTED),CLEAR,WET,,NO JUNCTION INVOLVED,,ASPHALT,UNSAFE BACKING,UNDER $1001,BACKING CRASH,E 10THST,0,,2022-12-28 18:45:00,,,
MONROE SD,M22A28198,MONROE,INDIAN CREEK,BLOOMINGTON,1,,0,0,1,,I-69 S,,,,,I-69 S,,,,,N,,0.0,,39.0617528,-86.68162269,INTERSTATE,,,,RURAL,N,N,N,,DARK (NOT LIGHTED),CLEAR,DRY,,NO JUNCTION INVOLVED,,CONCRETE,ANIMAL/OBJECT IN RDWAY,$5001 TO $10000,COLLISION WITH DEER,SINTERSTATE69,0,,2022-11-17 05:16:00,,,
BLOOMINGTON PD,B22-49693,MONROE,BLOOMINGTON,BLOOMINGTON,2,,0,0,0,,N WALNUT ST,,,,,N WALNUT ST,W ST RD 45/46,,,,Y,,0.0,,39.186268,-86.534589,LOCAL/CITY RD,,,,URBAN,N,N,N,,DAYLIGHT,CLEAR,DRY,,FOUR-WAY INTERSECTION,,ASPHALT,FOLLOWING TOO CLOSELY,$2501 TO $5000,REAR END,WST RD 45/46BYPASSN.WALNUTST,0,,2022-11-30 12:36:00,,,
BLOOMINGTON PD,B22-51823,MONROE,PERRY,BLOOMINGTON,2,,0,0,0,,S ROGERS ST,,,,,S ROGERS ST,W SOUTAR DR,,,,Y,,100.0,,39.1335955,-86.53842097,LOCAL/CITY RD,,,,URBAN,N,N,Y,WORK ON SHOULDER,DAYLIGHT,RAIN,MUDDY,,NO JUNCTION INVOLVED,,ASPHALT,FOLLOWING TOO CLOSELY,$1001 TO $2500,REAR END,WSOUTARDRSROGERSST,0,,2022-12-14 07:53:00,,,
MONROE SD,M22A26940,MONROE,RICHLAND,ELLETTSVILLE,1,,0,0,0,,W ST RD 46,,,,,W ST RD 46,N SISCO LN,,,,N,,1000.0,,39.243164,-86.6336415,ST RD,,,,RURAL,N,Y,N,,DAYLIGHT,CLEAR,DRY,,NO JUNCTION INVOLVED,,ASPHALT,ANIMAL/OBJECT IN RDWAY,$5001 TO $10000,COLLISION WITH DEER,WST RD 46NSISCOLN,0,,2022-11-02 13:20:00,,,
BLOOMINGTON PD,B22-46158,MONROE,PERRY,BLOOMINGTON,1,,4,0,0,,885 S COLLEGE MALL RD,,,,,S COLLEGE MALL RD,,,,,Y,,0.0,,0.0,0.0,PRIVATE DR,,,,URBAN,N,N,N,,DAYLIGHT,CLEAR,DRY,,NO JUNCTION INVOLVED,,ASPHALT,OTHER (DRIVER) - EXPLAIN IN NARRATIVE,$25001 TO $50000,RAN OFF RD,885S.COLLEGEMALLRD,4,,2022-11-04 11:06:00,885.0,,True
MONROE SD,M22A25803,MONROE,PERRY,BLOOMINGTON,2,,0,0,0,,S ST RD 37,,,,,S ST RD 37,S ST RD 37,,,,N,,0.0,,39.08532585,-86.5428359,ST RD,,,,RURAL,N,N,N,,DARK (NOT LIGHTED),CLEAR,DRY,,FOUR-WAY INTERSECTION,,ASPHALT,OTHER (DRIVER) - EXPLAIN IN NARRATIVE,$10001 TO $25000,REAR END,SOLDSTATERD37SOLDSTATERD37,0,,2022-10-20 20:14:00,,,
BLOOMINGTON PD,B22-48845,MONROE,VAN BUREN,BLOOMINGTON,2,,0,0,0,,S LEONARD SPRINGS RD,,,,,S LEONARD SPRINGS RD,W WALNUT LEAF DR,,,,Y,,300.0,,39.14012,-86.582605,LOCAL/CITY RD,,,,URBAN,N,N,N,,DAYLIGHT,CLEAR,DRY,,T-INTERSECTION,,ASPHALT,FAILURE TO YIELD RIGHT OF WAY,$2501 TO $5000,RIGHT ANGLE,W.WALNUTLEAFDRS.LEONARDSPRINGSRD,0,,2022-11-23 13:46:00,,,
MONROE SD,M22A25727,MONROE,PERRY,BLOOMINGTON,2,,0,0,0,,S ROGERS ST,,,,,S ROGERS ST,W CHURCH LN,,,,N,,0.0,,39.10674224,-86.54023908,LOCAL/CITY RD,,,,URBAN,N,N,N,,DAWN/DUSK,CLEAR,DRY,,T-INTERSECTION,,ASPHALT,FAILURE TO YIELD RIGHT OF WAY,$5001 TO $10000,RIGHT ANGLE,WCHURCHLNSROGERSST,0,,2022-10-20 07:33:00,,,
MONROE SD,M22A29062,MONROE,BLOOMINGTON,BLOOMINGTON,1,,0,0,0,,W ST RD 45,,,,,W ST RD 45,INDUSTRIAL BLVD,,,,Y,,0.0,,39.14210683,-86.58033936,PRIVATE DR,,,,URBAN,N,N,N,,DARK (LIGHTED),RAIN,WET,,NO JUNCTION INVOLVED,,ASPHALT,OTHER (VEHICLE) - EXPLAIN IN NARRATIVE,$1001 TO $2500,BACKING CRASH,WSTATERD45INDUSTRIALBLVD,0,,2022-11-27 17:55:00,,,
ISP BLOOMINGTON 33,2.022E+11,MONROE,INDIAN CREEK,BLOOMINGTON,1,,0,0,1,,I-69,,,,,I-69,,,106.0,,N,,0.0,,39.06036851,-86.6816308,INTERSTATE,,,,RURAL,N,N,N,,DAYLIGHT,CLOUDY,DRY,,NO JUNCTION INVOLVED,,CONCRETE,ANIMAL/OBJECT IN RDWAY,$5001 TO $10000,COLLISION WITH DEER,I-69106,0,,2022-11-04 11:35:00,,,
ISP BLOOMINGTON 33,2.02201E+11,MONROE,CLEAR CREEK,BLOOMINGTON,1,,0,0,0,,ST RD 37,,,,,ST RD 37,SMITHVILLE RD,,,,N,,500.0,,39.07334181,-86.53640256,ST RD,,,,RURAL,N,N,N,,DAYLIGHT,CLEAR,DRY,,NO JUNCTION INVOLVED,,ASPHALT,ANIMAL/OBJECT IN RDWAY,$1001 TO $2500,COLLISION WITH ANIMAL OTHER,S ST RD 37MITHVILLERD,0,,2022-11-22 17:30:00,,,
BLOOMINGTON PD,B22-46890,MONROE,PERRY,BLOOMINGTON,2,,0,0,0,2780,S WALNUT ST PK,,,,,S WALNUT ST PK,,,,,Y,,0.0,,39.13347561,-86.52783242,PRIVATE DR,,,,URBAN,N,N,N,,DAYLIGHT,CLEAR,DRY,,NO JUNCTION INVOLVED,,ASPHALT,UNSAFE BACKING,$2501 TO $5000,BACKING CRASH,SWALNUTSTPK,0,,2022-11-09 12:58:00,,,
INDIANA UNIV BLOOMINGTON PD,224844,MONROE,BLOOMINGTON,BLOOMINGTON,2,,0,0,0,,DAVID BAKER AVE,,,,,DAVID BAKER AVE,17TH ST,,,,Y,,0.0,,39.18019063,-86.51098198,LOCAL/CITY RD,,,,URBAN,N,N,N,,UNKNOWN,RAIN,WET,,NO JUNCTION INVOLVED,,ASPHALT,UNSAFE LN MOVEMENT,$5001 TO $10000,SAME DIRECTION SIDESWIPE,DAVIDBAKERAVE17THST,0,,2022-12-09 13:00:00,,,
BLOOMINGTON PD,B22-52120,MONROE,BLOOMINGTON,BLOOMINGTON,2,,0,0,0,380,N JACOB DR; CRACKER BARREL,,,,,N JACOB DR,,,,,Y,,0.0,,39.17119091,-86.57125074,PRIVATE DR,,,,URBAN,N,N,N,,DARK (LIGHTED),SLEET/HAIL/FREEZING RAIN,WET,,NO JUNCTION INVOLVED,,ASPHALT,FAILURE TO MAINTAIN LN,$2501 TO $5000,OPPOSITE DIRECTION SIDESWIPE,NJACOBDR;CRACKERBARREL,0,,2022-12-15 18:37:00,,,
MONROE SD,M22A27241,MONROE,SALT CREEK,BLOOMINGTON,1,,0,0,1,,ST RD 46,,,,,ST RD 46,,,,,N,,0.0,,39.1638925,-86.42358725,ST RD,,,,RURAL,N,N,N,,DARK (NOT LIGHTED),CLEAR,DRY,,NO JUNCTION INVOLVED,,ASPHALT,ANIMAL/OBJECT IN RDWAY,$5001 TO $10000,COLLISION WITH DEER,STATERD46,0,,2022-11-05 21:33:00,,,
ISP BLOOMINGTON 33,2.02201E+11,MONROE,PERRY,BLOOMINGTON,2,,1,0,0,,ST RD 37,,,,,ST RD 37,W DILLMAN RD,,,,N,,0.0,,39.09296282,-86.54577535,ST RD,,,,RURAL,N,N,N,,DAYLIGHT,CLEAR,DRY,,FOUR-WAY INTERSECTION,,ASPHALT,FAILURE TO YIELD RIGHT OF WAY,$5001 TO $10000,RIGHT ANGLE,WDILLMANRDST RD 37,0,,2022-12-27 13:11:00,,,
INDIANA UNIV BLOOMINGTON PD,224308,MONROE,BLOOMINGTON,BLOOMINGTON,2,,0,0,0,,E LINGELBACH LN,,,,,E LINGELBACH LN,N UNION ST,,,,Y,,100.0,,39.17682233,-86.51062793,LOCAL/CITY RD,,,,URBAN,N,N,N,,DAYLIGHT,CLEAR,DRY,,NO JUNCTION INVOLVED,,ASPHALT,IMPROPER LN USAGE,UNDER $1001,SAME DIRECTION SIDESWIPE,NUNIONSTELINGELBACHLN,0,,2022-11-03 19:50:00,,,
MONROE SD,M22A30289,MONROE,SALT CREEK,BLOOMINGTON,1,,0,0,0,,ST RD 446,,,,,ST RD 446,OLD RICHARDSON RD,,,,N,,0.0,,39.11230348,-86.43098028,ST RD,,,,RURAL,N,N,N,,DARK (NOT LIGHTED),CLEAR,WET,,NO JUNCTION INVOLVED,,ASPHALT,OTHER (DRIVER) - EXPLAIN IN NARRATIVE,$25001 TO $50000,RAN OFF RD,STATERD446OLDRICHARDSONRD,0,,2022-12-11 04:54:00,,,
BLOOMINGTON PD,B22-44378,MONROE,BLOOMINGTON,BLOOMINGTON,2,,0,0,0,,E 7TH ST,,,,,E 7TH ST,N FESS AVE,,,,Y,,0.0,,39.168507,-86.525798,LOCAL/CITY RD,,,,URBAN,N,N,N,,DAYLIGHT,CLOUDY,DRY,,NO JUNCTION INVOLVED,,ASPHALT,LEFT OF CENTER,$1001 TO $2500,OPPOSITE DIRECTION SIDESWIPE,N.FESSAVEE7THST,0,,2022-10-25 10:14:00,,,