Agency,Local Code,County,Township,City,Vehicles Involved,Trailers Involved,Number Injured,Number Dead,Number Deer,House Number,Roadway Name,Roadway Suffix,Roadway Number,Roadway Interchange,Roadway Ramp,Roadway Id,Intersecting Road,Intersecting Road Number,Mile Marker,Interchange,Corporate Limits?,Property Type,Feet From,Direction,Latitude,Longitude,Roadway Class,Traffic Control Devices?,Aggressive Driving?,Hit and Run?,Locality,School Zone?,Rumble Strips?,Construction?,Construction Type,Light Condition,Weather Conditions,Surface Condition,Type of Median,Roadway Junction Type,Road Character,Roadway Surface,Primary Factor,Damage Estimate,Manner of Collision,Unique Location Id,State Property Damage?,Traffic Control,DateTime,Address Number,Cyclist Involved,Pedestrian Involved
BLOOMINGTON PD,B22-50440,MONROE,PERRY,BLOOMINGTON,2,,0,0,0,,S ST RD 45/46 BYPASS,,,,,S ST RD 45/46 BYPASS,E 3RD ST,,,,Y,,0.0,,0.0,0.0,ST RD,,,,URBAN,N,N,N,,DAYLIGHT,CLOUDY,DRY,,FOUR-WAY INTERSECTION,,ASPHALT,UNSAFE LN MOVEMENT,$2501 TO $5000,SAME DIRECTION SIDESWIPE,SST RD 45/46BYPASSE 3RDST,0,,2022-12-05 08:54:00,,,
MONROE SD,M22A26315,MONROE,VAN BUREN,BLOOMINGTON,2,,0,0,0,,W ST RD 45,,,,,W ST RD 45,S LEONARD SPRINGS RD,,,,N,,0.0,,39.1417079,-86.58299412,ST RD,,,,RURAL,N,N,N,,DAYLIGHT,CLEAR,DRY,,FOUR-WAY INTERSECTION,,ASPHALT,FOLLOWING TOO CLOSELY,$5001 TO $10000,REAR END,WSTATERD45SLEONARDSPRINGSRD,0,,2022-10-26 03:28:00,,,
MONROE SD,M22A27494,MONROE,VAN BUREN,BLOOMINGTON,1,,0,0,1,,W LEONARD SPRINGS RD,,,,,W LEONARD SPRINGS RD,W ORCHARD DR,,,,N,,950.0,,39.12234988,-86.5998382,LOCAL/CITY RD,,,,RURAL,N,N,N,,DARK (NOT LIGHTED),CLEAR,DRY,,NO JUNCTION INVOLVED,,ASPHALT,ANIMAL/OBJECT IN RDWAY,$5001 TO $10000,COLLISION WITH DEER,WORCHARDDRWLEONARDSPRINGSRD,0,,2022-11-08 21:50:00,,,
MONROE SD,M22A28482,MONROE,VAN BUREN,BLOOMINGTON,2,,0,0,0,,GARRISON CHAPEL,,,,,GARRISON CHAPEL,ELLER RD,,,,N,,0.0,,39.11873702,-86.64274562,,,,,RURAL,N,N,N,,DAYLIGHT,CLEAR,DRY,,NO JUNCTION INVOLVED,,ASPHALT,FOLLOWING TOO CLOSELY,$2501 TO $5000,RIGHT ANGLE,GARRISONCHAPELELLERRD,0,,2022-11-20 15:52:00,,,
BLOOMINGTON PD,B22-47986,MONROE,VAN BUREN,BLOOMINGTON,2,,1,0,0,,S LIBERTY DR,,,,,S LIBERTY DR,W ST RD 45,,,,Y,,0.0,,39.14515131,-86.5779591,LOCAL/CITY RD,,,,URBAN,N,N,N,,DAYLIGHT,CLEAR,DRY,,FOUR-WAY INTERSECTION,,ASPHALT,FAILURE TO YIELD RIGHT OF WAY,$2501 TO $5000,RIGHT ANGLE,WSTATERD45SLIBERTYDR,0,,2022-11-17 16:36:00,,,
DNR LAW ENFORCEMENT,06-22-02642,MONROE,BLOOMINGTON,BLOOMINGTON,2,,0,0,0,,ST RD 46,,,,,ST RD 46,N CURRY PK,,,,N,,0.0,,39.1936456,-86.57132096,ST RD,,,,RURAL,N,N,N,,DAYLIGHT,CLEAR,DRY,,FOUR-WAY INTERSECTION,,ASPHALT,DRIVER DISTRACTED - EXPLAIN IN NARRATIVE,$1001 TO $2500,REAR END,STATERD46NCURRYPK,0,,2022-10-01 15:00:00,,,
BLOOMINGTON PD,B22-47465,MONROE,PERRY,BLOOMINGTON,2,,0,0,0,1115,W 2ND ST,,,,,W 2ND ST,,,,,Y,,0.0,,39.16111282,-86.54763915,PRIVATE DR,,,,URBAN,N,N,N,,DARK (NOT LIGHTED),CLOUDY,DRY,,NO JUNCTION INVOLVED,,ASPHALT,FAILURE TO YIELD RIGHT OF WAY,$2501 TO $5000,BACKING CRASH,W 2NDST,0,,2022-11-13 17:48:00,,,
BLOOMINGTON PD,B22-42767,MONROE,BLOOMINGTON,BLOOMINGTON,2,,0,0,0,,S WALNUT ST,,,,,S WALNUT ST,W 4TH ST,,,,Y,,0.0,,39.16561012,-86.53364844,,,,,URBAN,N,N,N,,DAYLIGHT,CLEAR,DRY,,T-INTERSECTION,,ASPHALT,DISREGARD SIGNAL/REG SIGN,$2501 TO $5000,RIGHT ANGLE,W4THSTSWALNUTST,0,,2022-10-16 10:00:00,,,
MONROE SD,M22A29183,MONROE,BLOOMINGTON,BLOOMINGTON,1,,1,0,0,,N PROW RD,,,,,N PROW RD,,,,,N,,0.0,,39.20312554,-86.5520386,COUNTY RD,,,,RURAL,N,N,N,,DARK (NOT LIGHTED),CLEAR,DRY,,NO JUNCTION INVOLVED,,ASPHALT,DRIVER DISTRACTED - EXPLAIN IN NARRATIVE,$25001 TO $50000,RAN OFF RD,NPROWRD,0,,2022-11-29 03:46:00,,,
BLOOMINGTON PD,B22-51773,MONROE,BLOOMINGTON,BLOOMINGTON,2,,0,0,0,,N COLLEGE AVE,,,,,N COLLEGE AVE,W 8TH ST,,,,Y,,0.0,,39.16952856,-86.53481399,LOCAL/CITY RD,,,,URBAN,N,N,N,,DARK (LIGHTED),CLEAR,DRY,,FOUR-WAY INTERSECTION,,ASPHALT,IMPROPER TURNING,$5001 TO $10000,SAME DIRECTION SIDESWIPE,W8THSTNCOLLEGEAVE,0,,2022-12-13 19:23:00,,,
INDIANA UNIV BLOOMINGTON PD,224119,MONROE,BLOOMINGTON,BLOOMINGTON,2,,2,0,0,,E 7TH ST,,,,,E 7TH ST,,,,,Y,,0.0,,39.16798497,-86.52220703,PRIVATE DR,,,,URBAN,N,N,N,,DARK (LIGHTED),RAIN,WET,,NO JUNCTION INVOLVED,,ASPHALT,FOLLOWING TOO CLOSELY,UNDER $1001,REAR END,E7THST,0,,2022-10-26 21:35:00,,,
MONROE SD,M22A26331,MONROE,RICHLAND,BLOOMINGTON,3,,2,0,0,,N HARTSTRAIT RD,,,,,N HARTSTRAIT RD,SEKIU CT,,,,N,,0.0,,39.20249741,-86.61129555,COUNTY RD,,,,RURAL,N,N,N,,DAYLIGHT,CLEAR,DRY,,T-INTERSECTION,,ASPHALT,FOLLOWING TOO CLOSELY,$10001 TO $25000,REAR END,SEKIUCTNHARTSTRAITRD,0,,2022-10-26 05:21:00,,,
BLOOMINGTON PD,B22-46093,MONROE,PERRY,BLOOMINGTON,1,,1,0,0,,E 2ND ST,,,,,E 2ND ST,S WOODLAWN AVE,,,,Y,,0.0,,39.16108,-86.522618,LOCAL/CITY RD,,,,URBAN,N,N,N,,DARK (LIGHTED),CLEAR,DRY,,FOUR-WAY INTERSECTION,,ASPHALT,DISREGARD SIGNAL/REG SIGN,$1001 TO $2500,RIGHT ANGLE,SWOODLAWNAVEE 2NDST,1,,2022-11-03 21:44:00,,True,
BLOOMINGTON PD,B22-47035,MONROE,BLOOMINGTON,BLOOMINGTON,2,,0,0,0,,E 3RD ST,,,,,E 3RD ST,S COLLEGE MALL RD,,,,Y,,0.0,,39.16421273,-86.49822807,LOCAL/CITY RD,,,,URBAN,N,N,N,,DAYLIGHT,CLEAR,DRY,,FOUR-WAY INTERSECTION,,ASPHALT,FAILURE TO YIELD RIGHT OF WAY,$2501 TO $5000,RIGHT ANGLE,SCOLLEGEMALLRDE 3RDST,0,,2022-11-10 15:56:00,,,
BLOOMINGTON PD,B22-48136,MONROE,BLOOMINGTON,BLOOMINGTON,2,,1,0,0,,N WALNUT ST,,,,,N WALNUT ST,W 17TH ST,,,,Y,,0.0,,39.17903739,-86.53351253,LOCAL/CITY RD,,,,URBAN,N,N,N,,DARK (LIGHTED),CLEAR,DRY,,FOUR-WAY INTERSECTION,,ASPHALT,FOLLOWING TOO CLOSELY,UNDER $1001,REAR END,W17THSTNWALNUTST,0,,2022-11-18 17:50:00,,,
ELLETTSVILLE PD,E22-05397,MONROE,RICHLAND,ELLETTSVILLE,2,,0,0,0,,RICHLAND PLAZA DRIVWE,,,,,RICHLAND PLAZA DRIVWE,UNION VALLEY,,,,Y,,0.0,,39.21675378,-86.59276441,LOCAL/CITY RD,,,,URBAN,N,N,N,,DAYLIGHT,CLEAR,SNOW/SLUSH,,T-INTERSECTION,,ASPHALT,OTHER (DRIVER) - EXPLAIN IN NARRATIVE,$1001 TO $2500,BACKING CRASH,UNIONVALLEYRICHLANDPLAZADRIVWE,0,,2022-12-24 13:01:00,,,
BLOOMINGTON PD,B22-46518,MONROE,BLOOMINGTON,BLOOMINGTON,1,,0,0,0,,N PROW RD,,,,,N PROW RD,W ARLINGTON RD,,,,Y,,0.0,,39.19248804,-86.5526114,LOCAL/CITY RD,,,,URBAN,N,N,N,,DAYLIGHT,CLEAR,DRY,,T-INTERSECTION,,ASPHALT,IMPROPER TURNING,$5001 TO $10000,RAN OFF RD,WARLINGTONRDNPROWRD,0,,2022-11-06 13:45:00,,,
BLOOMINGTON PD,B22-50639,MONROE,BLOOMINGTON,BLOOMINGTON,2,,1,0,0,,ST RD 45/46,,,,,ST RD 45/46,N DUNN ST,,,,Y,,0.0,,39.18627232,-86.52844288,ST RD,,,,URBAN,N,N,N,,DAYLIGHT,CLOUDY,DRY,,FOUR-WAY INTERSECTION,,ASPHALT,FOLLOWING TOO CLOSELY,$2501 TO $5000,REAR END,ST RD 45/46NDUNNST,0,,2022-12-06 14:17:00,,,
MONROE SD,M22A26066,MONROE,PERRY,BLOOMINGTON,1,,0,0,1,,S HARRELL RD,,,,,S HARRELL RD,E RHORER RD,,,,N,,0.0,,39.12037977,-86.49873862,LOCAL/CITY RD,,,,RURAL,N,N,N,,DAWN/DUSK,CLEAR,DRY,,NO JUNCTION INVOLVED,,ASPHALT,ANIMAL/OBJECT IN RDWAY,$1001 TO $2500,COLLISION WITH DEER,SHARRELLRDERHORERRD,0,,2022-10-24 07:58:00,,,
BLOOMINGTON PD,B22-52838,MONROE,PERRY,BLOOMINGTON,2,,0,0,0,500,S LIBERTY DR,,,,,S LIBERTY DR,,,,,Y,,0.0,,39.16343477,-86.57993594,PRIVATE DR,,,,URBAN,N,N,N,,DAYLIGHT,CLEAR,DRY,,NO JUNCTION INVOLVED,,ASPHALT,OTHER (DRIVER) - EXPLAIN IN NARRATIVE,$2501 TO $5000,OTHER - EXPLAIN IN NARRATIVE,SLIBERTYDR,0,,2022-12-20 15:33:00,,,
BLOOMINGTON PD,B22-46056,MONROE,BLOOMINGTON,BLOOMINGTON,2,,0,0,0,,ST RD 46,,,,,ST RD 46,E 7TH ST,,,,Y,,634.0,,39.16660555,-86.4996273,ST RD,,,,URBAN,N,N,N,,DAYLIGHT,CLEAR,DRY,,NO JUNCTION INVOLVED,,ASPHALT,FOLLOWING TOO CLOSELY,$10001 TO $25000,REAR END,STATERD46E7THST,0,,2022-11-03 17:08:00,,,
MONROE SD,M22A25665,MONROE,RICHLAND,BLOOMINGTON,3,,0,0,0,,ST RD 46,,,,,ST RD 46,N CURRY PK,,,,N,,0.0,,39.19389505,-86.57153553,ST RD,,,,RURAL,N,Y,N,,DAYLIGHT,CLEAR,DRY,,FOUR-WAY INTERSECTION,,ASPHALT,FOLLOWING TOO CLOSELY,$5001 TO $10000,REAR END,STATERD46NCURRYPK,0,,2022-10-19 09:08:00,,,
INDIANA UNIV BLOOMINGTON PD,224225,MONROE,BLOOMINGTON,BLOOMINGTON,2,,0,0,0,,E 10TH ST,,,,,E 10TH ST,E DISCOVERY PKWY,,,,Y,,0.0,,39.17152005,-86.49547882,LOCAL/CITY RD,,,,URBAN,N,N,N,,DAYLIGHT,RAIN,WET,,FOUR-WAY INTERSECTION,,ASPHALT,SPEED TOO FAST FOR WEATHER CONDITIONS,$5001 TO $10000,OPPOSITE DIRECTION SIDESWIPE,EDISCOVERYPKWYE 10THST,0,,2022-10-31 12:30:00,,,
BLOOMINGTON PD,B22-01192,MONROE,BLOOMINGTON,BLOOMINGTON,2,,1,0,0,,E 2ND ST,,,,,E 2ND ST,S COLLEGE MALL RD,,,,Y,,0.0,,39.1609319,-86.4977835,LOCAL/CITY RD,,,,URBAN,N,N,N,,DARK (LIGHTED),CLEAR,DRY,,FOUR-WAY INTERSECTION,,ASPHALT,FAILURE TO YIELD RIGHT OF WAY,$25001 TO $50000,LEFT TURN,SCOLLEGEMALLRDE 2NDST,0,,2022-01-11 20:49:00,,,
BLOOMINGTON PD,B22-01419,MONROE,BLOOMINGTON,BLOOMINGTON,2,,0,0,0,,1119 N MADISON,,,,,N MADISON,,,,,Y,,0.0,,0.0,0.0,LOCAL/CITY RD,,,,URBAN,N,N,N,,DARK (NOT LIGHTED),FOG/SMOKE/SMOG,DRY,,NO JUNCTION INVOLVED,,ASPHALT,DRIVER DISTRACTED - EXPLAIN IN NARRATIVE,$5001 TO $10000,SAME DIRECTION SIDESWIPE,1119N.MADISON,0,,2022-01-14 06:17:00,1119.0,,
BLOOMINGTON PD,B22-01161,MONROE,BLOOMINGTON,BLOOMINGTON,1,,1,0,0,,S WILLIAMSBURG DR,,,,,S WILLIAMSBURG DR,E 3RD ST,,,,Y,,0.0,,39.16438732,-86.49653381,LOCAL/CITY RD,,,,URBAN,N,N,N,,DAYLIGHT,CLEAR,DRY,,NO JUNCTION INVOLVED,,ASPHALT,FAILURE TO YIELD RIGHT OF WAY,UNDER $1001,OTHER - EXPLAIN IN NARRATIVE,SWILLIAMSBURGDRE 3RDST,1,,2022-01-11 16:40:00,,,True
MONROE SD,M22A472,MONROE,PERRY,BLOOMINGTON,1,0.0,0,0,0,,,,I-69 N,,,I-69 N,ST RD 37,,,,N,,9500.0,S,38.32972271,-86.5092264,INTERSTATE,,N,N,RURAL,N,N,N,,DARK (NOT LIGHTED),CLEAR,DRY,,NO JUNCTION INVOLVED,STRAIGHT/GRADE,ASPHALT,ANIMAL/OBJECT IN RDWAY,$1001 TO $2500,COLLISION WITH ANIMAL OTHER,I-69 NSTATERD37RD,0,NONE,2022-01-07 05:14:00,,,
BLOOMINGTON PD,B22-01763,MONROE,BLOOMINGTON,BLOOMINGTON,1,,0,0,0,,ST RD 46,,,,,ST RD 46,ST RD 37,,,,Y,,0.0,,39.1869472,-86.55135776,ST RD,,,,URBAN,N,N,N,,DARK (LIGHTED),SNOW,SNOW/SLUSH,,RAMP,,ASPHALT,OTHER (ENVIRONMENTAL) - EXPLAIN IN NARR,$5001 TO $10000,COLLISION WITH OBJECT IN RD,STATERD46STATERD37,0,,2022-01-17 02:30:00,,,
BLOOMINGTON PD,B22-02169,MONROE,PERRY,BLOOMINGTON,2,,0,0,0,528,S COLLEGE AVE,,,,,S COLLEGE AVE,,,,,Y,,0.0,,39.16026616,-86.53563011,LOCAL/CITY RD,,,,URBAN,N,N,N,,DAYLIGHT,CLEAR,DRY,,NO JUNCTION INVOLVED,,ASPHALT,FAILURE TO YIELD RIGHT OF WAY,$1001 TO $2500,OTHER - EXPLAIN IN NARRATIVE,SCOLLEGEAVE,0,,2022-01-20 15:35:00,,,
MONROE SD,M22A850,MONROE,PERRY,BLOOMINGTON,1,0.0,0,0,0,,E RHORER,RD,,,,E RHORER,S DEERFIELD,,,,N,PRIVATE,,,39.121467,-86.504609,LOCAL/CITY RD,,N,N,URBAN,N,N,N,,DARK (NOT LIGHTED),CLEAR,DRY,,NO JUNCTION INVOLVED,STRAIGHT/GRADE,ASPHALT,RAN OFF RD RIGHT,$5001 TO $10000,RAN OFF RD,ERHORERRDSDEERFIELDDR,0,LN CONTROL,2022-01-12 04:24:00,,,
BLOOMINGTON PD,B22-13050,MONROE,BLOOMINGTON,BLOOMINGTON,2,,0,0,0,,N MAPLE ST,,,,,N MAPLE ST,W 15TH ST,,,,Y,,317.0,,39.17606271,-86.542067,LOCAL/CITY RD,,,,URBAN,N,N,N,,DAYLIGHT,CLEAR,DRY,,NO JUNCTION INVOLVED,,ASPHALT,UNSAFE BACKING,$10001 TO $25000,RIGHT ANGLE,W15THSTNMAPLEST,0,,2022-04-14 14:35:00,,,
BLOOMINGTON PD,B22-02612,MONROE,BLOOMINGTON,BLOOMINGTON,2,,0,0,0,,N WALNUT ST,,,,,N WALNUT ST,ST RD 45/46 BYPASS,,,,Y,,0.0,,39.18639731,-86.53442806,ST RD,,,,URBAN,N,N,N,,DAYLIGHT,CLOUDY,WET,,FOUR-WAY INTERSECTION,,ASPHALT,FOLLOWING TOO CLOSELY,$2501 TO $5000,REAR END,ST RD 45/46BYPASSNWALNUTST,0,,2022-01-24 03:22:00,,,
INDIANA UNIV BLOOMINGTON PD,220144,MONROE,BLOOMINGTON,BLOOMINGTON,1,,0,0,0,,N UNION ST,,,,,N UNION ST,E LAW LN,,,,Y,,0.0,,39.17338525,-86.50971866,LOCAL/CITY RD,,,,URBAN,N,N,N,,DARK (LIGHTED),CLOUDY,ICE,,NO JUNCTION INVOLVED,,ASPHALT,SPEED TOO FAST FOR WEATHER CONDITIONS,$10001 TO $25000,RAN OFF RD,NUNIONSTELAWLN,0,,2022-01-18 06:15:00,,,
BLOOMINGTON PD,B22-02010,MONROE,,BLOOMINGTON,2,,0,0,0,,645 S ROGERS ST,,,,,S ROGERS ST,,,,,Y,,0.0,,0.0,0.0,LOCAL/CITY RD,,,,URBAN,N,N,N,,DAYLIGHT,CLOUDY,DRY,,NO JUNCTION INVOLVED,,ASPHALT,OTHER (VEHICLE) - EXPLAIN IN NARRATIVE,$1001 TO $2500,RIGHT ANGLE,645S.ROGERSST,0,,2022-01-19 10:16:00,645.0,,
INDIANA UNIV BLOOMINGTON PD,220051,MONROE,BLOOMINGTON,BLOOMINGTON,1,,0,0,0,,E 17TH ST,,,,,E 17TH ST,,,,,Y,,0.0,,39.17997519,-86.52587956,,,,,URBAN,N,N,N,,DARK (LIGHTED),RAIN,WET,,NO JUNCTION INVOLVED,,CONCRETE,SPEED TOO FAST FOR WEATHER CONDITIONS,$2501 TO $5000,SAME DIRECTION SIDESWIPE,E17THST,0,,2022-01-09 02:30:00,,,
BLOOMINGTON PD,B2202598,MONROE,BLOOMINGTON,BLOOMINGTON,4,,4,0,0,,W 3RD ST,,,,,W 3RD ST,S MULLER PKWY,,,,Y,,0.0,,39.1644095,-86.56275219,LOCAL/CITY RD,,,,URBAN,N,N,N,,DAYLIGHT,SNOW,SNOW/SLUSH,,FOUR-WAY INTERSECTION,,ASPHALT,FOLLOWING TOO CLOSELY,$25001 TO $50000,REAR END,W 3RDSTSMULLERPKWY,0,,2022-01-24 13:30:00,,,
MONROE SD,M22A1607,MONROE,PERRY,BLOOMINGTON,2,,0,0,0,,S ST RD 37,,,,,S ST RD 37,,,,,N,,0.0,,39.12031586,-86.53044991,LOCAL/CITY RD,,,,URBAN,N,N,N,,DAYLIGHT,CLEAR,DRY,,NO JUNCTION INVOLVED,,ASPHALT,UNSAFE BACKING,UNDER $1001,BACKING CRASH,SOLDSTATERD37,0,,2022-01-22 12:32:00,,,
BLOOMINGTON PD,B22-02822,MONROE,PERRY,BLOOMINGTON,2,,0,0,0,,1400 S BRENDA LN,,,,,S BRENDA LN,FESS AVE,,,,Y,,300.0,,39.1512172,-86.5260973,LOCAL/CITY RD,,,,URBAN,Y,N,N,,DAYLIGHT,CLEAR,DRY,,NO JUNCTION INVOLVED,,ASPHALT,OVERCORRECTING/OVERSTEERING,$2501 TO $5000,SAME DIRECTION SIDESWIPE,FESSAVE1400S.BRENDALN,0,,2022-01-25 16:20:00,1400.0,,
BLOOMINGTON PD,B22-16547,MONROE,PERRY,BLOOMINGTON,2,,0,0,0,,S SWAIN AVE,,,,,S SWAIN AVE,E ATWATER AVE,,,,Y,,0.0,,39.16330753,-86.51525819,LOCAL/CITY RD,,,,URBAN,N,N,N,,DAYLIGHT,CLOUDY,WET,,T-INTERSECTION,,ASPHALT,UNSAFE LN MOVEMENT,$1001 TO $2500,SAME DIRECTION SIDESWIPE,SSWAINAVEEATWATERAVE,0,,2022-05-06 18:47:00,,,
BLOOMINGTON PD,B22-03450,MONROE,BLOOMINGTON,BLOOMINGTON,2,,0,0,0,,S WALNUT ST,,,,,S WALNUT ST,E KIRKWOOD AVE,,,,Y,,0.0,,39.16644265,-86.53359837,LOCAL/CITY RD,,,,URBAN,N,N,N,,DAYLIGHT,CLEAR,DRY,,NO JUNCTION INVOLVED,,ASPHALT,FAILURE TO MAINTAIN LN,UNDER $1001,SAME DIRECTION SIDESWIPE,SWALNUTSTEKIRKWOODAVE,0,,2022-01-31 02:42:00,,,
MONROE SD,M22A2459,MONROE,PERRY,BLOOMINGTON,2,,0,0,0,,W FULLERTON PK,,,,,W FULLERTON PK,S MONROE MEDICAL PARK BLVD,,,,N,,0.0,,39.12220209,-86.57314679,LOCAL/CITY RD,,,,RURAL,N,N,N,,DARK (NOT LIGHTED),CLEAR,DRY,,TRAFFIC CIRCLE/ROUNDABOUT,,ASPHALT,FAILURE TO YIELD RIGHT OF WAY,$5001 TO $10000,RIGHT TURN,WFULLERTONPKSMONROEMEDICALPARKBLVD,0,,2022-01-31 20:30:00,,,
BLOOMINGTON PD,B22-01339,MONROE,BLOOMINGTON,BLOOMINGTON,2,,1,0,0,,W 15TH ST,,,,,W 15TH ST,N WALNUT ST,,,,Y,,0.0,,39.17684728,-86.53355546,LOCAL/CITY RD,,,,URBAN,N,N,N,,DAYLIGHT,CLOUDY,DRY,,FOUR-WAY INTERSECTION,,ASPHALT,DISREGARD SIGNAL/REG SIGN,$5001 TO $10000,RIGHT ANGLE,W15THSTNWALNUTST,0,,2022-01-13 11:00:00,,,
BLOOMINGTON PD,B22-02865,MONROE,BLOOMINGTON,BLOOMINGTON,2,,0,0,0,,ST RD 46,,,,,ST RD 46,EASTGATE LN,,,,Y,,158.0,,39.16992304,-86.50141902,ST RD,,,,URBAN,N,N,N,,DAYLIGHT,CLEAR,DRY,,NO JUNCTION INVOLVED,,ASPHALT,FOLLOWING TOO CLOSELY,$2501 TO $5000,REAR END,STATERD46EASTGATELN,0,,2022-01-26 03:25:00,,,
BLOOMINGTON PD,B22-00281,MONROE,,BLOOMINGTON,2,,0,0,0,,N KINSER PK,,,,,N KINSER PK,W CLUB HOUSE DR,,,,Y,,0.0,,39.200815,-86.542843,LOCAL/CITY RD,,,,URBAN,N,N,N,,DAYLIGHT,CLEAR,DRY,,NO JUNCTION INVOLVED,,ASPHALT,LEFT OF CENTER,$1001 TO $2500,OPPOSITE DIRECTION SIDESWIPE,WCLUBHOUSEDRNKINSERPK,0,,2022-01-04 09:30:00,,,
BLOOMINGTON PD,B22-01529,MONROE,BLOOMINGTON,BLOOMINGTON,3,,0,0,0,,N WALNUT ST,,,,,N WALNUT ST,W 7TH ST,,,,Y,,0.0,,39.16861714,-86.53361089,LOCAL/CITY RD,,,,URBAN,N,N,N,,DARK (LIGHTED),CLEAR,DRY,,FOUR-WAY INTERSECTION,,ASPHALT,FOLLOWING TOO CLOSELY,$2501 TO $5000,REAR END,W7THSTNWALNUTST,0,,2022-01-14 22:58:00,,,
BLOOMINGTON PD,B22-25843,MONROE,RICHLAND,BLOOMINGTON,3,,0,0,0,,N GATES DR,,,,,N GATES DR,N GATES DR,,,,Y,,0.0,,39.16561286,-86.57595961,LOCAL/CITY RD,,,,URBAN,N,N,N,,DAYLIGHT,CLOUDY,DRY,,T-INTERSECTION,,ASPHALT,FOLLOWING TOO CLOSELY,$1001 TO $2500,REAR END,NGATESDRNGATESDR,0,,2022-07-07 12:56:00,,,
BLOOMINGTON PD,B22-07135,MONROE,BLOOMINGTON,BLOOMINGTON,2,,0,0,0,,W 7TH ST,,,,,W 7TH ST,N JACKSON ST,,,,Y,,0.0,,39.16862684,-86.53936691,LOCAL/CITY RD,,,,URBAN,Y,N,N,,DARK (NOT LIGHTED),CLEAR,DRY,,NO JUNCTION INVOLVED,,CONCRETE,UNSAFE BACKING,$1001 TO $2500,BACKING CRASH,W7THSTNJACKSONST,0,,2022-03-03 20:12:00,,,
BLOOMINGTON PD,B22-12724,MONROE,PERRY,BLOOMINGTON,2,,0,0,0,,1011 W 2ND ST,,,,,W 2ND ST,,,,,Y,,0.0,,0.0,0.0,PRIVATE DR,,,,URBAN,N,N,N,,DAYLIGHT,CLOUDY,DRY,,NO JUNCTION INVOLVED,,ASPHALT,UNSAFE BACKING,$2501 TO $5000,BACKING CRASH,1011W.2NDST,0,,2022-04-12 09:26:00,1011.0,,
BLOOMINGTON PD,B22-00153,MONROE,PERRY,BLOOMINGTON,1,,0,0,0,,500 S MULLER PARKWAY,,,,,S MULLER PARKWAY,,,,,Y,,0.0,,0.0,0.0,LOCAL/CITY RD,,,,URBAN,N,N,N,,DARK (LIGHTED),CLEAR,DRY,,NO JUNCTION INVOLVED,,ASPHALT,STEERING FAILURE,$2501 TO $5000,OTHER - EXPLAIN IN NARRATIVE,500SOUTHMULLERPARKWAY,0,,2022-01-02 18:24:00,500.0,,
BLOOMINGTON PD,B2200220,MONROE,BLOOMINGTON,BLOOMINGTON,2,,0,0,0,,N WOODBRIDGE DR,,,,,N WOODBRIDGE DR,E 10TH ST,,,,Y,,0.0,,39.17156163,-86.49086542,LOCAL/CITY RD,,,,URBAN,N,N,N,,DAYLIGHT,CLEAR,DRY,,FOUR-WAY INTERSECTION,,ASPHALT,FAILURE TO YIELD RIGHT OF WAY,$10001 TO $25000,RIGHT ANGLE,NWOODBRIDGEDRE 10THST,0,,2022-01-03 15:20:00,,,
BLOOMINGTON PD,B22-00661,MONROE,BLOOMINGTON,BLOOMINGTON,2,,0,0,0,,W17TH ST,,,,,W17TH ST,N MADISON ST,,,,Y,,0.0,,39.178997,-86.53773,LOCAL/CITY RD,,,,URBAN,N,N,N,,DAYLIGHT,CLEAR,DRY,,FOUR-WAY INTERSECTION,,ASPHALT,FOLLOWING TOO CLOSELY,$2501 TO $5000,REAR END,W17THSTN.MADISONST,0,,2022-01-07 07:55:00,,,
BLOOMINGTON PD,B22-01277,MONROE,PERRY,BLOOMINGTON,1,,0,0,0,574,S LANDMARK AVE,,,,,S LANDMARK AVE,,,,,N,,0.0,,39.1601593,-86.5539649,LOCAL/CITY RD,,,,URBAN,N,N,N,,DAYLIGHT,CLEAR,DRY,,NO JUNCTION INVOLVED,,ASPHALT,OTHER (DRIVER) - EXPLAIN IN NARRATIVE,$5001 TO $10000,OTHER - EXPLAIN IN NARRATIVE,SLANDMARKAVE,0,,2022-01-12 17:21:00,,,
BLOOMINGTON PD,B22-01061,MONROE,BLOOMINGTON,BLOOMINGTON,2,,0,0,0,,N PROW RD,,,,,N PROW RD,W ACUFF RD,,,,Y,,300.0,,39.20651189,-86.55203409,,,,,URBAN,N,N,N,,DAYLIGHT,CLEAR,DRY,,NO JUNCTION INVOLVED,,ASPHALT,FAILURE TO YIELD RIGHT OF WAY,$25001 TO $50000,REAR END,WACUFFRDNPROWRD,0,,2022-01-10 05:19:00,,,
DNR LAW ENFORCEMENT,06-22-01772,MONROE,BENTON,BLOOMINGTON,1,,2,0,0,,N TUNNEL RD,,,,,N TUNNEL RD,,,,,N,,0.0,,39.23262176,-86.43306918,LOCAL/CITY RD,,,,RURAL,N,N,N,,DARK (LIGHTED),CLEAR,DRY,,NO JUNCTION INVOLVED,,ASPHALT,UNSAFE SPEED,$5001 TO $10000,RAN OFF RD,NTUNNELRD,0,,2022-07-04 00:50:00,,,
BLOOMINGTON PD,B22-38674,MONROE,BLOOMINGTON,BLOOMINGTON,2,,0,0,0,,N KINSER PK,,,,,N KINSER PK,ST RD 46,,,,Y,,0.0,,39.18650264,-86.53766818,LOCAL/CITY RD,,,,URBAN,N,N,N,,DARK (LIGHTED),RAIN,WET,,FOUR-WAY INTERSECTION,,ASPHALT,FAILURE TO YIELD RIGHT OF WAY,$5001 TO $10000,RIGHT ANGLE,STATERD46NKINSERPK,0,,2022-09-23 21:00:00,,,