Agency,Local Code,County,Township,City,Vehicles Involved,Trailers Involved,Number Injured,Number Dead,Number Deer,House Number,Roadway Name,Roadway Suffix,Roadway Number,Roadway Interchange,Roadway Ramp,Roadway Id,Intersecting Road,Intersecting Road Number,Mile Marker,Interchange,Corporate Limits?,Property Type,Feet From,Direction,Latitude,Longitude,Roadway Class,Traffic Control Devices?,Aggressive Driving?,Hit and Run?,Locality,School Zone?,Rumble Strips?,Construction?,Construction Type,Light Condition,Weather Conditions,Surface Condition,Type of Median,Roadway Junction Type,Road Character,Roadway Surface,Primary Factor,Damage Estimate,Manner of Collision,Unique Location Id,State Property Damage?,Traffic Control,DateTime,Address Number,Cyclist Involved,Pedestrian Involved
MONROE SD,M22A21011,MONROE,RICHLAND,BLOOMINGTON,3,,1,0,0,,W ST RD 46,,,,,W ST RD 46,N CURRY PK,,,,N,,0.0,,39.19365391,-86.57140679,ST RD,,,,RURAL,N,N,N,,DAYLIGHT,CLEAR,DRY,,NO JUNCTION INVOLVED,,ASPHALT,OTHER (DRIVER) - EXPLAIN IN NARRATIVE,$10001 TO $25000,RIGHT TURN,NCURRYPKWSTATERD46,0,,2022-08-27 13:08:00,,,
MONROE SD,M22A22765,MONROE,PERRY,BLOOMINGTON,3,,1,0,0,,S ST RD 37,,,,,S ST RD 37,S ST RD 37,,,,N,,0.0,,39.08531033,-86.54242754,ST RD,,,,RURAL,N,N,N,,DAYLIGHT,CLEAR,DRY,,FOUR-WAY INTERSECTION,,ASPHALT,FOLLOWING TOO CLOSELY,$10001 TO $25000,REAR END,SOLDSTATERD37SOLDSTATERD37,0,,2022-09-15 17:40:00,,,
INDIANA UNIV BLOOMINGTON PD,222440,MONROE,BLOOMINGTON,BLOOMINGTON,2,,0,0,0,,N JEFFERSON ST,,,,,N JEFFERSON ST,N UNION ST,,,,Y,,0.0,,39.17139986,-86.50720478,,,,,URBAN,N,N,N,,DAYLIGHT,CLEAR,DRY,,T-INTERSECTION,,ASPHALT,IMPROPER PASSING,$1001 TO $2500,SAME DIRECTION SIDESWIPE,NUNIONSTNJEFFERSONST,0,,2022-07-21 11:00:00,,,
BLOOMINGTON PD,B22-04873,MONROE,BLOOMINGTON,BLOOMINGTON,2,,0,0,0,,W 10TH ST,,,,,W 10TH ST,N COLLEGE AVE,,,,Y,,0.0,,39.17167739,-86.53484649,,,,,URBAN,N,N,N,,DARK (LIGHTED),CLEAR,WET,,FOUR-WAY INTERSECTION,,ASPHALT,UNSAFE LN MOVEMENT,$2501 TO $5000,LEFT TURN,W10THSTNCOLLEGEAVE,0,,2022-02-12 20:27:00,,,
BLOOMINGTON PD,B22-06494,MONROE,BLOOMINGTON,BLOOMINGTON,2,,0,0,0,,E WYLIE FARM RD,,,,,E WYLIE FARM RD,S BAYBERRY DR,,,,Y,,0.0,,0.0,0.0,LOCAL/CITY RD,,,,URBAN,N,N,N,,DARK (NOT LIGHTED),CLEAR,DRY,,FOUR-WAY INTERSECTION,,ASPHALT,DRIVER DISTRACTED - EXPLAIN IN NARRATIVE,$2501 TO $5000,REAR END,SBAYBERRYDREWYLIEFARMRD,0,,2022-02-26 21:50:00,,,
BLOOMINGTON PD,B22-10316,MONROE,BLOOMINGTON,BLOOMINGTON,2,,0,0,0,,N WASHINGTON ST,,,,,N WASHINGTON ST,E 10TH ST,,,,Y,,0.0,,39.17167669,-86.53233952,LOCAL/CITY RD,,,,URBAN,N,N,N,,DAYLIGHT,CLOUDY,DRY,,FOUR-WAY INTERSECTION,,ASPHALT,DISREGARD SIGNAL/REG SIGN,$5001 TO $10000,RIGHT ANGLE,NWASHINGTONSTE 10THST,0,,2022-03-26 11:59:00,,,
BLOOMINGTON PD,B22-30664,MONROE,PERRY,BLOOMINGTON,1,,0,0,0,,E MOORES PK,,,,,E MOORES PK,E CAPE COD CT,,,,Y,,0.0,,39.15048364,-86.50666969,LOCAL/CITY RD,,,,URBAN,N,N,N,,DAYLIGHT,CLOUDY,DRY,,T-INTERSECTION,,ASPHALT,OBSTRUCTION NOT MARKED,$2501 TO $5000,OTHER - EXPLAIN IN NARRATIVE,EMOORESPKECAPECODCT,0,,2022-08-08 16:57:00,,,
DNR LAW ENFORCEMENT,06-22-02247,MONROE,SALT CREEK,BLOOMINGTON,2,,0,0,0,,ST RD 446,,,,,ST RD 446,,,,,N,,0.0,,39.09153267,-86.42295873,PRIVATE DR,,,,RURAL,N,N,N,,DAYLIGHT,CLEAR,DRY,,NO JUNCTION INVOLVED,,ASPHALT,UNSAFE BACKING,$1001 TO $2500,BACKING CRASH,STATERD446,0,,2022-08-12 11:25:00,,,
INDIANA UNIV BLOOMINGTON PD,221043,MONROE,BLOOMINGTON,BLOOMINGTON,2,,0,0,0,,S HIGHLAND AVE,,,,,S HIGHLAND AVE,E 3RD ST,,,,Y,,0.0,,39.16425997,-86.51773567,LOCAL/CITY RD,,,,URBAN,N,N,N,,DAYLIGHT,CLEAR,DRY,,T-INTERSECTION,,ASPHALT,IMPROPER TURNING,$25001 TO $50000,LEFT TURN,SHIGHLANDAVEE 3RDST,0,,2022-03-20 14:34:00,,,
BLOOMINGTON PD,B22-03135,MONROE,PERRY,BLOOMINGTON,2,,0,0,0,,S DEBORAH DR,,,,,S DEBORAH DR,W COTA DR,,,,Y,,0.0,,39.13591993,-86.56778044,LOCAL/CITY RD,,,,URBAN,N,N,N,,DAYLIGHT,SNOW,SNOW/SLUSH,,T-INTERSECTION,,ASPHALT,RDWAY SURFACE CONDITION,$1001 TO $2500,HEAD ON BETWEEN TWO MOTOR VEHICLES,WCOTADRSDEBORAHDR,0,,2022-01-28 02:31:00,,,
BLOOMINGTON PD,B22-28724,MONROE,PERRY,BLOOMINGTON,2,,0,0,0,,W 3RD ST,,,,,W 3RD ST,S PATTERSON DR,,,,Y,,0.0,,39.1644313,-86.55198002,LOCAL/CITY RD,,,,URBAN,N,N,N,,DAYLIGHT,RAIN,WET,,FOUR-WAY INTERSECTION,,ASPHALT,FOLLOWING TOO CLOSELY,$2501 TO $5000,REAR END,W 3RDSTSPATTERSONDR,0,,2022-07-27 08:52:00,,,
BLOOMINGTON PD,B22-20605,MONROE,BLOOMINGTON,BLOOMINGTON,2,,0,0,0,,S WASHINGTON ST,,,,,S WASHINGTON ST,E DODDS ST,,,,Y,,0.0,,39.15737173,-86.5324182,LOCAL/CITY RD,,,,URBAN,N,N,N,,DAYLIGHT,CLEAR,DRY,,FOUR-WAY INTERSECTION,,ASPHALT,DISREGARD SIGNAL/REG SIGN,$2501 TO $5000,RIGHT TURN,SWASHINGTONSTEDODDSST,0,,2022-06-03 15:41:00,,,
BLOOMINGTON PD,B22-20737,MONROE,BLOOMINGTON,BLOOMINGTON,2,,1,0,0,,E COVENANTER DR,,,,,E COVENANTER DR,S COLLEGE MALL RD,,,,Y,,0.0,,39.15521787,-86.49770471,LOCAL/CITY RD,,,,URBAN,N,N,N,,DAYLIGHT,CLEAR,DRY,,FOUR-WAY INTERSECTION,,ASPHALT,FAILURE TO YIELD RIGHT OF WAY,$25001 TO $50000,LEFT TURN,SCOLLEGEMALLRDECOVENANTERDR,0,,2022-06-04 09:40:00,,,
INDIANA UNIV BLOOMINGTON PD,223426,MONROE,BLOOMINGTON,BLOOMINGTON,1,,0,0,0,,N EAGLESON AVE,,,,,N EAGLESON AVE,E LAW LN,,,,Y,,0.0,,39.17327366,-86.51549524,LOCAL/CITY RD,,,,URBAN,N,N,N,,DARK (NOT LIGHTED),CLEAR,DRY,,NO JUNCTION INVOLVED,,ASPHALT,OBSTRUCTION NOT MARKED,$2501 TO $5000,COLLISION WITH OBJECT IN RD,NORTHEAGLESONAVEEASTLAWLN,0,,2022-09-20 21:35:00,,,
BLOOMINGTON PD,B22-03593,MONROE,PERRY,BLOOMINGTON,2,,1,0,0,,E ALLEN ST,,,,,E ALLEN ST,S WASHINGTON ST,,,,Y,,0.0,,39.15560994,-86.53244596,LOCAL/CITY RD,,,,URBAN,N,N,N,,DARK (NOT LIGHTED),CLEAR,DRY,,FOUR-WAY INTERSECTION,,ASPHALT,DISREGARD SIGNAL/REG SIGN,$5001 TO $10000,RIGHT ANGLE,SWASHINGTONSTEALLENST,0,,2022-02-01 19:14:00,,,
BLOOMINGTON PD,B22-13032,MONROE,BLOOMINGTON,BLOOMINGTON,2,,1,0,0,,N ADAMS ST,,,,,N ADAMS ST,W FOUNTAIN DR,,,,Y,,0.0,,39.16958063,-86.54965586,LOCAL/CITY RD,,,,URBAN,N,N,N,,DAYLIGHT,CLEAR,DRY,,NO JUNCTION INVOLVED,,ASPHALT,FAILURE TO YIELD RIGHT OF WAY,$5001 TO $10000,HEAD ON BETWEEN TWO MOTOR VEHICLES,WFOUNTAINDRNADAMSST,0,,2022-04-14 13:20:00,,,
BLOOMINGTON PD,B22-29457,MONROE,BLOOMINGTON,BLOOMINGTON,1,,1,0,0,,ST RD 46,,,,,ST RD 46,W CASCADE AVE,,,,Y,,1056.0,,39.18678684,-86.54224546,ST RD,,,,URBAN,N,N,N,,DARK (NOT LIGHTED),CLOUDY,DRY,,NO JUNCTION INVOLVED,,ASPHALT,PEDESTRIAN ACTION,UNDER $1001,OPPOSITE DIRECTION SIDESWIPE,WCASCADEAVESTATERD46,1,,2022-08-01 06:02:00,,,True
BLOOMINGTON PD,B22-16936,MONROE,BLOOMINGTON,BLOOMINGTON,4,,1,0,0,,E MATTLOCK RD,,,,,E MATTLOCK RD,N DUNN ST,,,,Y,,0.0,,39.18629475,-86.52871943,LOCAL/CITY RD,,,,URBAN,N,N,N,,DAYLIGHT,CLEAR,DRY,,FOUR-WAY INTERSECTION,,ASPHALT,OTHER (DRIVER) - EXPLAIN IN NARRATIVE,$10001 TO $25000,REAR END,NDUNNSTEMATTLOCKRD,0,,2022-05-09 17:08:00,,,
BLOOMINGTON PD,B22-40462,MONROE,PERRY,BLOOMINGTON,1,,1,0,0,,S SMITH RD,,,,,S SMITH RD,E STONEGATE DR,,,,Y,,264.0,,39.16159695,-86.48072704,LOCAL/CITY RD,,,,URBAN,N,N,N,,DAYLIGHT,CLEAR,DRY,,NO JUNCTION INVOLVED,,ASPHALT,FAILURE TO MAINTAIN LN,$10001 TO $25000,RAN OFF RD,SSMITHRDESTONEGATEDR,0,,2022-10-03 13:18:00,,,
MONROE SD,M22A3047,MONROE,CLEAR CREEK,BLOOMINGTON,2,,0,0,0,,S STRAIN RIDGE RD,,,,,S STRAIN RIDGE RD,S FAIRFAX RD,,,,N,,0.0,,39.07432879,-86.50587605,LOCAL/CITY RD,,,,RURAL,N,N,N,,DARK (NOT LIGHTED),CLEAR,SNOW/SLUSH,,T-INTERSECTION,,ASPHALT,FAILURE TO YIELD RIGHT OF WAY,$2501 TO $5000,LEFT TURN,SSTRAINRIDGERDSFAIRFAXRD,0,,2022-02-08 18:55:00,,,
BLOOMINGTON PD,B22-34100,MONROE,BLOOMINGTON,BLOOMINGTON,1,,0,0,0,,E 3RD ST,,,,,E 3RD ST,ST RD 446,,,,Y,,0.0,,39.16433186,-86.47204346,LOCAL/CITY RD,,,,URBAN,N,N,N,,DARK (NOT LIGHTED),CLEAR,DRY,,FOUR-WAY INTERSECTION,,ASPHALT,DISREGARD SIGNAL/REG SIGN,UNDER $1001,RAN OFF RD,STATERD446E 3RDST,0,,2022-08-28 03:50:00,,,
INDIANA UNIV BLOOMINGTON PD,223747,MONROE,BLOOMINGTON,BLOOMINGTON,2,,0,0,0,,S WOODLAWN AVE,,,,,S WOODLAWN AVE,E 3RD ST,,,,Y,,0.0,,39.16422095,-86.5226335,LOCAL/CITY RD,,,,URBAN,N,N,N,,DAYLIGHT,CLEAR,DRY,,T-INTERSECTION,,ASPHALT,IMPROPER TURNING,$2501 TO $5000,LEFT TURN,SWOODLAWNAVEE 3RDST,0,,2022-10-05 12:19:00,,,
MONROE SD,M22A5312,MONROE,BEAN BLOSSOM,BLOOMINGTON,1,,0,0,0,,LOW GAP RD,,,,,LOW GAP RD,,,,,N,,0.0,,39.33215426,-86.39487857,,,,,RURAL,N,N,N,,DARK (NOT LIGHTED),RAIN,WATER (STANDING OR MOVING),,NO JUNCTION INVOLVED,,ASPHALT,ANIMAL/OBJECT IN RDWAY,$10001 TO $25000,COLLISION WITH OBJECT IN RD,LOWGAPRD,0,,2022-03-07 07:12:00,,,
BLOOMINGTON PD,B22-15993,MONROE,VAN BUREN,BLOOMINGTON,1,,1,0,0,,S LIBERTY DR,,,,,S LIBERTY DR,,,,,Y,,0.0,,39.14779562,-86.57711614,LOCAL/CITY RD,,,,URBAN,N,N,N,,DAYLIGHT,RAIN,WET,,T-INTERSECTION,,ASPHALT,UNSAFE SPEED,$2501 TO $5000,RAN OFF RD,SLIBERTYDR,0,,2022-05-03 09:23:00,,,
ISP BLOOMINGTON 33,2022-00304470,MONROE,BEAN BLOSSOM,BLOOMINGTON,1,,0,0,0,,ST RD 45,,,,,ST RD 45,N MARTIN DR,,,,N,,0.0,,39.2042456,-86.46326441,ST RD,,,,RURAL,N,N,N,,DAYLIGHT,RAIN,WET,,T-INTERSECTION,,ASPHALT,SPEED TOO FAST FOR WEATHER CONDITIONS,$5001 TO $10000,RAN OFF RD,STATERD45NMARTINDR,0,,2022-07-08 10:30:00,,,
ISP BLOOMINGTON 33,2022-00299480,MONROE,RICHLAND,BLOOMINGTON,2,,0,0,0,,ST RD 46,,,,,ST RD 46,CURRY PK,,,,N,,1000.0,,39.19602491,-86.57286289,ST RD,,,,RURAL,N,Y,Y,LN CLOSURE,DAYLIGHT,CLEAR,DRY,,NO JUNCTION INVOLVED,,ASPHALT,FOLLOWING TOO CLOSELY,$5001 TO $10000,REAR END,STATERD46CURRYPK,0,,2022-07-05 15:46:00,,,
BLOOMINGTON PD,B22-16133,MONROE,PERRY,BLOOMINGTON,2,,0,0,0,857,S AUTO MALL RD,,,,,S AUTO MALL RD,,,,,Y,,0.0,,39.155983,-86.495678,PRIVATE DR,,,,URBAN,N,N,N,,DAYLIGHT,CLOUDY,DRY,,NO JUNCTION INVOLVED,,ASPHALT,UNSAFE BACKING,$1001 TO $2500,BACKING CRASH,S.AUTOMALLRD,0,,2022-05-04 10:50:00,,,
BLOOMINGTON PD,B22-41019,MONROE,PERRY,BLOOMINGTON,2,,0,0,0,,S HIGH ST,,,,,S HIGH ST,E COVENANTER DR,,,,Y,,0.0,,39.15363169,-86.50845366,LOCAL/CITY RD,,,,URBAN,N,N,N,,DAYLIGHT,CLOUDY,WET,,FOUR-WAY INTERSECTION,,ASPHALT,FOLLOWING TOO CLOSELY,$2501 TO $5000,REAR END,SHIGHSTECOVENANTERDR,0,,2022-10-06 09:21:00,,,
BLOOMINGTON PD,B22-22884,MONROE,PERRY,BLOOMINGTON,2,,0,0,0,3205,W ST RD 45,,,,,W ST RD 45,,,,,Y,,0.0,,39.14479907,-86.57368041,PRIVATE DR,,,,URBAN,N,N,N,,DAYLIGHT,CLEAR,DRY,,T-INTERSECTION,,ASPHALT,FAILURE TO YIELD RIGHT OF WAY,$1001 TO $2500,RIGHT ANGLE,WSTATERD45,0,,2022-06-18 15:00:00,,,
BLOOMINGTON PD,B22-38232,MONROE,PERRY,BLOOMINGTON,2,,0,0,0,,705 W COOLIDGE DR,,,,,W COOLIDGE DR,,,,,Y,,0.0,,0.0,0.0,PRIVATE DR,,,,URBAN,Y,N,N,,DAYLIGHT,CLEAR,DRY,,NO JUNCTION INVOLVED,,ASPHALT,UNSAFE BACKING,$2501 TO $5000,BACKING CRASH,705W.COOLIDGEDR,0,,2022-09-21 14:11:00,705.0,,
ISP BLOOMINGTON 33,2022-00301310,MONROE,RICHLAND,BLOOMINGTON,2,,0,0,0,,ST RD 46,,,,,ST RD 46,CURRY PK,,,,N,,700.0,,39.19648341,-86.57309242,ST RD,,,,RURAL,N,Y,Y,LN CLOSURE,DAYLIGHT,CLEAR,DRY,,NO JUNCTION INVOLVED,,ASPHALT,UNSAFE SPEED,$5001 TO $10000,REAR END,STATERD46CURRYPK,0,,2022-07-06 15:42:00,,,
MONROE SD,M22A3921,MONROE,PERRY,BLOOMINGTON,2,,0,0,0,5006,S ROGERS ST,,,,,S ROGERS ST,,,,,N,,0.0,,39.11128054,-86.54029614,LOCAL/CITY RD,,,,RURAL,N,N,N,,DAYLIGHT,CLEAR,DRY,,NO JUNCTION INVOLVED,,ASPHALT,UNSAFE BACKING,$2501 TO $5000,BACKING CRASH,SROGERSST,0,,2022-02-18 17:05:00,,,
BLOOMINGTON PD,B22-13671,MONROE,PERRY,BLOOMINGTON,2,,2,0,0,,S ROGERS ST,,,,,S ROGERS ST,S ROCKPORT RD,,,,Y,,0.0,,39.14609541,-86.5388698,LOCAL/CITY RD,,,,URBAN,N,N,B,,DAYLIGHT,CLEAR,DRY,,FOUR-WAY INTERSECTION,,ASPHALT,IMPROPER TURNING,$5001 TO $10000,SAME DIRECTION SIDESWIPE,SROGERSSTSROCKPORTRD,0,,2022-04-19 14:29:00,,,
BLOOMINGTON PD,B22-33223,MONROE,PERRY,BLOOMINGTON,2,,0,0,0,,1372 S COLLEGE MALL RD,,,,,S COLLEGE MALL RD,,,,,Y,,0.0,,39.15181765,-86.49781025,,,,,URBAN,N,N,N,,DAYLIGHT,CLEAR,DRY,,NO JUNCTION INVOLVED,,ASPHALT,UNSAFE BACKING,UNDER $1001,BACKING CRASH,1372SCOLLEGEMALLRD,0,,2022-08-23 17:25:00,1372.0,,
INDIANA UNIV BLOOMINGTON PD,222787,MONROE,BLOOMINGTON,BLOOMINGTON,2,,0,0,0,,N UNION ST,,,,,N UNION ST,,,,,Y,,0.0,,39.17392761,-86.51064123,PRIVATE DR,,,,URBAN,N,N,N,,DAYLIGHT,CLEAR,DRY,,NO JUNCTION INVOLVED,,ASPHALT,UNSAFE BACKING,$2501 TO $5000,BACKING CRASH,NUNIONST,0,,2022-08-23 18:44:00,,,
BLOOMINGTON PD,B22-32706,MONROE,PERRY,BLOOMINGTON,1,,0,0,0,,E DRISCOLL DR,,,,,E DRISCOLL DR,S WASHINGTON ST,,,,Y,,0.0,,39.15252142,-86.53309054,LOCAL/CITY RD,,,,URBAN,N,N,N,,DAYLIGHT,CLEAR,DRY,,T-INTERSECTION,,ASPHALT,IMPROPER LN USAGE,UNDER $1001,RIGHT ANGLE,SWASHINGTONSTEDRISCOLLDR,1,,2022-08-20 16:23:00,,True,
INDIANA UNIV BLOOMINGTON PD,222423,MONROE,BLOOMINGTON,BLOOMINGTON,2,,0,0,0,,ST RD 45,,,,,ST RD 45,N BROWNCLIFF LN,,,,Y,,0.0,,39.18586232,-86.51852436,ST RD,,,,URBAN,N,N,N,,DAYLIGHT,CLEAR,DRY,,NO JUNCTION INVOLVED,,ASPHALT,FOLLOWING TOO CLOSELY,$5001 TO $10000,REAR END,STATERD45NBROWNCLIFFLN,0,,2022-07-19 15:25:00,,,
MONROE SD,M22A20241,MONROE,RICHLAND,BLOOMINGTON,2,,1,0,0,,W 3RD ST,,,,,W 3RD ST,W 3RD ST,,,,N,,0.0,,39.16504448,-86.59260697,ST RD,,,,URBAN,N,N,N,,DAYLIGHT,CLEAR,DRY,,FOUR-WAY INTERSECTION,,ASPHALT,DISREGARD SIGNAL/REG SIGN,$5001 TO $10000,REAR END,W 3RDSTW 3RDST,0,,2022-08-18 05:30:00,,,
ELLETTSVILLE PD,E2203877,MONROE,RICHLAND,ELLETTSVILLE,2,,0,0,0,,W ST RD 46,,,,,W ST RD 46,N LAKEVIEW DR,,,,Y,,0.0,,39.22073654,-86.60488469,ST RD,,,,URBAN,N,N,N,,DAYLIGHT,CLEAR,DRY,,NO JUNCTION INVOLVED,,ASPHALT,FAILURE TO YIELD RIGHT OF WAY,$10001 TO $25000,LEFT TURN,WSTATERD46NLAKEVIEWDR,0,,2022-09-27 14:30:00,,,
BLOOMINGTON PD,B22-27882,MONROE,BLOOMINGTON,BLOOMINGTON,2,,0,0,0,528,S COLLEGE AVE,,,,,S COLLEGE AVE,,,,,Y,,0.0,,39.16021965,-86.53557828,PRIVATE DR,,,,URBAN,N,N,N,,DAYLIGHT,CLEAR,DRY,,NO JUNCTION INVOLVED,,ASPHALT,UNSAFE BACKING,$1001 TO $2500,SAME DIRECTION SIDESWIPE,SCOLLEGEAVE,0,,2022-07-20 21:00:00,,,
ISP BLOOMINGTON 33,2.022E+11,MONROE,INDIAN CREEK,BLOOMINGTON,1,,0,0,0,,I-69,,,,,I-69,,,109.5,,N,,0.0,,39.07100836,-86.61955364,INTERSTATE,,,,RURAL,N,N,N,,DAYLIGHT,RAIN,WET,,NO JUNCTION INVOLVED,,CONCRETE,,$2501 TO $5000,RAN OFF RD,I-69109.5,0,,2022-06-17 10:00:00,,,
BLOOMINGTON PD,B22-34182,MONROE,BLOOMINGTON,BLOOMINGTON,1,,1,0,0,,I-69,,,,,I-69,,,,,Y,,898.0,,39.18850555,-86.55378787,INTERSTATE,,,,URBAN,N,N,N,,DAYLIGHT,CLEAR,DRY,,RAMP,,CONCRETE,UNSAFE SPEED,$2501 TO $5000,RAN OFF RD,I-69,0,,2022-08-28 17:58:00,,,
BLOOMINGTON PD,B22-26842,MONROE,PERRY,BLOOMINGTON,1,,0,0,0,,"325 E WINSLOW RD BLOOMINGTON,",,,,,E WINSLOW RD ,,,,,Y,,0.0,,,,PRIVATE DR,,,,URBAN,N,N,N,,DAWN/DUSK,CLEAR,DRY,,NO JUNCTION INVOLVED,,ASPHALT,UNSAFE SPEED,$10001 TO $25000,RAN OFF RD,"325EWINSLOWRDBLOOMINGTON,IN",0,,2022-07-14 08:01:00,325.0,,
MONROE SD,M22A24572,MONROE,VAN BUREN,BLOOMINGTON,1,,1,0,0,,W ST RD 45,,,,,W ST RD 45,INDUSTRIAL BLVD,,,,Y,,0.0,,39.14248843,-86.57951347,,,,,URBAN,N,N,N,,DARK (LIGHTED),CLEAR,DRY,,NO JUNCTION INVOLVED,,CONCRETE,UNSAFE BACKING,UNDER $1001,BACKING CRASH,WSTATERD45INDUSTRIALBLVD,1,,2022-10-06 20:36:00,,,True
INDIANA UNIV BLOOMINGTON PD,221097,MONROE,BLOOMINGTON,BLOOMINGTON,2,,0,0,0,1225,N FEE LN,,,,,N FEE LN,,,,,Y,,0.0,,39.17797297,-86.51957535,PRIVATE DR,,,,URBAN,N,N,N,,DARK (NOT LIGHTED),RAIN,WET,,NO JUNCTION INVOLVED,,ASPHALT,UNSAFE BACKING,$1001 TO $2500,BACKING CRASH,NFEELN,0,,2022-02-24 04:00:00,,,
ISP BLOOMINGTON 33,2022-00259673,MONROE,VAN BUREN,BLOOMINGTON,1,,0,0,1,,W ST RD 45,,,,,W ST RD 45,S RENDY LN,,,,N,,0.0,,39.12164586,-86.61534694,ST RD,,,,RURAL,N,N,N,,DAYLIGHT,CLOUDY,DRY,,NO JUNCTION INVOLVED,,ASPHALT,ANIMAL/OBJECT IN RDWAY,$2501 TO $5000,COLLISION WITH DEER,WSTATERD45SRENDYLN,0,,2022-06-10 09:15:00,,,
INDIANA UNIV BLOOMINGTON PD,220315,MONROE,BLOOMINGTON,BLOOMINGTON,2,,0,0,0,,ST RD 45,,,,,ST RD 45,E 17TH ST,,,,Y,,0.0,,39.17971668,-86.50723192,ST RD,,,,URBAN,N,N,N,,DAWN/DUSK,SNOW,WET,,T-INTERSECTION,,ASPHALT,FAILURE TO YIELD RIGHT OF WAY,$5001 TO $10000,LEFT TURN,STATERD45E17THST,0,,2022-01-28 18:00:00,,,
INDIANA UNIV BLOOMINGTON PD,220924,MONROE,BLOOMINGTON,BLOOMINGTON,2,,0,0,0,,N ST RD 45/46 BYPASS,,,,,N ST RD 45/46 BYPASS,E 10TH ST,,,,Y,,0.0,,39.17181532,-86.50247402,ST RD,,,,URBAN,N,N,N,,DARK (LIGHTED),CLEAR,DRY,,FOUR-WAY INTERSECTION,,ASPHALT,FOLLOWING TOO CLOSELY,$5001 TO $10000,REAR END,NSTATERD45/46BYPASSE 10THST,0,,2022-03-09 21:07:00,,,
ISP BLOOMINGTON 33,2.022E+11,MONROE,PERRY,BLOOMINGTON,2,,0,0,0,,S ST RD 37,,,,,S ST RD 37,S ST RD 37,,,,N,,0.0,,39.08548073,-86.54259344,ST RD,,,,RURAL,N,N,N,,DAYLIGHT,SNOW,SNOW/SLUSH,,FOUR-WAY INTERSECTION,,ASPHALT,RDWAY SURFACE CONDITION,$1001 TO $2500,OPPOSITE DIRECTION SIDESWIPE,SOLDSTATERD37SOLDSTATERD37,0,,2022-01-28 13:45:00,,,
BLOOMINGTON PD,B22-13844,MONROE,PERRY,BLOOMINGTON,2,,0,0,0,,W BLOOMFIELD RD,,,,,W BLOOMFIELD RD,S LANDMARK AVE,,,,Y,,0.0,,39.159933,-86.55386,LOCAL/CITY RD,,,,URBAN,N,N,N,,DAYLIGHT,CLOUDY,DRY,,FOUR-WAY INTERSECTION,,ASPHALT,OVERCORRECTING/OVERSTEERING,$2501 TO $5000,OPPOSITE DIRECTION SIDESWIPE,W.BLOOMFIELDRDS.LANDMARKAVE,0,,2022-04-20 13:13:00,,,
ELLETTSVILLE PD,E22-00735,MONROE,RICHLAND,ELLETTSVILLE,2,,0,0,0,4682,W RICHLAND PLAZA DR,,,,,W RICHLAND PLAZA DR,,,,,Y,,0.0,,39.21740132,-86.59464209,PRIVATE DR,,,,RURAL,N,N,N,,DAYLIGHT,CLEAR,DRY,,NO JUNCTION INVOLVED,,ASPHALT,UNSAFE BACKING,$1001 TO $2500,BACKING CRASH,WRICHLANDPLAZADR,0,,2022-02-27 15:58:00,,,
BLOOMINGTON PD,B22-26259,MONROE,PERRY,BLOOMINGTON,3,,0,0,0,,S WASHINGTON ST,,,,,S WASHINGTON ST,E DIXIE ST,,,,Y,,0.0,,39.15647229,-86.53243958,LOCAL/CITY RD,,,,URBAN,N,N,N,,DAYLIGHT,CLEAR,DRY,,NO JUNCTION INVOLVED,,ASPHALT,DRIVER DISTRACTED - EXPLAIN IN NARRATIVE,$10001 TO $25000,REAR END,SWASHINGTONSTEDIXIEST,0,,2022-07-10 08:44:00,,,
INDIANA UNIV BLOOMINGTON PD,221474,MONROE,BLOOMINGTON,BLOOMINGTON,2,,0,0,0,,S INDIANA AVE,,,,,S INDIANA AVE,E 3RD ST,,,,Y,,0.0,,39.1643544,-86.52687183,LOCAL/CITY RD,,,,URBAN,N,N,N,,DAYLIGHT,CLEAR,DRY,,FOUR-WAY INTERSECTION,,ASPHALT,DISREGARD SIGNAL/REG SIGN,$5001 TO $10000,RIGHT ANGLE,SINDIANAAVEE 3RDST,0,,2022-04-19 08:10:00,,,
MONROE SD,M22A20812,MONROE,PERRY,BLOOMINGTON,1,,0,0,0,,I-69 S,,,,,I-69 S,,,69.0,,N,,0.0,,39.09168082,-86.56702639,,,,,RURAL,N,Y,N,,DAYLIGHT,CLEAR,DRY,,NO JUNCTION INVOLVED,,ASPHALT,DRIVER ASLEEP OR FATIGUED,$1001 TO $2500,RAN OFF RD,SINTERSTATE69,0,,2022-08-25 08:44:00,,,
BLOOMINGTON PD,B22-36259,MONROE,BLOOMINGTON,BLOOMINGTON,1,,1,0,0,1635,W 3RD ST,,,,,W 3RD ST,,,,,N,,0.0,,39.16440437,-86.55452469,PRIVATE DR,,,,URBAN,N,N,N,,DAYLIGHT,CLEAR,DRY,,NO JUNCTION INVOLVED,,CONCRETE,FAILURE TO YIELD RIGHT OF WAY,UNDER $1001,RIGHT TURN,W 3RDST,1,,2022-09-09 02:10:00,,,True