Agency,Local Code,County,Township,City,Vehicles Involved,Trailers Involved,Number Injured,Number Dead,Number Deer,House Number,Roadway Name,Roadway Suffix,Roadway Number,Roadway Interchange,Roadway Ramp,Roadway Id,Intersecting Road,Intersecting Road Number,Mile Marker,Interchange,Corporate Limits?,Property Type,Feet From,Direction,Latitude,Longitude,Roadway Class,Traffic Control Devices?,Aggressive Driving?,Hit and Run?,Locality,School Zone?,Rumble Strips?,Construction?,Construction Type,Light Condition,Weather Conditions,Surface Condition,Type of Median,Roadway Junction Type,Road Character,Roadway Surface,Primary Factor,Damage Estimate,Manner of Collision,Unique Location Id,State Property Damage?,Traffic Control,DateTime,Address Number,Cyclist Involved,Pedestrian Involved
BLOOMINGTON PD,B22-10185,MONROE,BLOOMINGTON,BLOOMINGTON,2,,1,0,0,,S COLLEGE AVE,,,,,S COLLEGE AVE,W 3RD ST,,,,Y,,0.0,,39.16462357,-86.53490299,LOCAL/CITY RD,,,,URBAN,N,N,N,,DAYLIGHT,CLOUDY,WET,,FOUR-WAY INTERSECTION,,ASPHALT,FAILURE TO YIELD RIGHT OF WAY,$2501 TO $5000,RIGHT ANGLE,W 3RDSTSCOLLEGEAVE,0,,2022-03-25 14:20:00,,,
BLOOMINGTON PD,B22-38646,MONROE,BLOOMINGTON,BLOOMINGTON,2,,0,0,0,,E 3RD ST,,,,,E 3RD ST,S HILLSDALE DR,,,,Y,,0.0,,39.16427887,-86.50257725,LOCAL/CITY RD,,,,URBAN,N,N,N,,DAYLIGHT,CLOUDY,DRY,,FOUR-WAY INTERSECTION,,ASPHALT,FAILURE TO YIELD RIGHT OF WAY,$2501 TO $5000,SAME DIRECTION SIDESWIPE,SHILLSDALEDRE 3RDST,0,,2022-09-23 15:30:00,,,
ISP BLOOMINGTON 33,2022-00054927,MONROE,WASHINGTON,BLOOMINGTON,1,,0,0,0,,I-69,,,,,I-69,,,,,N,,739.0,,39.3153373,-86.51126286,INTERSTATE,,,,RURAL,N,N,N,,DARK (NOT LIGHTED),SNOW,SNOW/SLUSH,,NO JUNCTION INVOLVED,,CONCRETE,BRAKE FAILURE OR DEFECTIVE,$5001 TO $10000,OTHER - EXPLAIN IN NARRATIVE,I-69,0,,2022-02-04 00:40:00,,,
MONROE SD,M22A14290,MONROE,PERRY,,1,,0,0,0,,W CHURCH LN,,,,,W CHURCH LN,S COLLEGE DR,,,,N,,0.0,,39.10729408,-86.53584448,,,,,RURAL,N,N,N,,DAYLIGHT,RAIN,WET,,NO JUNCTION INVOLVED,,ASPHALT,OTHER (ENVIRONMENTAL) - EXPLAIN IN NARR,$1001 TO $2500,COLLISION WITH OBJECT IN RD,WCHURCHLNSCOLLEGEDR,0,,2022-06-17 09:30:00,,,
BLOOMINGTON PD,B22-29843,MONROE,BLOOMINGTON,BLOOMINGTON,2,,0,0,0,1305,W 13TH ST,,,,,W 13TH ST,,,,,Y,,0.0,,39.1746162,-86.5502373,PRIVATE DR,,,,URBAN,N,N,N,,DAYLIGHT,CLEAR,DRY,,NO JUNCTION INVOLVED,,CONCRETE,UNSAFE BACKING,$1001 TO $2500,BACKING CRASH,W13THST,0,,2022-08-03 12:42:00,,,
BLOOMINGTON PD,B22-34371,MONROE,BLOOMINGTON,BLOOMINGTON,2,,0,0,0,,W KIRKWOOD AVE,,,,,W KIRKWOOD AVE,N ADAMS ST,,,,Y,,0.0,,39.16673032,-86.54958433,LOCAL/CITY RD,,,,URBAN,N,N,N,,DARK (LIGHTED),CLEAR,DRY,,FOUR-WAY INTERSECTION,,ASPHALT,FAILURE TO YIELD RIGHT OF WAY,$1001 TO $2500,SAME DIRECTION SIDESWIPE,WKIRKWOODAVENADAMSST,0,,2022-08-29 21:00:00,,,
INDIANA UNIV BLOOMINGTON PD,223776,MONROE,BLOOMINGTON,BLOOMINGTON,2,,0,0,0,500,E 4TH ST,,,,,E 4TH ST,,,,,Y,,0.0,,39.16532314,-86.52726836,PRIVATE DR,,,,URBAN,N,N,N,,DAYLIGHT,CLEAR,DRY,,NO JUNCTION INVOLVED,,ASPHALT,DRIVER DISTRACTED - EXPLAIN IN NARRATIVE,$1001 TO $2500,LEFT TURN,E4THST,0,,2022-10-06 15:20:00,,,
INDIANA UNIV BLOOMINGTON PD,220429,MONROE,BLOOMINGTON,BLOOMINGTON,1,,1,0,0,,N EAGLESON AVE,,,,,N EAGLESON AVE,S EAGLESON AVE,,,,Y,,0.0,,39.1677479,-86.51612914,LOCAL/CITY RD,,,,URBAN,N,N,N,,DARK (LIGHTED),SNOW,SNOW/SLUSH,,NO JUNCTION INVOLVED,,ASPHALT,UNSAFE SPEED,$10001 TO $25000,COLLISION WITH OBJECT IN RD,SEAGLESON AVEAVENEAGLESON AVEAVE,0,,2022-02-05 01:20:00,,,
BLOOMINGTON PD,B22-30133,MONROE,BLOOMINGTON,BLOOMINGTON,1,,0,0,0,,W BLOOMFIELD RD,,,,,W BLOOMFIELD RD,S PATTERSON DR,,,,Y,,0.0,,39.16077702,-86.54846317,LOCAL/CITY RD,,,,URBAN,N,N,N,,DARK (LIGHTED),CLEAR,DRY,,NO JUNCTION INVOLVED,,ASPHALT,UNSAFE SPEED,$1001 TO $2500,RAN OFF RD,WBLOOMFIELDRDSPATTERSONDR,0,,2022-08-04 23:55:00,,,
INDIANA UNIV BLOOMINGTON PD,223596,MONROE,BLOOMINGTON,BLOOMINGTON,2,,0,0,0,,N FEE LN,,,,,N FEE LN,E 13TH ST,,,,Y,,0.0,,39.17481791,-86.51901788,LOCAL/CITY RD,,,,URBAN,N,N,N,,DAYLIGHT,CLEAR,DRY,,T-INTERSECTION,,ASPHALT,DRIVER DISTRACTED - EXPLAIN IN NARRATIVE,$2501 TO $5000,REAR END,NFEELNE13THST,0,,2022-09-27 09:00:00,,,
MONROE SD,M22A2700,MONROE,BLOOMINGTON,BLOOMINGTON,2,,0,0,0,,TRAILRIDGE RD,,,,,TRAILRIDGE RD,N BRAMBLE DR,,,,N,,1000.0,,39.20565559,-86.47662825,,,,,RURAL,N,N,N,,DAWN/DUSK,CLOUDY,SNOW/SLUSH,,NO JUNCTION INVOLVED,,ASPHALT,UNSAFE BACKING,$2501 TO $5000,BACKING CRASH,TRAILRIDGERDNBRAMBLEDR,0,,2022-02-04 07:22:00,,,
INDIANA UNIV BLOOMINGTON PD,220493,MONROE,BLOOMINGTON,BLOOMINGTON,2,,0,0,0,,N EAGLESON AVE,,,,,N EAGLESON AVE,,,,,Y,,0.0,,39.1812824,-86.51039514,OTHER,,,,URBAN,N,N,N,,DARK (NOT LIGHTED),CLEAR,ICE,,NO JUNCTION INVOLVED,,ASPHALT,SPEED TOO FAST FOR WEATHER CONDITIONS,$2501 TO $5000,HEAD ON BETWEEN TWO MOTOR VEHICLES,NEAGLESON AVEAVE,0,,2022-02-08 20:20:00,,,
BLOOMINGTON PD,B22-18261,MONROE,BLOOMINGTON,BLOOMINGTON,2,,2,0,0,,E 3RD ST,,,,,E 3RD ST,S COLLEGE MALL RD,,,,Y,,0.0,,39.16427225,-86.49812526,LOCAL/CITY RD,,,,URBAN,N,N,N,,DAYLIGHT,RAIN,WET,,FOUR-WAY INTERSECTION,,ASPHALT,FOLLOWING TOO CLOSELY,$10001 TO $25000,REAR END,SCOLLEGEMALLRDE 3RDST,0,,2022-05-18 17:59:00,,,
BLOOMINGTON PD,B22-08542,MONROE,BLOOMINGTON,BLOOMINGTON,2,,0,0,0,,W GRIMES LN,,,,,W GRIMES LN,S WALNUT ST,,,,Y,,0.0,,39.1533534,-86.53380222,LOCAL/CITY RD,,,,URBAN,N,N,N,,DAYLIGHT,CLEAR,DRY,,FOUR-WAY INTERSECTION,,ASPHALT,FOLLOWING TOO CLOSELY,$2501 TO $5000,REAR END,WGRIMESLNSWALNUTST,0,,2022-03-14 17:47:00,,,
BLOOMINGTON PD,B2204760,MONROE,PERRY,BLOOMINGTON,3,,0,0,0,,E HILLSIDE DR,,,,,E HILLSIDE DR,S WALNUT ST,,,,Y,,0.0,,39.15049411,-86.53361267,LOCAL/CITY RD,,,,URBAN,N,N,N,,DAYLIGHT,RAIN,WET,,FOUR-WAY INTERSECTION,,ASPHALT,FOLLOWING TOO CLOSELY,$5001 TO $10000,REAR END,SWALNUTSTEHILLSIDEDR,0,,2022-02-11 16:40:00,,,
BLOOMINGTON PD,B22-12474,MONROE,BLOOMINGTON,BLOOMINGTON,2,,0,0,0,,N COLLEGE AVE,,,,,N COLLEGE AVE,W 8TH ST,,,,Y,,50.0,,39.17012858,-86.53482298,LOCAL/CITY RD,,,,URBAN,N,N,N,,DARK (NOT LIGHTED),CLOUDY,DRY,,NO JUNCTION INVOLVED,,ASPHALT,UNSAFE LN MOVEMENT,$1001 TO $2500,SAME DIRECTION SIDESWIPE,W.8THSTNCOLLEGEAVE,0,,2022-04-09 00:00:00,,,
ISP BLOOMINGTON 33,2022-00138187,MONROE,VAN BUREN,BLOOMINGTON,2,,0,0,0,,S HARMONY RD,,,,,S HARMONY RD,W ST RD 45,,,,N,,0.0,,39.11099911,-86.63821152,LOCAL/CITY RD,,,,RURAL,N,N,N,,DAYLIGHT,CLEAR,DRY,,FOUR-WAY INTERSECTION,,ASPHALT,FAILURE TO YIELD RIGHT OF WAY,UNDER $1001,REAR END,WSTATERD45SHARMONYRD,0,,2022-03-26 12:20:00,,,
BLOOMINGTON PD,B22-30051,MONROE,BLOOMINGTON,BLOOMINGTON,2,,0,0,0,,N MORTON ST,,,,,N MORTON ST,,,,,Y,,0.0,,39.16790025,-86.5361231,PRIVATE DR,,,,URBAN,N,N,N,,UNKNOWN,CLEAR,DRY,,NO JUNCTION INVOLVED,,CONCRETE,UNSAFE BACKING,UNDER $1001,REAR TO REAR,NMORTONST,0,,2022-08-03 06:35:00,,,
BLOOMINGTON PD,B22-29218,MONROE,PERRY,BLOOMINGTON,2,,0,0,0,2475,S WALNUT ST PK,,,,,S WALNUT ST PK,,,,,Y,,0.0,,39.13460323,-86.52688442,PRIVATE DR,,,,URBAN,N,N,N,,DAYLIGHT,CLEAR,DRY,,NO JUNCTION INVOLVED,,ASPHALT,UNSAFE BACKING,$5001 TO $10000,BACKING CRASH,SWALNUTSTPK,0,,2022-07-30 12:40:00,,,
ISP BLOOMINGTON 33,2022-00275293,MONROE,BLOOMINGTON,BLOOMINGTON,2,,0,0,0,,N PACKING HOUSE RD,,,,,N PACKING HOUSE RD,,,,,Y,,0.0,,39.18077449,-86.56051203,PRIVATE DR,,,,RURAL,N,N,N,,DAYLIGHT,CLEAR,DRY,,NO JUNCTION INVOLVED,,ASPHALT,UNSAFE BACKING,$2501 TO $5000,BACKING CRASH,NPACKINGHOUSERD,0,,2022-06-11 09:00:00,,,
MONROE SD,M22A8786,MONROE,CLEAR CREEK,BLOOMINGTON,2,,0,0,0,,LEIGHTON LN,,,,,LEIGHTON LN,MCDOUGAL ST,,,,N,,0.0,,39.123384,-86.553477,LOCAL/CITY RD,,,,URBAN,N,N,N,,DAYLIGHT,CLOUDY,DRY,,NO JUNCTION INVOLVED,,ASPHALT,OTHER (VEHICLE) - EXPLAIN IN NARRATIVE,$5001 TO $10000,BACKING CRASH,MCDOUGALSTLEIGHTONLN,0,,2022-04-19 13:50:00,,,
INDIANA UNIV BLOOMINGTON PD,220631,MONROE,BLOOMINGTON,BLOOMINGTON,2,,0,0,0,,10TH ST,,,,,10TH ST,ST RD 45/46,,,,Y,,0.0,,39.17163079,-86.50211441,ST RD,,,,URBAN,N,N,N,,DARK (NOT LIGHTED),SNOW,SNOW/SLUSH,,FOUR-WAY INTERSECTION,,ASPHALT,DISREGARD SIGNAL/REG SIGN,$25001 TO $50000,LEFT TURN,ST RD 45/4610THST,0,,2022-02-17 21:30:00,,,
MONROE SD,M22A18041,MONROE,RICHLAND,BLOOMINGTON,2,,0,0,0,,N UNION VALLEY RD,,,,,N UNION VALLEY RD,N UNION VALLEY RD,,,,N,,0.0,,39.21518183,-86.59271633,ST RD,,,,URBAN,N,N,N,,UNKNOWN,RAIN,WET,,FIVE POINT OR MORE,,ASPHALT,OTHER (VEHICLE) - EXPLAIN IN NARRATIVE,$2501 TO $5000,REAR END,NUNIONVALLEYRDNUNIONVALLEYRD,0,,2022-07-26 07:00:00,,,
BLOOMINGTON PD,B22-31247,MONROE,BLOOMINGTON,BLOOMINGTON,2,,0,0,0,,W 4TH ST,,,,,W 4TH ST,S COLLEGE AVE,,1.0,,Y,,100.0,,39.16560296,-86.53429621,LOCAL/CITY RD,,,,URBAN,N,N,N,,DARK (LIGHTED),CLEAR,DRY,,NO JUNCTION INVOLVED,,ASPHALT,OTHER (DRIVER) - EXPLAIN IN NARRATIVE,$2501 TO $5000,BACKING CRASH,W4THSTSCOLLEGEAVE,0,,2022-08-12 11:26:00,,,
BLOOMINGTON PD,B22-07588,MONROE,BLOOMINGTON,BLOOMINGTON,2,,0,0,0,,N ADAMS ST,,,,,N ADAMS ST,W FOUNTAIN DR,,,,Y,,50.0,,39.169759,-86.549643,LOCAL/CITY RD,,,,URBAN,N,N,N,,DAYLIGHT,CLOUDY,DRY,,T-INTERSECTION,,ASPHALT,UNSAFE BACKING,$5001 TO $10000,BACKING CRASH,W.FOUNTAINDRN.ADAMSST,0,,2022-03-07 11:12:00,,,
MONROE SD,M22A23684,MONROE,PERRY,BLOOMINGTON,2,,0,0,0,4025,S ST RD 37,,,,,S ST RD 37,,,,,N,,0.0,,39.120322,-86.529233,PRIVATE DR,,,,RURAL,N,N,N,,DAYLIGHT,CLEAR,DRY,,NO JUNCTION INVOLVED,,ASPHALT,UNSAFE BACKING,UNDER $1001,REAR TO REAR,SOUTHOLDSTRD37,0,,2022-09-26 12:33:00,,,
BLOOMINGTON PD,B22-18738,MONROE,BLOOMINGTON,BLOOMINGTON,2,,3,0,0,,E ATWATER AVE,,,,,E ATWATER AVE,S EAGLESON AVE,,,,Y,,0.0,,39.16310419,-86.51628739,LOCAL/CITY RD,,,,URBAN,N,N,N,,DAYLIGHT,CLEAR,DRY,,T-INTERSECTION,,ASPHALT,DISREGARD SIGNAL/REG SIGN,$10001 TO $25000,RIGHT ANGLE,SEAGLESON AVEAVEEATWATERAVE,0,,2022-05-21 19:15:00,,,
BLOOMINGTON PD,B22-42777,MONROE,BLOOMINGTON,BLOOMINGTON,2,,0,0,0,,N WALNUT ST,,,,,N WALNUT ST,E 7TH ST,,,,Y,,0.0,,39.1685492,-86.53358406,LOCAL/CITY RD,,,,URBAN,N,N,N,,DAYLIGHT,CLEAR,DRY,,FOUR-WAY INTERSECTION,,ASPHALT,DISREGARD SIGNAL/REG SIGN,$2501 TO $5000,RIGHT ANGLE,NWALNUTSTE7THST,0,,2022-10-16 11:17:00,,,
MONROE SD,M22A4035,MONROE,SALT CREEK,BLOOMINGTON,1,,0,0,0,,ST RD 46,,,,,ST RD 46,E KENT RD,,,,N,,0.0,,39.15161363,-86.40234321,ST RD,,,,RURAL,N,N,N,,DARK (NOT LIGHTED),CLEAR,DRY,,NO JUNCTION INVOLVED,,ASPHALT,OTHER (DRIVER) - EXPLAIN IN NARRATIVE,$10001 TO $25000,RAN OFF RD,STATERD46EKENTRD,0,,2022-02-20 03:08:00,,,
BLOOMINGTON PD,B22-32466,MONROE,PERRY,BLOOMINGTON,3,,0,0,0,550,S ADAMS ST,,,,,S ADAMS ST,,,,,Y,,0.0,,39.16191549,-86.55130927,PRIVATE DR,,,,URBAN,N,N,N,,DAYLIGHT,CLEAR,DRY,,NO JUNCTION INVOLVED,,ASPHALT,DRIVER DISTRACTED - EXPLAIN IN NARRATIVE,$5001 TO $10000,SAME DIRECTION SIDESWIPE,SADAMSST,0,,2022-08-19 12:17:00,,,
MONROE SD,M22A9995,MONROE,VAN BUREN,BLOOMINGTON,1,,0,0,0,,E BETHEL LN,,,,,E BETHEL LN,,,,,Y,,0.0,,39.21283401,-86.49065084,COUNTY RD,,,,RURAL,N,N,N,,DAYLIGHT,CLEAR,DRY,,NO JUNCTION INVOLVED,,ASPHALT,UNSAFE SPEED,$5001 TO $10000,RAN OFF RD,EBETHELLN,0,,2022-05-02 16:14:00,,,
INDIANA UNIV BLOOMINGTON PD,223083,MONROE,BLOOMINGTON,BLOOMINGTON,2,,0,0,0,,ST RD 45,,,,,ST RD 45,N DUNN ST,,,,Y,,475.0,,39.18629651,-86.52734078,ST RD,,,,URBAN,N,N,N,,DAWN/DUSK,RAIN,WET,,NO JUNCTION INVOLVED,,ASPHALT,FOLLOWING TOO CLOSELY,$1001 TO $2500,REAR END,STATERD45NDUNNST,0,,2022-09-03 20:00:00,,,
BLOOMINGTON PD,B22-08172,MONROE,VAN BUREN,BLOOMINGTON,2,,0,0,0,,S LIBERTY DR,,,,,S LIBERTY DR,W 3RD ST,,,,Y,,2200.0,,39.16275089,-86.57916332,LOCAL/CITY RD,,,,URBAN,N,N,N,,DAYLIGHT,CLOUDY,WET,,T-INTERSECTION,,ASPHALT,FOLLOWING TOO CLOSELY,$5001 TO $10000,REAR END,W 3RDSTSLIBERTYDR,0,,2022-03-11 16:25:00,,,
BLOOMINGTON PD,B22-42314,MONROE,BLOOMINGTON,BLOOMINGTON,1,,0,0,0,,S ADAMS ST,,,,,S ADAMS ST,S ADAMS ST,,,,Y,,0.0,,39.15655921,-86.55058212,LOCAL/CITY RD,,,,URBAN,N,N,N,,DAYLIGHT,CLEAR,WET,,NO JUNCTION INVOLVED,,ASPHALT,DRIVER DISTRACTED - EXPLAIN IN NARRATIVE,$5001 TO $10000,RAN OFF RD,SADAMSSTSADAMSST,0,,2022-10-13 10:30:00,,,
BLOOMINGTON PD,B22-32996,MONROE,BLOOMINGTON,BLOOMINGTON,2,,0,0,0,,N COLLEGE AVE,,,,,N COLLEGE AVE,W 6TH ST,,,,Y,,317.0,,39.16805321,-86.53489924,LOCAL/CITY RD,,,,URBAN,N,N,N,,DAYLIGHT,CLEAR,DRY,,NO JUNCTION INVOLVED,,ASPHALT,UNSAFE BACKING,$2501 TO $5000,BACKING CRASH,W6THSTNCOLLEGEAVE,0,,2022-08-22 12:46:00,,,
MONROE SD,M22A19436,MONROE,PERRY,BLOOMINGTON,2,,0,0,0,,ST RD 37,,,,,ST RD 37,S ST RD 37,,,,N,,2000.0,,39.08088176,-86.53796555,ST RD,,,,RURAL,N,N,N,,DAYLIGHT,CLEAR,DRY,,NO JUNCTION INVOLVED,,ASPHALT,TIRE FAILURE OR DEFECTIVE,$5001 TO $10000,OTHER - EXPLAIN IN NARRATIVE,STATERD37SOUTHOLDSTATERD37,0,,2022-08-09 16:36:00,,,
BLOOMINGTON PD,B22-03113,MONROE,VAN BUREN,BLOOMINGTON,2,,0,0,0,,W 3RD ST,,,,,W 3RD ST,I-69/37 OVERPASS,,,,Y,,0.0,,0.0,0.0,LOCAL/CITY RD,,,,URBAN,N,N,N,,DAYLIGHT,SNOW,SNOW/SLUSH,,FOUR-WAY INTERSECTION,,CONCRETE,FOLLOWING TOO CLOSELY,$2501 TO $5000,REAR END,W.3RDSTI-69/37OVERPASS,0,,2022-01-28 13:39:00,,,
INDIANA UNIV BLOOMINGTON PD,221113,MONROE,BLOOMINGTON,BLOOMINGTON,2,,0,0,0,,E 6TH ST,,,,,E 6TH ST,N GRANT ST,,,,Y,,0.0,,39.16753808,-86.52909249,PRIVATE DR,,,,URBAN,N,N,N,,DAWN/DUSK,CLOUDY,DRY,,NO JUNCTION INVOLVED,,CONCRETE,UNSAFE BACKING,UNDER $1001,OPPOSITE DIRECTION SIDESWIPE,NGRANTSTE6THST,0,,2022-03-24 19:00:00,,,
MONROE SD,M22A6831,MONROE,VAN BUREN,BLOOMINGTON,2,,0,0,0,,INDUSTRIAL BLVD,,,,,INDUSTRIAL BLVD,,,,,N,,0.0,,39.14394074,-86.5823023,PRIVATE DR,,,,RURAL,N,N,N,,DAYLIGHT,CLEAR,DRY,,NO JUNCTION INVOLVED,,ASPHALT,UNSAFE BACKING,UNDER $1001,BACKING CRASH,INDUSTRIALBLVD,0,,2022-03-25 03:35:00,,,
BLOOMINGTON PD,B22-23268,MONROE,BLOOMINGTON,BLOOMINGTON,2,,0,0,0,,E ST RD 45/46,,,,,E ST RD 45/46,N DUNN ST,,,,Y,,0.0,,39.18623302,-86.52842848,ST RD,,,,URBAN,N,N,N,,DAYLIGHT,CLEAR,DRY,,FOUR-WAY INTERSECTION,,ASPHALT,BRAKE FAILURE OR DEFECTIVE,$1001 TO $2500,REAR END,NDUNNSTESTATERD45/46,0,,2022-06-21 16:25:00,,,
BLOOMINGTON PD,B22-40756,MONROE,VAN BUREN,BLOOMINGTON,2,,0,0,0,,N GATES DR,,,,,N GATES DR,W 3RD ST,,,,Y,,0.0,,39.16461296,-86.57620124,LOCAL/CITY RD,,,,URBAN,N,N,N,,DARK (LIGHTED),CLEAR,DRY,,FOUR-WAY INTERSECTION,,ASPHALT,UNSAFE LN MOVEMENT,$1001 TO $2500,LEFT TURN,W 3RDSTNGATESDR,0,,2022-10-04 20:00:00,,,
INDIANA UNIV BLOOMINGTON PD,221178,MONROE,BLOOMINGTON,BLOOMINGTON,2,,1,0,0,,N MILO B SAMPSON LN,,,,,N MILO B SAMPSON LN,ST RD 45,,,,N,,0.0,,39.18635296,-86.52218289,ST RD,,,,URBAN,N,N,N,,DAYLIGHT,CLEAR,DRY,,NO JUNCTION INVOLVED,,ASPHALT,FOLLOWING TOO CLOSELY,UNDER $1001,REAR END,STATERD45NMILOBSAMPSONLN,0,,2022-03-30 17:38:00,,,
ISP BLOOMINGTON 33,2.022E+11,MONROE,INDIAN CREEK,BLOOMINGTON,2,,2,0,0,,I-69,,,,,I-69,,,107.2,,N,,50.0,,39.07260994,-86.66003183,INTERSTATE,,,,RURAL,N,N,N,,DAYLIGHT,CLEAR,DRY,,NO JUNCTION INVOLVED,,CONCRETE,DRIVER ASLEEP OR FATIGUED,$25001 TO $50000,REAR END,I-69107.2,0,,2022-06-29 10:10:00,,,
BLOOMINGTON PD,B22-03663,MONROE,PERRY,BLOOMINGTON,2,,0,0,0,,2812 E 3RD ST,,,,,E 3RD ST,,,,,Y,,0.0,,0.0,0.0,LOCAL/CITY RD,,,,URBAN,N,N,N,,DAYLIGHT,RAIN,WET,,NO JUNCTION INVOLVED,,ASPHALT,OVERCORRECTING/OVERSTEERING,$1001 TO $2500,SAME DIRECTION SIDESWIPE,2812E 3RDST,0,,2022-02-02 12:44:00,2812.0,,
BLOOMINGTON PD,B22-13580,MONROE,BLOOMINGTON,BLOOMINGTON,2,,0,0,0,,ST RD 45/46 BYPASS,,,,,ST RD 45/46 BYPASS,N DUNN ST,,,,Y,,475.0,,39.18632247,-86.52737564,LOCAL/CITY RD,,,,URBAN,N,N,N,,DAYLIGHT,CLOUDY,WET,,NO JUNCTION INVOLVED,,ASPHALT,FOLLOWING TOO CLOSELY,$2501 TO $5000,REAR END,STATERD45/46BYPASSNDUNNST,0,,2022-04-18 18:22:00,,,
INDIANA UNIV BLOOMINGTON PD,223831,MONROE,BLOOMINGTON,BLOOMINGTON,2,,0,0,0,,E 7TH ST,,,,,E 7TH ST,E 7TH ST,,,,Y,,0.0,,39.16889371,-86.52302376,PRIVATE DR,,,,URBAN,N,N,N,,DAYLIGHT,CLEAR,DRY,,NO JUNCTION INVOLVED,,ASPHALT,UNSAFE BACKING,$1001 TO $2500,BACKING CRASH,E7THSTE7THST,0,,2022-10-09 13:16:00,,,
BLOOMINGTON PD,B22-34643,MONROE,BLOOMINGTON,BLOOMINGTON,2,,0,0,0,,S DUNN ST,,,,,S DUNN ST,E 3RD ST,,,,Y,,0.0,,39.16462264,-86.52820337,LOCAL/CITY RD,,,,URBAN,N,N,N,,DAYLIGHT,CLEAR,DRY,,FOUR-WAY INTERSECTION,,ASPHALT,DISREGARD SIGNAL/REG SIGN,$10001 TO $25000,RIGHT ANGLE,SDUNNSTE 3RDST,0,,2022-08-31 13:00:00,,,
INDIANA UNIV BLOOMINGTON PD,222955,MONROE,BLOOMINGTON,BLOOMINGTON,2,,0,0,0,,N EAGLESON AVE,,,,,N EAGLESON AVE,E 17TH ST,,,,Y,,106.0,,39.17863333,-86.5124572,LOCAL/CITY RD,,,,URBAN,N,N,N,,DARK (NOT LIGHTED),CLEAR,DRY,,NO JUNCTION INVOLVED,,ASPHALT,FAILURE TO YIELD RIGHT OF WAY,$2501 TO $5000,SAME DIRECTION SIDESWIPE,NEAGLESON AVEAVEE17THST,0,,2022-08-31 20:20:00,,,
INDIANA UNIV BLOOMINGTON PD,223802,MONROE,BLOOMINGTON,BLOOMINGTON,2,,0,0,0,,ST RD 45,,,,,ST RD 45,N MILO B SAMPSON LN,,,,Y,,250.0,,39.18624486,-86.52306265,ST RD,,,,RURAL,N,N,N,,DAYLIGHT,CLEAR,DRY,,NO JUNCTION INVOLVED,,ASPHALT,FOLLOWING TOO CLOSELY,UNDER $1001,REAR END,STATERD45NMILOBSAMPSONLN,0,,2022-10-07 18:02:00,,,
ELLETTSVILLE PD,E2201333,MONROE,RICHLAND,ELLETTSVILLE,2,0.0,0,0,0,,SALE,ST,,,,SALE,TEMPERANE,,,,Y,,30.0,N,39.23764049,-86.62577999,LOCAL/CITY RD,Y,N,N,URBAN,N,N,N,,DAYLIGHT,CLEAR,DRY,,FOUR-WAY INTERSECTION,STRAIGHT/GRADE,ASPHALT,IMPROPER PASSING,$5001 TO $10000,LEFT TURN,SALESTTEMPERANEST,0,TRAFFIC CONTROL SIGNAL,2022-04-12 16:28:00,,,
INDIANA UNIV BLOOMINGTON PD,223913,MONROE,BLOOMINGTON,BLOOMINGTON,2,,0,0,0,,ST RD 45,,,,,ST RD 45,E 17TH ST,,,,Y,,0.0,,39.17992606,-86.5074465,ST RD,,,,URBAN,N,N,N,,DAYLIGHT,RAIN,WET,,T-INTERSECTION,,ASPHALT,FOLLOWING TOO CLOSELY,$2501 TO $5000,REAR END,STATERD45E17THST,0,,2022-10-12 16:46:00,,,
ISP BLOOMINGTON 33,2.022E+11,MONROE,VAN BUREN,BLOOMINGTON,2,,0,0,0,,LEONARD SPRINGS RD,,,,,LEONARD SPRINGS RD,TAPP RD,,,,Y,,100.0,,39.13717173,-86.58267732,LOCAL/CITY RD,,,,URBAN,N,N,N,,DAYLIGHT,CLOUDY,WET,,NO JUNCTION INVOLVED,,ASPHALT,UNSAFE SPEED,$2501 TO $5000,RIGHT ANGLE,TAPPRDLEONARDSPRINGSRD,0,,2022-06-08 16:50:00,,,
BLOOMINGTON PD,B22-26043,MONROE,PERRY,BLOOMINGTON,2,,0,0,0,1300,S PATTERSON DR,,,,,S PATTERSON DR,,,,,Y,,0.0,,39.15351202,-86.54352568,PRIVATE DR,,,,URBAN,N,N,N,,DAYLIGHT,CLOUDY,DRY,,NO JUNCTION INVOLVED,,ASPHALT,UNSAFE BACKING,$1001 TO $2500,BACKING CRASH,SPATTERSONDR,0,,2022-07-08 18:36:00,,,
MONROE SD,M22A13015,MONROE,PERRY,BLOOMINGTON,2,,2,0,0,,S ROGERS ST,,,,,S ROGERS ST,W THAT RD,,,,N,,0.0,,39.11460299,-86.5398071,LOCAL/CITY RD,,,,RURAL,N,N,N,,DAYLIGHT,CLEAR,DRY,,T-INTERSECTION,,ASPHALT,FAILURE TO YIELD RIGHT OF WAY,$25001 TO $50000,OTHER - EXPLAIN IN NARRATIVE,WTHATRDSROGERSST,0,,2022-06-03 20:21:00,,,
BLOOMINGTON PD,B22-19292,MONROE,BLOOMINGTON,BLOOMINGTON,1,,0,0,0,,W 11TH ST,,,,,W 11TH ST,N SUMMIT ST,,,,Y,,158.0,,39.1732085,-86.54783196,PRIVATE DR,,,,URBAN,N,N,N,,DAYLIGHT,CLOUDY,DRY,,NO JUNCTION INVOLVED,,ASPHALT,BRAKE FAILURE OR DEFECTIVE,$5001 TO $10000,RAN OFF RD,W11THSTNSUMMITST,0,,2022-05-25 15:37:00,,,