Agency,Local Code,County,Township,City,Vehicles Involved,Trailers Involved,Number Injured,Number Dead,Number Deer,House Number,Roadway Name,Roadway Suffix,Roadway Number,Roadway Interchange,Roadway Ramp,Roadway Id,Intersecting Road,Intersecting Road Number,Mile Marker,Interchange,Corporate Limits?,Property Type,Feet From,Direction,Latitude,Longitude,Roadway Class,Traffic Control Devices?,Aggressive Driving?,Hit and Run?,Locality,School Zone?,Rumble Strips?,Construction?,Construction Type,Light Condition,Weather Conditions,Surface Condition,Type of Median,Roadway Junction Type,Road Character,Roadway Surface,Primary Factor,Damage Estimate,Manner of Collision,Unique Location Id,State Property Damage?,Traffic Control,DateTime,Address Number,Cyclist Involved,Pedestrian Involved
MONROE SD,M22A12508,MONROE,PERRY,BLOOMINGTON,2,,0,0,0,,W HEDGEWOOD DR,,,,,W HEDGEWOOD DR,W ESTATE DR,,,,N,,0.0,,39.12075177,-86.54119439,LOCAL/CITY RD,,,,URBAN,N,N,N,,DAYLIGHT,CLEAR,DRY,,NO JUNCTION INVOLVED,,ASPHALT,UNSAFE BACKING,$10001 TO $25000,BACKING CRASH,WHEDGEWOODDRWESTATEDR,0,,2022-05-29 06:50:00,,,
INDIANA UNIV BLOOMINGTON PD,223782,MONROE,BLOOMINGTON,BLOOMINGTON,2,,2,0,0,,S FESS AVE,,,,,S FESS AVE,E ATWATER AVE,,,,Y,,0.0,,39.16310835,-86.52587897,LOCAL/CITY RD,,,,URBAN,N,N,N,,DARK (LIGHTED),CLEAR,DRY,,T-INTERSECTION,,ASPHALT,FAILURE TO YIELD RIGHT OF WAY,$5001 TO $10000,RIGHT ANGLE,SFESSAVEEATWATERAVE,0,,2022-10-06 19:45:00,,,
BLOOMINGTON PD,B22-28026,MONROE,BLOOMINGTON,BLOOMINGTON,2,,0,0,0,,S LIBERTY DR,,,,,S LIBERTY DR,W ST RD 45,,,,Y,,0.0,,39.14557398,-86.5781588,LOCAL/CITY RD,,,,URBAN,N,N,N,,DAYLIGHT,CLEAR,DRY,,FOUR-WAY INTERSECTION,,ASPHALT,FAILURE TO MAINTAIN LN,$2501 TO $5000,SAME DIRECTION SIDESWIPE,WSTATERD45SLIBERTYDR,0,,2022-07-21 17:30:00,,,
BLOOMINGTON PD,B22-42860,MONROE,PERRY,BLOOMINGTON,2,,1,0,0,,S CURRY PK,,,,,S CURRY PK,W ST RD 45,,,,Y,,0.0,,39.14786705,-86.57226195,LOCAL/CITY RD,,,,URBAN,N,N,N,,DARK (LIGHTED),CLEAR,DRY,,FOUR-WAY INTERSECTION,,ASPHALT,FAILURE TO YIELD RIGHT OF WAY,$5001 TO $10000,LEFT TURN,WSTATERD45SCURRYPK,0,,2022-10-16 19:16:00,,,
BLOOMINGTON PD,B22-19208,MONROE,BLOOMINGTON,BLOOMINGTON,3,,0,0,0,,N WALNUT ST,,,,,N WALNUT ST,W 7TH ST,,,,Y,,211.0,,39.16817042,-86.53360112,LOCAL/CITY RD,,,,URBAN,N,N,N,,DARK (NOT LIGHTED),RAIN,WET,,NO JUNCTION INVOLVED,,ASPHALT,FAILURE TO MAINTAIN LN,$5001 TO $10000,SAME DIRECTION SIDESWIPE,W7THSTNWALNUTST,0,,2022-05-25 02:23:00,,,
BLOOMINGTON PD,B22-41048,MONROE,PERRY,BLOOMINGTON,2,,0,0,0,120,E MILLER DR,,,,,E MILLER DR,,,,,Y,,0.0,,39.14692867,-86.53164819,PRIVATE DR,,,,URBAN,N,N,N,,DAYLIGHT,CLOUDY,DRY,,NO JUNCTION INVOLVED,,ASPHALT,OTHER (DRIVER) - EXPLAIN IN NARRATIVE,$5001 TO $10000,OPPOSITE DIRECTION SIDESWIPE,EMILLERDR,0,,2022-10-06 12:25:00,,,
MONROE SD,M22A23397,MONROE,BLOOMINGTON,BLOOMINGTON,2,,0,0,0,,ST RD 46,,,,,ST RD 46,I-69,,120.0,,N,,0.0,,39.18710758,-86.55595067,,,,,RURAL,N,N,N,,DAYLIGHT,CLEAR,DRY,,T-INTERSECTION,,ASPHALT,OTHER (ENVIRONMENTAL) - EXPLAIN IN NARR,$2501 TO $5000,RIGHT ANGLE,STATERD46I-69,0,,2022-09-23 08:09:00,,,
BLOOMINGTON PD,B22-10169,MONROE,BLOOMINGTON,BLOOMINGTON,2,,0,0,0,,100 E 6TH ST,,,,,E 6TH ST,N WALNUT ST,,,,Y,,300.0,,39.166725,-86.53323,LOCAL/CITY RD,,,,URBAN,N,N,N,,DAYLIGHT,CLOUDY,DRY,,NO JUNCTION INVOLVED,,ASPHALT,OTHER (DRIVER) - EXPLAIN IN NARRATIVE,UNDER $1001,SAME DIRECTION SIDESWIPE,N.WALNUTST100E6THST,0,,2022-03-25 12:54:00,100.0,,
DNR LAW ENFORCEMENT,06-22-01801,MONROE,PERRY,BLOOMINGTON,2,,0,0,0,,S FAIRFAX RD,,,,,S FAIRFAX RD,,,,,N,,0.0,,39.01631706,-86.48281879,,,,,RURAL,N,N,N,,DARK (NOT LIGHTED),CLEAR,DRY,,NO JUNCTION INVOLVED,,ASPHALT,UNSAFE BACKING,$2501 TO $5000,BACKING CRASH,SFAIRFAXRD,0,,2022-07-04 23:00:00,,,
MONROE SD,M22A17664,MONROE,BLOOMINGTON,BLOOMINGTON,1,,0,0,1,,N ST RD 37,,,,,N ST RD 37,E OLD MYERS RD,,,,N,,250.0,,39.23392892,-86.50445524,COUNTY RD,,,,RURAL,N,N,N,,DAWN/DUSK,CLEAR,DRY,,NO JUNCTION INVOLVED,,ASPHALT,ANIMAL/OBJECT IN RDWAY,$5001 TO $10000,COLLISION WITH DEER,NOLDSTATERD37EOLDMYERSRD,0,,2022-07-22 07:19:00,,,
BLOOMINGTON PD,B22-39958,MONROE,BLOOMINGTON,BLOOMINGTON,2,,0,0,0,400,W NORTHLN DR,,,,,W NORTHLN DR,,,,,Y,,0.0,,39.18278484,-86.53856111,PRIVATE DR,,,,URBAN,N,N,N,,DAYLIGHT,CLEAR,DRY,,NO JUNCTION INVOLVED,,ASPHALT,UNSAFE BACKING,$2501 TO $5000,RIGHT ANGLE,WNORTHLNDR,0,,2022-09-30 09:07:00,,,
BLOOMINGTON PD,B22-05852,MONROE,PERRY,BLOOMINGTON,2,,0,0,0,,N DUNN ST,,,,,N DUNN ST,E 7TH ST,,,,Y,,0.0,,39.16852148,-86.52825541,LOCAL/CITY RD,,,,URBAN,N,N,N,,DARK (NOT LIGHTED),CLOUDY,DRY,,T-INTERSECTION,,ASPHALT,FAILURE TO YIELD RIGHT OF WAY,$2501 TO $5000,LEFT/RIGHT TURN,NDUNNSTE7THST,0,,2022-02-21 07:10:00,,,
BLOOMINGTON PD,B22-34440,MONROE,PERRY,BLOOMINGTON,1,,1,0,0,,BLOOMFIELD RD,,,,,BLOOMFIELD RD,S ADAMS ST,,,,Y,,0.0,,39.16037909,-86.5508253,LOCAL/CITY RD,,,,URBAN,N,N,N,,DAYLIGHT,CLEAR,DRY,,FOUR-WAY INTERSECTION,,ASPHALT,FAILURE TO YIELD RIGHT OF WAY,UNDER $1001,COLLISION WITH OBJECT IN RD,SADAMSSTBLOOMFIELDRD,1,,2022-08-30 12:10:00,,,True
MONROE SD,M22A2972,MONROE,RICHLAND,ELLETTSVILLE,2,,0,0,0,,W ST RD 46,,,,,W ST RD 46,DEER PARK,,,,N,,0.0,,39.24482887,-86.63496346,ST RD,,,,URBAN,N,N,N,,DAYLIGHT,CLEAR,DRY,,FOUR-WAY INTERSECTION,,ASPHALT,FAILURE TO YIELD RIGHT OF WAY,$5001 TO $10000,RIGHT ANGLE,WSTATERD46DEERPARK,0,,2022-02-08 09:04:00,,,
BLOOMINGTON PD,B22-26603,MONROE,BLOOMINGTON,BLOOMINGTON,2,,0,0,0,,ST RD 46,,,,,ST RD 46,N KINSER PK,,,,Y,,0.0,,39.18645899,-86.53838522,ST RD,,,,URBAN,N,N,N,,DAYLIGHT,CLEAR,DRY,,NO JUNCTION INVOLVED,,ASPHALT,FOLLOWING TOO CLOSELY,$5001 TO $10000,REAR END,STATERD46NKINSERPK,0,,2022-07-12 16:51:00,,,
INDIANA UNIV BLOOMINGTON PD,221142,MONROE,BLOOMINGTON,BLOOMINGTON,2,,0,0,0,,E 8TH ST,,,,,E 8TH ST,,,,,Y,,0.0,,39.16921248,-86.52290295,PRIVATE DR,,,,URBAN,N,N,N,,DAYLIGHT,CLEAR,DRY,,NO JUNCTION INVOLVED,,ASPHALT,UNSAFE BACKING,$10001 TO $25000,BACKING CRASH,E8THST,0,,2022-03-28 15:05:00,,,
MONROE SD,M22A2487,MONROE,WASHINGTON,BLOOMINGTON,1,,0,0,1,,N ST RD 37,,,,,N ST RD 37,E WYLIE RD,,,,N,,0.0,,39.25310856,-86.50091287,LOCAL/CITY RD,,,,RURAL,N,N,N,,DARK (NOT LIGHTED),CLEAR,DRY,,NO JUNCTION INVOLVED,,ASPHALT,ANIMAL/OBJECT IN RDWAY,$2501 TO $5000,COLLISION WITH DEER,NOLDSTATERD37EWYLIERD,0,,2022-02-01 06:57:00,,,
BLOOMINGTON PD,B22-09221,MONROE,PERRY,BLOOMINGTON,2,,0,0,0,,E WINSLOW RD,,,,,E WINSLOW RD,S HENDERSON ST,,,,Y,,0.0,,39.13600176,-86.52692503,LOCAL/CITY RD,,,,RURAL,N,N,N,,DARK (LIGHTED),RAIN,WET,,FOUR-WAY INTERSECTION,,ASPHALT,FAILURE TO YIELD RIGHT OF WAY,$2501 TO $5000,LEFT/RIGHT TURN,SHENDERSONSTEWINSLOWRD,0,,2022-03-18 08:40:00,,,
BLOOMINGTON PD,B22-20090,MONROE,BLOOMINGTON,BLOOMINGTON,2,,0,0,0,,ST RD 46,,,,,ST RD 46,E 7TH ST,,,,Y,,0.0,,39.16750538,-86.50014889,LOCAL/CITY RD,,,,URBAN,N,N,Y,LN CLOSURE,DAYLIGHT,CLEAR,DRY,,NO JUNCTION INVOLVED,,ASPHALT,FOLLOWING TOO CLOSELY,$2501 TO $5000,REAR END,STATERD46E7THST,0,,2022-05-31 14:32:00,,,
INDIANA UNIV BLOOMINGTON PD,221089,MONROE,BLOOMINGTON,BLOOMINGTON,2,,0,0,0,,ST RD 45,,,,,ST RD 45,E 10TH ST,,,,Y,,370.0,,39.1721292,-86.50264398,LOCAL/CITY RD,,,,URBAN,N,N,N,,DAYLIGHT,CLOUDY,WET,,FOUR-WAY INTERSECTION,,ASPHALT,FOLLOWING TOO CLOSELY,$10001 TO $25000,REAR END,STATERD45E 10THST,0,,2022-03-23 11:25:00,,,
MONROE SD,M22A11186,MONROE,CLEAR CREEK,BLOOMINGTON,2,,0,0,0,7148,S FAIRFAX RD,,,,,S FAIRFAX RD,,,,,N,,0.0,,39.07336815,-86.50447166,PRIVATE DR,,,,RURAL,N,N,N,,DAYLIGHT,CLEAR,DRY,,NO JUNCTION INVOLVED,,ASPHALT,UNSAFE BACKING,$1001 TO $2500,BACKING CRASH,SFAIRFAXRD,0,,2022-05-15 14:07:00,,,
MONROE SD,M22A22713,MONROE,RICHLAND,,2,,0,0,0,,W RATLIFF RD,,,,,W RATLIFF RD,N HARTSTRAIT RD,,,,N,,0.0,,39.20909143,-86.61140258,,,,,RURAL,N,N,N,,DAYLIGHT,CLEAR,DRY,,T-INTERSECTION,,ASPHALT,FAILURE TO YIELD RIGHT OF WAY,$10001 TO $25000,LEFT/RIGHT TURN,WRATLIFFRDNHARTSTRAITRD,0,,2022-09-15 08:09:00,,,
BLOOMINGTON PD,B22-30530,MONROE,PERRY,BLOOMINGTON,2,,3,0,0,,E 3RD ST,,,,,E 3RD ST,S PETE LLIS DR,,,,Y,,0.0,,39.16420431,-86.49496025,LOCAL/CITY RD,,,,URBAN,N,N,N,,DARK (LIGHTED),CLOUDY,DRY,,T-INTERSECTION,,ASPHALT,FAILURE TO YIELD RIGHT OF WAY,$10001 TO $25000,RIGHT ANGLE,SPETEELLISDRE 3RDST,0,,2022-08-07 21:56:00,,,
MONROE SD,M22A16275,MONROE,PERRY,BLOOMINGTON,2,,0,0,0,,S FAIRFAX RD,,,,,S FAIRFAX RD,E MOFFETT LN,,,,N,,0.0,,39.09987171,-86.5178157,COUNTY RD,,,,RURAL,N,N,N,,DAYLIGHT,RAIN,WET,,T-INTERSECTION,,ASPHALT,FOLLOWING TOO CLOSELY,$10001 TO $25000,REAR END,SFAIRFAXRDEMOFFETTLN,0,,2022-07-07 05:34:00,,,
BLOOMINGTON PD,B22-29752,MONROE,RICHLAND,BLOOMINGTON,1,,0,0,0,,WAPEHANI,,,,,WAPEHANI,WEIMER,,,,Y,,100.0,,39.14414292,-86.56882475,LOCAL/CITY RD,,,,URBAN,N,N,N,,DAYLIGHT,CLEAR,DRY,,NO JUNCTION INVOLVED,,GRAVEL,UNSAFE SPEED,$5001 TO $10000,RAN OFF RD,WEIMERWAPEHANI,0,,2022-08-02 18:40:00,,,
INDIANA UNIV BLOOMINGTON PD,221583,MONROE,BLOOMINGTON,BLOOMINGTON,2,,0,0,0,,E 13TH ST,,,,,E 13TH ST,N FEE LN,,,,Y,,0.0,,39.17510277,-86.51907153,LOCAL/CITY RD,,,,URBAN,N,N,N,,DAYLIGHT,CLEAR,DRY,,T-INTERSECTION,,ASPHALT,IMPROPER TURNING,$1001 TO $2500,LEFT TURN,NFEELNE13THST,0,,2022-04-24 18:50:00,,,
BLOOMINGTON PD,B22-21880,MONROE,BLOOMINGTON,BLOOMINGTON,2,,0,0,0,360,N JACOB DR,,,,,N JACOB DR,,,,,Y,,0.0,,39.17051999,-86.57239373,PRIVATE DR,,,,URBAN,N,N,N,,DAYLIGHT,CLEAR,DRY,,NO JUNCTION INVOLVED,,ASPHALT,FAILURE TO YIELD RIGHT OF WAY,$2501 TO $5000,OTHER - EXPLAIN IN NARRATIVE,NJACOBDR,0,,2022-06-11 20:08:00,,,
MONROE SD,M22A5843,MONROE,RICHLAND,BLOOMINGTON,2,,1,0,0,,W ST RD 46,,,,,W ST RD 46,N OUTBACK RD,,,,N,,0.0,,39.2150956,-86.59274914,ST RD,,,,URBAN,N,N,N,,DAYLIGHT,CLEAR,DRY,,FOUR-WAY INTERSECTION,,ASPHALT,ANIMAL/OBJECT IN RDWAY,$5001 TO $10000,RIGHT ANGLE,WST RD 46NOUTBACKRD,0,,2022-03-14 08:31:00,,,
BLOOMINGTON PD,B22-33928,MONROE,PERRY,BLOOMINGTON,2,,2,0,0,,W 3RD ST,,,,,W 3RD ST,S OPPORTUNITY LN,,,,Y,,0.0,,39.16456123,-86.56730528,LOCAL/CITY RD,,,,URBAN,N,N,N,,DAYLIGHT,CLEAR,DRY,,T-INTERSECTION,,ASPHALT,FAILURE TO YIELD RIGHT OF WAY,UNDER $1001,RIGHT ANGLE,W 3RDSTSOPPORTUNITYLN,0,,2022-08-27 12:05:00,,,
INDIANA UNIV BLOOMINGTON PD,220491,MONROE,BLOOMINGTON,BLOOMINGTON,2,,0,0,0,,E 7TH ST,,,,,E 7TH ST,N DUNN ST,,,,Y,,0.0,,39.16854643,-86.52825541,LOCAL/CITY RD,,,,URBAN,N,N,N,,DAYLIGHT,CLEAR,WET,,FOUR-WAY INTERSECTION,,ASPHALT,DISREGARD SIGNAL/REG SIGN,$50001 TO $100000,RIGHT ANGLE,NDUNNSTE7THST,0,,2022-02-08 17:55:00,,,
ISP BLOOMINGTON 33,2.022E+11,MONROE,BENTON,UNIONVILLE(MONROE),2,,0,0,0,,E ST RD 45,,,,,E ST RD 45,N BENTON DR,,,,N,,475.0,,39.21955074,-86.44318176,ST RD,,,,RURAL,N,N,N,,DAYLIGHT,CLOUDY,DRY,,NO JUNCTION INVOLVED,,ASPHALT,LEFT OF CENTER,UNDER $1001,OPPOSITE DIRECTION SIDESWIPE,NBENTONDRESTATERD45,0,,2022-04-09 11:36:00,,,
INDIANA UNIV BLOOMINGTON PD,220434,MONROE,BLOOMINGTON,BLOOMINGTON,2,,0,0,0,1206,N FORREST AVE,,,,,N FORREST AVE,,,,,Y,,0.0,,39.17732966,-86.52253694,LOCAL/CITY RD,,,,URBAN,N,N,N,,DAYLIGHT,CLEAR,DRY,,NO JUNCTION INVOLVED,,ASPHALT,IMPROPER TURNING,UNDER $1001,RIGHT TURN,NFORRESTAVE,0,,2022-02-05 13:00:00,,,
MONROE SD,M22A20107,MONROE,PERRY,BLOOMINGTON,2,,0,0,0,,S ST RD 37,,,,,S ST RD 37,W DILLMAN RD,,,,N,,500.0,,39.09065846,-86.54410296,ST RD,,,,RURAL,N,N,N,,DAYLIGHT,CLEAR,DRY,,NO JUNCTION INVOLVED,,ASPHALT,FOLLOWING TOO CLOSELY,$1001 TO $2500,REAR END,WDILLMANRDSOLDSTATERD37,0,,2022-08-17 08:36:00,,,
BLOOMINGTON PD,B22-13240,MONROE,BLOOMINGTON,BLOOMINGTON,2,,0,0,0,,N KINSER PK,,,,,N KINSER PK,ST RD 46,,,,Y,,0.0,,39.18651095,-86.53774685,LOCAL/CITY RD,,,,URBAN,N,N,N,,DARK (LIGHTED),RAIN,WET,,FOUR-WAY INTERSECTION,,CONCRETE,FAILURE TO YIELD RIGHT OF WAY,$5001 TO $10000,LEFT TURN,STATERD46NKINSERPK,0,,2022-04-15 20:50:00,,,
MONROE SD,M22A3329,MONROE,VAN BUREN,BLOOMINGTON,1,,0,0,0,,W 3RD ST,,,,,W 3RD ST,,,,,N,,0.0,,39.16363744,-86.6358488,ST RD,,,,RURAL,N,N,N,,DARK (NOT LIGHTED),CLOUDY,WET,,NO JUNCTION INVOLVED,,ASPHALT,SPEED TOO FAST FOR WEATHER CONDITIONS,$5001 TO $10000,RAN OFF RD,W 3RDST,0,,2022-02-11 21:14:00,,,
BLOOMINGTON PD,B22-23876,MONROE,PERRY,BLOOMINGTON,2,,0,0,0,1155,S COLLEGE MALL RD,,,,,S COLLEGE MALL RD,,,,,Y,,0.0,,39.15428577,-86.49720367,PRIVATE DR,,,,URBAN,N,N,N,,DAYLIGHT,CLOUDY,DRY,,NO JUNCTION INVOLVED,,ASPHALT,UNSAFE BACKING,$1001 TO $2500,REAR TO REAR,SCOLLEGEMALLRD,0,,2022-06-25 11:20:00,,,
MONROE SD,M22A17813,MONROE,CLEAR CREEK,BLOOMINGTON,1,,0,0,0,,S ST RD 37,,,,,S ST RD 37,,,,,Y,,0.0,,39.12019312,-86.53018359,PRIVATE DR,,,,URBAN,N,N,N,,DAYLIGHT,CLEAR,DRY,,NO JUNCTION INVOLVED,,ASPHALT,OTHER (DRIVER) - EXPLAIN IN NARRATIVE,UNDER $1001,OTHER - EXPLAIN IN NARRATIVE,SOLDSTATERD37,0,,2022-07-23 17:44:00,,,
BLOOMINGTON PD,B22-32106,MONROE,VAN BUREN,BLOOMINGTON,2,,0,0,0,3374,W 3RD ST,,,,,W 3RD ST,,,,,Y,,0.0,,39.16313056,-86.58026548,,,,,URBAN,N,N,N,,DAYLIGHT,CLEAR,DRY,,NO JUNCTION INVOLVED,,ASPHALT,UNSAFE BACKING,$1001 TO $2500,BACKING CRASH,W 3RDST,0,,2022-08-17 18:29:00,,,
BLOOMINGTON PD,B22-30984,MONROE,PERRY,BLOOMINGTON,1,,1,0,0,,S WALNUT ST,,,,,S WALNUT ST,PRIVATE DR TO CVS SOUTH,,,,Y,,739.0,,39.13475686,-86.53152906,PRIVATE DR,,,,URBAN,N,N,N,,DAYLIGHT,CLEAR,DRY,,T-INTERSECTION,,ASPHALT,FAILURE TO YIELD RIGHT OF WAY,$1001 TO $2500,RIGHT ANGLE,SWALNUTSTPRIVATEDRTOCVSSOUTH,1,,2022-08-10 17:45:00,,,True
BLOOMINGTON PD,B22-36306,MONROE,PERRY,BLOOMINGTON,2,,1,0,0,,E HILLSIDE DR,,,,,E HILLSIDE DR,S WALNUT ST,,,,Y,,0.0,,39.15057223,-86.53361125,LOCAL/CITY RD,,,,URBAN,N,N,N,,DAYLIGHT,CLEAR,DRY,,FOUR-WAY INTERSECTION,,ASPHALT,FAILURE TO YIELD RIGHT OF WAY,$10001 TO $25000,RIGHT ANGLE,SWALNUTSTEHILLSIDEDR,0,,2022-09-09 18:08:00,,,
BLOOMINGTON PD,B22-17698,MONROE,BLOOMINGTON,BLOOMINGTON,1,,1,0,0,,N HEADLEY RD,,,,,N HEADLEY RD,E TREADWELL LN,,,,Y,,0.0,,39.19054265,-86.51339598,,,,,URBAN,N,N,N,,DARK (NOT LIGHTED),CLEAR,DRY,,NO JUNCTION INVOLVED,,ASPHALT,ANIMAL/OBJECT IN RDWAY,$5001 TO $10000,RAN OFF RD,NHEADLEYRDETREADWELLLN,0,,2022-05-14 06:15:00,,,
MONROE SD,M22A19561,MONROE,VAN BUREN,BLOOMINGTON,2,,1,0,0,,S ROCKPORT RD,,,,,S ROCKPORT RD,W STANSIFER LN,,,,N,,0.0,,39.10613397,-86.57663173,COUNTY RD,,,,RURAL,N,N,N,,DAYLIGHT,CLEAR,DRY,,NO JUNCTION INVOLVED,,ASPHALT,IMPROPER LN USAGE,$10001 TO $25000,HEAD ON BETWEEN TWO MOTOR VEHICLES,WSTANSIFERLNSROCKPORTRD,0,,2022-08-11 08:23:00,,,
BLOOMINGTON PD,B22-40858,MONROE,BLOOMINGTON,BLOOMINGTON,2,,0,0,0,,E 10TH ST,,,,,E 10TH ST,N WALNUT ST,,,,Y,,0.0,,39.17169052,-86.53358888,LOCAL/CITY RD,,,,URBAN,N,N,N,,DAYLIGHT,CLEAR,DRY,,FOUR-WAY INTERSECTION,,ASPHALT,FOLLOWING TOO CLOSELY,$2501 TO $5000,REAR END,NWALNUTSTE 10THST,0,,2022-10-05 12:50:00,,,
INDIANA UNIV BLOOMINGTON PD,220655,MONROE,BLOOMINGTON,BLOOMINGTON,2,,1,0,0,,N INDIANA AVE,,,,,N INDIANA AVE,E KIRKWOOD AVE,,,,Y,,264.0,,39.167014,-86.52695443,LOCAL/CITY RD,,,,URBAN,N,N,N,,DARK (LIGHTED),CLEAR,DRY,,NO JUNCTION INVOLVED,,ASPHALT,IMPROPER TURNING,$10001 TO $25000,LEFT TURN,NINDIANAAVEEKIRKWOODAVE,0,,2022-02-19 19:25:00,,,
BLOOMINGTON PD,B22-11601,MONROE,PERRY,BLOOMINGTON,1,,0,0,0,,891 S COLLEGE MALL RD,,,,,S COLLEGE MALL RD,,,,,Y,,0.0,,39.15688921,-86.49722404,PRIVATE DR,,,,URBAN,N,N,N,,DAYLIGHT,CLEAR,DRY,,NO JUNCTION INVOLVED,,ASPHALT,OTHER (DRIVER) - EXPLAIN IN NARRATIVE,$5001 TO $10000,RAN OFF RD,891SCOLLEGEMALLRD,0,,2022-04-04 15:44:00,891.0,,
INDIANA UNIV BLOOMINGTON PD,221644,MONROE,BLOOMINGTON,BLOOMINGTON,2,,0,0,0,600,N EAGLESON AVE,,,,,N EAGLESON AVE,,,,,Y,,0.0,,39.17243922,-86.51456345,PRIVATE DR,,,,RURAL,N,N,N,,DAYLIGHT,CLEAR,DRY,,NO JUNCTION INVOLVED,,ASPHALT,UNSAFE BACKING,UNDER $1001,BACKING CRASH,NEAGLESONAVE,0,,2022-04-26 09:30:00,,,
ELLETTSVILLE PD,E22-02722,MONROE,RICHLAND,ELLETTSVILLE,2,,0,0,0,,504 W TEMPERANCE,,,,,W TEMPERANCE,,,,,Y,,0.0,,,,ST RD,,,,URBAN,N,N,N,,DAYLIGHT,CLEAR,DRY,,NO JUNCTION INVOLVED,,ASPHALT,IMPROPER TURNING,$25001 TO $50000,SAME DIRECTION SIDESWIPE,504W.TEMPERANCE,0,,2022-07-21 12:57:00,504.0,,
INDIANA UNIV BLOOMINGTON PD,221397,MONROE,BLOOMINGTON,BLOOMINGTON,2,,0,0,0,,ST RD 45,,,,,ST RD 45,WALKWAY,,,,N,,0.0,,39.17352872,-86.50332159,ST RD,,,,URBAN,N,N,N,,DARK (LIGHTED),RAIN,WET,,NO JUNCTION INVOLVED,,ASPHALT,FOLLOWING TOO CLOSELY,UNDER $1001,REAR END,WALKWAYSTATERD45,0,,2022-04-13 13:27:00,,,
ELLETTSVILLE PD,E2202161,MONROE,RICHLAND,ELLETTSVILLE,2,0.0,0,0,0,,,,ST RD 46 W,,,ST RD 46 W,EDGEWOOD,,,,Y,,,,39.236288,-86.628336,ST RD,,N,N,URBAN,N,N,N,,DAYLIGHT,CLOUDY,DRY,,NO JUNCTION INVOLVED,STRAIGHT/GRADE,CONCRETE,UNSAFE SPEED,$2501 TO $5000,REAR END,EDGEWOODDRST RD 46 W,0,LN CONTROL,2022-06-12 14:53:00,,,
MONROE SD,M22A14524,MONROE,SALT CREEK,BLOOMINGTON,1,,0,0,0,,PAYNETOWN RD,,,,,PAYNETOWN RD,,,,,N,,0.0,,39.08483605,-86.43525904,PRIVATE DR,,,,RURAL,N,N,N,,DAWN/DUSK,CLEAR,DRY,,NO JUNCTION INVOLVED,,ASPHALT,OTHER (DRIVER) - EXPLAIN IN NARRATIVE,$1001 TO $2500,SAME DIRECTION SIDESWIPE,PAYNETOWNRD,0,,2022-06-19 21:51:00,,,
MONROE SD,M22A5557,MONROE,,,1,,1,0,0,,S ST RD 37,,,I-69,N,S ST RD 37,,,,,N,,0.0,,42.7187509,-94.2211072,,,,,RURAL,N,Y,N,,DARK (LIGHTED),CLEAR,DRY,,RAMP,,ASPHALT,DRIVER ASLEEP OR FATIGUED,$5001 TO $10000,RAN OFF RD,SSTATERD37I-69 NB,0,,2022-03-10 03:23:00,,,
ISP BLOOMINGTON 33,2.022E+11,MONROE,CLEAR CREEK,BLOOMINGTON,2,,0,0,0,,S ROCKPORT RD,,,,,S ROCKPORT RD,W DUNCAN DR,,,,Y,,0.0,,39.14575149,-86.53944916,LOCAL/CITY RD,,,,URBAN,N,N,N,,DAYLIGHT,RAIN,WET,,T-INTERSECTION,,ASPHALT,SPEED TOO FAST FOR WEATHER CONDITIONS,$2501 TO $5000,RIGHT ANGLE,WDUNCANDRSROCKPORTRD,0,,2022-03-07 14:30:00,,,
BLOOMINGTON PD,B22-05955,MONROE,BLOOMINGTON,BLOOMINGTON,2,,0,0,0,,ST RD 45/46 BYPASS,,,,,ST RD 45/46 BYPASS,N WALNUT ST,,,,Y,,0.0,,39.18626703,-86.53484292,ST RD,,,,URBAN,N,N,N,,DAYLIGHT,RAIN,WET,,NO JUNCTION INVOLVED,,ASPHALT,FOLLOWING TOO CLOSELY,$1001 TO $2500,REAR END,STATERD45/46BYPASSNORTHWALNUTST,0,,2022-02-22 15:21:00,,,
MONROE SD,M22A19438,MONROE,VAN BUREN,BLOOMINGTON,1,,0,0,0,,S GARRISON CHAPEL RD,,,,,S GARRISON CHAPEL RD,W 3RD ST,,,,N,,0.0,,39.16239918,-86.64990968,LOCAL/CITY RD,,,,RURAL,N,N,N,,DAYLIGHT,RAIN,WET,,NO JUNCTION INVOLVED,,ASPHALT,SPEED TOO FAST FOR WEATHER CONDITIONS,$10001 TO $25000,RAN OFF RD,W 3RDSTSGARRISONCHAPELRD,0,,2022-08-09 17:17:00,,,
ISP VERSAILLES 42,20220185126,MONROE,PERRY,BLOOMINGTON,2,,0,0,0,,ST RD 37,,,,,ST RD 37,S ST RD 37,,,,N,,0.0,,39.08503438,-86.54202843,ST RD,,,,RURAL,N,N,N,,DAYLIGHT,RAIN,WET,,NO JUNCTION INVOLVED,,ASPHALT,DRIVER DISTRACTED - EXPLAIN IN NARRATIVE,$2501 TO $5000,REAR END,STATERD37SOLDSTATERD37,0,,2022-04-25 07:51:00,,,