Agency,Local Code,County,Township,City,Vehicles Involved,Trailers Involved,Number Injured,Number Dead,Number Deer,House Number,Roadway Name,Roadway Suffix,Roadway Number,Roadway Interchange,Roadway Ramp,Roadway Id,Intersecting Road,Intersecting Road Number,Mile Marker,Interchange,Corporate Limits?,Property Type,Feet From,Direction,Latitude,Longitude,Roadway Class,Traffic Control Devices?,Aggressive Driving?,Hit and Run?,Locality,School Zone?,Rumble Strips?,Construction?,Construction Type,Light Condition,Weather Conditions,Surface Condition,Type of Median,Roadway Junction Type,Road Character,Roadway Surface,Primary Factor,Damage Estimate,Manner of Collision,Unique Location Id,State Property Damage?,Traffic Control,DateTime,Address Number,Cyclist Involved,Pedestrian Involved
BLOOMINGTON PD,B22-23611,MONROE,PERRY,BLOOMINGTON,2,,0,0,0,,S COLLEGE AVE,,,,,S COLLEGE AVE,W 1ST,,,,Y,,0.0,,39.15937613,-86.53498959,LOCAL/CITY RD,,,,URBAN,N,N,N,,DAYLIGHT,CLEAR,DRY,,FOUR-WAY INTERSECTION,,ASPHALT,FAILURE TO YIELD RIGHT OF WAY,$1001 TO $2500,SAME DIRECTION SIDESWIPE,W1STSTSCOLLEGEAVE,0,,2022-06-23 17:23:00,,,
MONROE SD,M22A9843,MONROE,VAN BUREN,BLOOMINGTON,2,,0,0,0,,WESTERN DR,,,,,WESTERN DR,GRAND AVE,,,,N,,0.0,,39.166519,-86.586451,LOCAL/CITY RD,,,,URBAN,N,N,N,,DAYLIGHT,CLOUDY,DRY,,NO JUNCTION INVOLVED,,ASPHALT,IMPROPER PASSING,$2501 TO $5000,LEFT/RIGHT TURN,WESTERNDRGRANDAVE,0,,2022-04-30 17:47:00,,,
BLOOMINGTON PD,B22-31099,MONROE,PERRY,BLOOMINGTON,2,,0,0,0,,S HIGHLAND AVE,,,,,S HIGHLAND AVE,E RIDGEMONT CT,,,,Y,,0.0,,39.1488716,-86.51750717,,,,,URBAN,N,N,N,,DAYLIGHT,CLEAR,DRY,,NO JUNCTION INVOLVED,,ASPHALT,IMPROPER PASSING,$1001 TO $2500,SAME DIRECTION SIDESWIPE,SHIGHLANDAVEERIDGEMONTCT,0,,2022-08-11 13:06:00,,,
ISP BLOOMINGTON 33,2.022E+11,MONROE,BLOOMINGTON,BLOOMINGTON,3,,1,0,0,,ST RD 46,,,,,ST RD 46,E 3RD ST,,,,Y,,0.0,,39.16471875,-86.49849481,ST RD,,,,URBAN,N,N,Y,LN CLOSURE,DAYLIGHT,CLOUDY,DRY,,FOUR-WAY INTERSECTION,,CONCRETE,UNSAFE SPEED,$1001 TO $2500,REAR END,STATERD46E 3RDST,0,,2022-06-07 00:00:00,,,
BLOOMINGTON PD,B22-20097,MONROE,BLOOMINGTON,BLOOMINGTON,2,,0,0,0,,W 6TH ST,,,,,W 6TH ST,N COLLEGE AVE,,,,Y,,0.0,,39.16761828,-86.53507895,LOCAL/CITY RD,,,,URBAN,N,N,N,,DAYLIGHT,CLEAR,DRY,,NO JUNCTION INVOLVED,,ASPHALT,IMPROPER TURNING,$1001 TO $2500,SAME DIRECTION SIDESWIPE,W6THSTNCOLLEGEAVE,0,,2022-05-29 13:00:00,,,
BLOOMINGTON PD,B22-06724,MONROE,PERRY,BLOOMINGTON,2,,0,0,0,,W 1ST,,,,,W 1ST,S ROGERS ST,,,,Y,,0.0,,39.15942102,-86.53866953,LOCAL/CITY RD,,,,URBAN,N,N,N,,DAYLIGHT,CLEAR,DRY,,FOUR-WAY INTERSECTION,,ASPHALT,FAILURE TO YIELD RIGHT OF WAY,$10001 TO $25000,RIGHT ANGLE,W1STSTSROGERSST,0,,2022-02-28 17:14:00,,,
MONROE SD,M22A10818,MONROE,VAN BUREN,BLOOMINGTON,2,,0,0,0,,W ST RD 45,,,,,W ST RD 45,S DUNLAP RD,,,,Y,,0.0,,39.12010407,-86.61760634,ST RD,,,,RURAL,N,N,N,,DAYLIGHT,CLEAR,DRY,,NO JUNCTION INVOLVED,,ASPHALT,FOLLOWING TOO CLOSELY,$2501 TO $5000,REAR END,WSTATERD45SDUNLAPRD,0,,2022-05-11 14:37:00,,,
MONROE SD,M22A7984,MONROE,VAN BUREN,BLOOMINGTON,1,,0,0,0,,W FULLERTON PK,,,,,W FULLERTON PK,W REDDY WAY,,,,N,,0.0,,39.12200862,-86.57511897,LOCAL/CITY RD,,,,RURAL,N,N,N,,DARK (LIGHTED),RAIN,WET,,T-INTERSECTION,,ASPHALT,SPEED TOO FAST FOR WEATHER CONDITIONS,$10001 TO $25000,RAN OFF RD,WREDDYWAYWFULLERTONPK,0,,2022-04-09 02:38:00,,,
INDIANA UNIV BLOOMINGTON PD,221857,MONROE,BLOOMINGTON,BLOOMINGTON,3,,0,0,0,,ST RD 45,,,,,ST RD 45,WALKWAY,,,,N,,581.0,,39.17469599,-86.50399111,ST RD,,,,URBAN,N,N,N,,DAYLIGHT,CLEAR,DRY,,NO JUNCTION INVOLVED,,ASPHALT,FOLLOWING TOO CLOSELY,$10001 TO $25000,REAR END,WALKWAYSTATERD45,0,,2022-05-12 15:21:00,,,
MONROE SD,M22A19999,MONROE,BLOOMINGTON,BLOOMINGTON,1,,0,0,0,,N ADAMS ST,,,,,N ADAMS ST,W 10TH ST,,,,Y,,264.0,,39.17166395,-86.54979979,LOCAL/CITY RD,,,,URBAN,N,N,N,,DARK (LIGHTED),CLEAR,DRY,,NO JUNCTION INVOLVED,,ASPHALT,UNSAFE SPEED,$5001 TO $10000,RAN OFF RD,W10THSTNADAMSST,0,,2022-08-16 01:41:00,,,
BLOOMINGTON PD,B22-37452,MONROE,PERRY,BLOOMINGTON,2,,0,0,0,,S MEADOWBROOK DR,,,,,S MEADOWBROOK DR,E 3RD ST,,,,Y,,0.0,,39.164241,-86.484467,LOCAL/CITY RD,,,,URBAN,N,N,N,,DAYLIGHT,CLEAR,DRY,,FOUR-WAY INTERSECTION,,ASPHALT,UNSAFE BACKING,$5001 TO $10000,BACKING CRASH,S.MEADOWBROOKDRE 3RDST,0,,2022-09-16 12:10:00,,,
BLOOMINGTON PD,B22-37292,MONROE,PERRY,BLOOMINGTON,2,,0,0,0,,S COLLEGE MALL RD,,,,,S COLLEGE MALL RD,E COVENANTER DR,,,,Y,,0.0,,39.15452114,-86.49765993,LOCAL/CITY RD,,,,URBAN,N,N,N,,DAYLIGHT,CLEAR,DRY,,FOUR-WAY INTERSECTION,,ASPHALT,FOLLOWING TOO CLOSELY,$2501 TO $5000,REAR END,SCOLLEGEMALLRDECOVENANTERDR,0,,2022-09-15 14:57:00,,,
BLOOMINGTON PD,B22-11057,MONROE,BLOOMINGTON,BLOOMINGTON,2,,0,0,0,,E 7TH ST,,,,,E 7TH ST,N GRANT ST,,,,Y,,0.0,,39.16852647,-86.52980895,LOCAL/CITY RD,,,,URBAN,N,N,N,,DAYLIGHT,CLOUDY,WET,,FOUR-WAY INTERSECTION,,ASPHALT,DISREGARD SIGNAL/REG SIGN,$2501 TO $5000,RIGHT ANGLE,NGRANTSTE7THST,0,,2022-03-31 19:06:00,,,
BLOOMINGTON PD,B22-24998,MONROE,BLOOMINGTON,BLOOMINGTON,1,,0,0,0,,N SKYLINE DR,,,,,N SKYLINE DR,,,,,Y,,0.0,,39.19299354,-86.53987249,,,,,URBAN,N,N,N,,DARK (LIGHTED),CLEAR,DRY,,NO JUNCTION INVOLVED,,ASPHALT,LEFT OF CENTER,$2501 TO $5000,RAN OFF RD,NSKYLINEDR,0,,2022-07-02 02:40:00,,,
BLOOMINGTON PD,B22-25665,MONROE,PERRY,BLOOMINGTON,2,,0,0,0,410,S WOODSCREST DR,,,,,S WOODSCREST DR,,,,,Y,,0.0,,39.16297577,-86.50309163,PRIVATE DR,,,,URBAN,N,N,N,,DAYLIGHT,CLEAR,DRY,,NO JUNCTION INVOLVED,,ASPHALT,UNSAFE BACKING,$1001 TO $2500,BACKING CRASH,SWOODSCRESTDR,0,,2022-07-06 12:56:00,,,
INDIANA UNIV BLOOMINGTON PD,223556,MONROE,BLOOMINGTON,BLOOMINGTON,2,,0,0,0,415,E 6TH ST,,,,,E 6TH ST,,,,,Y,,0.0,,39.1676503,-86.5288489,PRIVATE DR,,,,URBAN,N,N,N,,DARK (LIGHTED),CLEAR,DRY,,NO JUNCTION INVOLVED,,CONCRETE,OTHER (DRIVER) - EXPLAIN IN NARRATIVE,$1001 TO $2500,OTHER - EXPLAIN IN NARRATIVE,E6THST,0,,2022-09-25 01:30:00,,,
ISP BLOOMINGTON 33,2.022E+11,MONROE,VAN BUREN,BLOOMINGTON,1,,0,0,0,,ST RD 45,,,,,ST RD 45,CHAPEL RD,,,,N,,250.0,,39.08674655,-86.68198246,ST RD,,,,RURAL,N,N,N,,DAYLIGHT,CLEAR,DRY,,NO JUNCTION INVOLVED,,ASPHALT,FAILURE TO MAINTAIN LN,$5001 TO $10000,RAN OFF RD,ST RD 45CHAPELRD,0,,2022-09-09 07:30:00,,,
BLOOMINGTON PD,B22-11820,MONROE,PERRY,BLOOMINGTON,1,,0,0,0,,1700 S HUNTINGTON DR,,,,,S HUNTINGTON DR,MILLER DR,,,,Y,,1000.0,,,,LOCAL/CITY RD,,,,URBAN,N,N,N,,DAYLIGHT,RAIN,WET,,NO JUNCTION INVOLVED,,ASPHALT,OTHER (VEHICLE) - EXPLAIN IN NARRATIVE,$2501 TO $5000,OTHER - EXPLAIN IN NARRATIVE,MILLERDR1700BLKS.HUNTINGTONDR,0,,2022-04-06 08:07:00,1700.0,,
MONROE SD,M22A15493,MONROE,,BLOOMINGTON,2,,0,0,0,,ST RD 46,,,,,ST RD 46,,,,,N,,0.0,,39.20045526,-86.57531208,ST RD,,,,RURAL,N,Y,Y,LN CLOSURE,DAYLIGHT,CLEAR,DRY,,NO JUNCTION INVOLVED,,ASPHALT,FOLLOWING TOO CLOSELY,$2501 TO $5000,REAR END,STATERD46,0,,2022-06-29 03:40:00,,,
MONROE SD,M22A20660,MONROE,RICHLAND,BLOOMINGTON,2,,0,0,0,,N SMITH PK,,,,,N SMITH PK,W JONATHON DR,,,,N,,0.0,,39.16862129,-86.58301539,COUNTY RD,,,,RURAL,N,N,N,,DAYLIGHT,CLEAR,DRY,,NO JUNCTION INVOLVED,,ASPHALT,UNSAFE LN MOVEMENT,$5001 TO $10000,SAME DIRECTION SIDESWIPE,WJONATHONDRNSMITHPK,0,,2022-08-23 04:32:00,,,
MONROE SD,M22A17585,MONROE,BLOOMINGTON,,2,,0,0,0,,I-69,,,,,I-69,,,,,N,,317.0,,39.24134131,-86.53652455,,,,,URBAN,N,Y,N,,DAYLIGHT,CLEAR,DRY,,NO JUNCTION INVOLVED,,ASPHALT,ANIMAL/OBJECT IN RDWAY,UNDER $1001,COLLISION WITH OBJECT IN RD,I-69,0,,2022-07-21 12:35:00,,,
BLOOMINGTON PD,B22-17348,MONROE,BLOOMINGTON,BLOOMINGTON,1,,0,0,0,,W 11TH ST,,,,,W 11TH ST,N FAIRVIEW ST,,,,Y,,0.0,,39.1730971,-86.54086052,LOCAL/CITY RD,,,,URBAN,N,N,N,,DAYLIGHT,CLEAR,DRY,,Y-INTERSECTION,,ASPHALT,OTHER (ENVIRONMENTAL) - EXPLAIN IN NARR,$1001 TO $2500,OTHER - EXPLAIN IN NARRATIVE,W11THSTNFAIRVIEWST,0,,2022-05-12 09:15:00,,,
MONROE SD,M22A14502,MONROE,CLEAR CREEK,BLOOMINGTON,1,,0,0,0,,VALLEY MISSION RD,,,,,VALLEY MISSION RD,E PEDIGO BAY DR,,,,N,,0.0,,39.00429032,-86.50058903,COUNTY RD,,,,RURAL,N,N,N,,DAYLIGHT,CLEAR,DRY,,NO JUNCTION INVOLVED,,ASPHALT,IMPROPER PASSING,UNDER $1001,SAME DIRECTION SIDESWIPE,VALLEYMISSIONRDEPEDIGOBAYDR,0,,2022-06-19 14:13:00,,True,
BLOOMINGTON PD,B22-21042,MONROE,PERRY,BLOOMINGTON,1,,1,0,0,,E 3RD ST,,,,,E 3RD ST,S PETE LLIS DR,,,,Y,,0.0,,39.16421402,-86.49428791,LOCAL/CITY RD,,,,URBAN,N,N,N,,DAYLIGHT,CLEAR,DRY,,NO JUNCTION INVOLVED,,ASPHALT,PEDESTRIAN ACTION,UNDER $1001,RIGHT ANGLE,SPETEELLISDRE 3RDST,1,,2022-06-06 14:05:00,,True,
MONROE SD,M22A10935,MONROE,PERRY,BLOOMINGTON,2,,0,0,0,,,,45,,,45,W JOHN WILLIAMS LN,,,,N,,500.0,,39.1000284,-86.65118259,ST RD,,,,RURAL,N,N,N,,DAYLIGHT,CLEAR,DRY,,NO JUNCTION INVOLVED,,ASPHALT,LEFT OF CENTER,$2501 TO $5000,OPPOSITE DIRECTION SIDESWIPE,WJOHNWILLIAMSLN45,0,,2022-05-12 15:10:00,,,
MONROE SD,M22A16638,MONROE,BLOOMINGTON,BLOOMINGTON,1,,0,0,0,,ST RD 45,,,,,ST RD 45,ST RD 45,,,,N,,53.0,,39.20046397,-86.46792375,ST RD,,,,RURAL,N,N,N,,DAYLIGHT,CLEAR,DRY,,NO JUNCTION INVOLVED,,ASPHALT,OVERCORRECTING/OVERSTEERING,$2501 TO $5000,RAN OFF RD,STATERD45STATERD45,0,,2022-07-11 18:50:00,,,
BLOOMINGTON PD,B22-36329,MONROE,BLOOMINGTON,BLOOMINGTON,1,,1,0,0,,W KIRKWOOD AVE,,,,,W KIRKWOOD AVE,S ROGERS ST,,,,Y,,0.0,,39.16661069,-86.53870069,LOCAL/CITY RD,,,,URBAN,N,N,N,,DAWN/DUSK,CLEAR,DRY,,FOUR-WAY INTERSECTION,,ASPHALT,FAILURE TO YIELD RIGHT OF WAY,$1001 TO $2500,OTHER - EXPLAIN IN NARRATIVE,WKIRKWOODAVESROGERSST,1,,2022-09-09 20:00:00,,,True
BLOOMINGTON PD,B22-10063,MONROE,PERRY,BLOOMINGTON,1,,0,0,0,,E GOODNIGHT WAY,,,,,E GOODNIGHT WAY,S CLARIZZ BLVD,,,,Y,,100.0,,39.156827,-86.4903593,PRIVATE DR,,,,URBAN,N,N,N,,DAYLIGHT,CLOUDY,DRY,,TRAFFIC CIRCLE/ROUNDABOUT,,ASPHALT,UNSAFE SPEED,$5001 TO $10000,RAN OFF RD,SCLARIZZBLVDEGOODNIGHTWAY,0,,2022-03-24 17:00:00,,,
BLOOMINGTON PD,B22-14436,MONROE,BLOOMINGTON,BLOOMINGTON,2,,0,0,0,,I-69,,,,,I-69,ST RD 46,,120.0,,Y,,0.0,,39.18325384,-86.55680841,INTERSTATE,,,,URBAN,N,N,N,,DAYLIGHT,CLEAR,DRY,,RAMP,,ASPHALT,FAILURE TO MAINTAIN LN,$2501 TO $5000,SAME DIRECTION SIDESWIPE,ST RD 46I-69,0,,2022-04-23 09:29:00,,,
MONROE SD,M22A15609,MONROE,RICHLAND,BLOOMINGTON,2,,0,0,0,,N OARD,,,,,N OARD,W VERNAL PK,,,,N,,800.0,,39.17777463,-86.63126728,LOCAL/CITY RD,,,,RURAL,N,N,N,,DAYLIGHT,CLEAR,DRY,,NO JUNCTION INVOLVED,,ASPHALT,FAILURE TO YIELD RIGHT OF WAY,$2501 TO $5000,RIGHT ANGLE,WVERNALPKNOARDRD,0,,2022-06-30 15:36:00,,,
BLOOMINGTON PD,B22-03695,MONROE,PERRY,BLOOMINGTON,2,,0,0,0,,S HIGH ST,,,,,S HIGH ST,E HILLSIDE DR,,,,Y,,0.0,,39.15050243,-86.50843568,LOCAL/CITY RD,,,,URBAN,N,N,N,,DAYLIGHT,RAIN,WET,,FOUR-WAY INTERSECTION,,ASPHALT,FAILURE TO YIELD RIGHT OF WAY,$5001 TO $10000,HEAD ON BETWEEN TWO MOTOR VEHICLES,SHIGHSTEHILLSIDEDR,0,,2022-02-02 04:03:00,,,
BLOOMINGTON PD,B22-28743,MONROE,VAN BUREN,BLOOMINGTON,3,,0,0,0,,W 3RD ST,,,,,W 3RD ST,S YANCEY LN,,,,Y,,0.0,,39.16459528,-86.56913227,LOCAL/CITY RD,,,,URBAN,N,N,N,,DAYLIGHT,CLEAR,DRY,,T-INTERSECTION,,ASPHALT,FOLLOWING TOO CLOSELY,$10001 TO $25000,REAR END,W 3RDSTSYANCEYLN,0,,2022-07-27 12:20:00,,,
BLOOMINGTON PD,B22-04244,MONROE,BLOOMINGTON,BLOOMINGTON,1,,0,0,1,,ST RD 446,,,,,ST RD 446,E MOORES PK,,,,Y,,422.0,,39.15109316,-86.47138542,ST RD,,,,URBAN,N,N,N,,DARK (NOT LIGHTED),CLEAR,DRY,,NO JUNCTION INVOLVED,,ASPHALT,ANIMAL/OBJECT IN RDWAY,$2501 TO $5000,COLLISION WITH DEER,STATERD446EMOORESPK,0,,2022-02-07 18:46:00,,,
BLOOMINGTON PD,B22-15110,MONROE,BLOOMINGTON,BLOOMINGTON,2,,0,0,0,,7TH ST,,,,,7TH ST,N WALNUT ST,,,,Y,,0.0,,39.168539,-86.533599,LOCAL/CITY RD,,,,URBAN,N,N,N,,DAYLIGHT,CLEAR,DRY,,FOUR-WAY INTERSECTION,,ASPHALT,DISREGARD SIGNAL/REG SIGN,$2501 TO $5000,RIGHT ANGLE,N.WALNUTST7THST,0,,2022-04-27 08:20:00,,,
BLOOMINGTON PD,B22-29049,MONROE,PERRY,BLOOMINGTON,2,,0,0,0,,E 1ST,,,,,E 1ST,S WASHINGTON ST,,,,Y,,50.0,,39.15933472,-86.53212857,LOCAL/CITY RD,,,,URBAN,N,N,N,,DAYLIGHT,CLEAR,DRY,,NO JUNCTION INVOLVED,,ASPHALT,OVERCORRECTING/OVERSTEERING,$2501 TO $5000,SAME DIRECTION SIDESWIPE,SWASHINGTONSTE1STST,0,,2022-07-29 11:05:00,,,
MONROE SD,M22A4894,MONROE,BEAN BLOSSOM,BLOOMINGTON,1,,1,0,0,,W RATLIFF RD,,,,,W RATLIFF RD,WHITE RD,,,,N,,0.0,,39.21709227,-86.68354468,LOCAL/CITY RD,,,,RURAL,N,N,N,,DARK (NOT LIGHTED),CLEAR,DRY,,Y-INTERSECTION,,ASPHALT,UNSAFE SPEED,$5001 TO $10000,RAN OFF RD,WHITERDWRATLIFFRD,0,,2022-03-01 21:50:00,,,
INDIANA UNIV BLOOMINGTON PD,220956,MONROE,PERRY,BLOOMINGTON,2,,0,0,0,,S PARK AVE,,,,,S PARK AVE,E ATWATER AVE,,,,Y,,0.0,,39.16310627,-86.52400679,LOCAL/CITY RD,,,,URBAN,N,N,N,,DAYLIGHT,CLOUDY,DRY,,T-INTERSECTION,,ASPHALT,FOLLOWING TOO CLOSELY,UNDER $1001,REAR END,SPARKAVEEATWATERAVE,0,,2022-03-11 14:10:00,,,
MONROE SD,M22A18362,MONROE,BLOOMINGTON,BLOOMINGTON,2,,0,0,0,,E BETHEL LN,,,,,E BETHEL LN,N STIDD RD,,,,N,,0.0,,,,LOCAL/CITY RD,,,,RURAL,N,N,N,,DAYLIGHT,CLEAR,DRY,,T-INTERSECTION,,ASPHALT,LEFT OF CENTER,$1001 TO $2500,OPPOSITE DIRECTION SIDESWIPE,NSTIDDRDEBETHELLN,0,,2022-07-29 09:29:00,,,
BLOOMINGTON PD,B22-33658,MONROE,BLOOMINGTON,BLOOMINGTON,2,,1,0,0,,E 3RD ST,,,,,E 3RD ST,S PETE LLIS DR,,,,Y,,0.0,,39.16423183,-86.49508886,LOCAL/CITY RD,,,,URBAN,N,N,N,,DARK (NOT LIGHTED),CLEAR,DRY,,T-INTERSECTION,,ASPHALT,FAILURE TO YIELD RIGHT OF WAY,$1001 TO $2500,REAR END,SPETEELLISDRE 3RDST,0,,2022-08-25 20:59:00,,,
INDIANA UNIV BLOOMINGTON PD,220421,MONROE,BLOOMINGTON,BLOOMINGTON,1,,0,0,0,,E 9TH ST,,,,,E 9TH ST,,,,,Y,,0.0,,39.17054367,-86.52519994,LOCAL/CITY RD,,,,URBAN,N,N,N,,DAYLIGHT,SNOW,ICE,,NO JUNCTION INVOLVED,,ASPHALT,RDWAY SURFACE CONDITION,UNDER $1001,BACKING CRASH,E9THST,0,,2022-02-04 11:00:00,,,
MONROE SD,M22A17997,MONROE,BLOOMINGTON,BLOOMINGTON,1,,0,0,0,,W VERNAL PK,,,,,W VERNAL PK,N CURRY PK,,,,N,,0.0,,39.17916768,-86.58250041,LOCAL/CITY RD,,,,RURAL,N,N,N,,DAYLIGHT,CLEAR,DRY,,FOUR-WAY INTERSECTION,,ASPHALT,OTHER (ENVIRONMENTAL) - EXPLAIN IN NARR,$5001 TO $10000,OTHER - EXPLAIN IN NARRATIVE,WVERNALPKNCURRYPK,0,,2022-07-25 17:37:00,,,
BLOOMINGTON PD,B22-21169,MONROE,PERRY,BLOOMINGTON,1,,1,0,0,,E 3RD ST,,,,,E 3RD ST,S LINCOLN ST,,,,Y,,0.0,,39.164581,-86.531081,LOCAL/CITY RD,,,,URBAN,N,N,N,,DAYLIGHT,CLOUDY,DRY,,FOUR-WAY INTERSECTION,,ASPHALT,OVERCORRECTING/OVERSTEERING,$2501 TO $5000,COLLISION WITH OBJECT IN RD,S.LINCOLNSTE 3RDST,0,,2022-06-07 13:01:00,,,
BLOOMINGTON PD,B22-07755,MONROE,BLOOMINGTON,BLOOMINGTON,2,,0,0,0,1425,N DUNN ST EVOLVE APTS,,,,,N DUNN ST EVOLVE APTS,,,,,Y,,0.0,,39.17897264,-86.53134226,PRIVATE DR,,,,URBAN,N,N,N,,DARK (LIGHTED),CLOUDY,DRY,,NO JUNCTION INVOLVED,,ASPHALT,FAILURE TO YIELD RIGHT OF WAY,$2501 TO $5000,RIGHT ANGLE,NDUNNSTEVOLVEAPTS,0,,2022-03-06 22:00:00,,,
DNR LAW ENFORCEMENT,06-22-02261,MONROE,SALT CREEK,BLOOMINGTON,1,,1,0,0,,E MONROE DAM RD,,,,,E MONROE DAM RD,,,,,N,,0.0,,39.0126803,-86.5125195,ST RD,,,,RURAL,N,N,N,,DAYLIGHT,CLEAR,DRY,,RAMP,,CONCRETE,BRAKE FAILURE OR DEFECTIVE,$1001 TO $2500,NON-COLLISION,EMONROEDAMRD,0,,2022-08-13 14:10:00,,,
BLOOMINGTON PD,B22-22178,MONROE,PERRY,BLOOMINGTON,3,,0,0,0,,W 2ND ST,,,,,W 2ND ST,MAPLE ST,,,,Y,,0.0,,,,LOCAL/CITY RD,,,,URBAN,N,N,N,,DAYLIGHT,CLEAR,DRY,,T-INTERSECTION,,ASPHALT,FOLLOWING TOO CLOSELY,$1001 TO $2500,REAR END,W 2NDSTMAPLEST,0,,2022-06-14 07:48:00,,,
BLOOMINGTON PD,B22-33812,MONROE,PERRY,BLOOMINGTON,1,,0,0,0,,S HIGH ST,,,,,S HIGH ST,E ROCK CREEK DR,,,,Y,,0.0,,39.13978417,-86.50823329,,,,,URBAN,Y,N,N,,DAYLIGHT,CLEAR,DRY,,FOUR-WAY INTERSECTION,,ASPHALT,IMPROPER TURNING,$1001 TO $2500,RAN OFF RD,SHIGHSTEROCKCREEKDR,0,,2022-08-26 18:29:00,,,
BLOOMINGTON PD,B22-30450,MONROE,BLOOMINGTON,BLOOMINGTON,1,,0,0,0,,W GOURLEY PK,,,,,W GOURLEY PK,W CASCADE AVE,,,,Y,,0.0,,39.18621744,-86.54180642,,,,,URBAN,N,N,N,,DARK (NOT LIGHTED),CLEAR,DRY,,NO JUNCTION INVOLVED,,ASPHALT,UNSAFE SPEED,$2501 TO $5000,RAN OFF RD,WGOURLEYPKWCASCADEAVE,0,,2022-08-07 04:17:00,,,
MONROE SD,M22A17811,MONROE,CLEAR CREEK,BLOOMINGTON,1,,0,0,0,,S FAIRFAX RD,,,,,S FAIRFAX RD,,,,,N,,0.0,,39.05282326,-86.49447031,PRIVATE DR,,,,RURAL,N,N,N,,UNKNOWN,CLEAR,DRY,,NO JUNCTION INVOLVED,,ASPHALT,OTHER (DRIVER) - EXPLAIN IN NARRATIVE,$1001 TO $2500,OTHER - EXPLAIN IN NARRATIVE,SFAIRFAXRD,0,,2022-07-23 17:15:00,,,
MONROE SD,M22A5683,MONROE,RICHLAND,BLOOMINGTON,2,,1,0,0,,N CURRY PK,,,,,N CURRY PK,W PROFILE PKW,,,,N,,0.0,,39.17196011,-86.58307497,LOCAL/CITY RD,,,,URBAN,N,N,N,,DAYLIGHT,CLEAR,DRY,,FOUR-WAY INTERSECTION,,ASPHALT,DRIVER DISTRACTED - EXPLAIN IN NARRATIVE,$2501 TO $5000,REAR END,WPROFILEPKWNCURRYPK,0,,2022-03-11 01:47:00,,,
BLOOMINGTON PD,B22-36832,MONROE,BLOOMINGTON,BLOOMINGTON,2,,0,0,0,,W MARQUIS DR,,,,,W MARQUIS DR,N CRESCENT RD,,,,N,,0.0,,39.17787026,-86.55638642,LOCAL/CITY RD,,,,URBAN,N,N,N,,DARK (LIGHTED),CLEAR,DRY,,T-INTERSECTION,,ASPHALT,UNSAFE LN MOVEMENT,UNDER $1001,LEFT/RIGHT TURN,WMARQUISDRNCRESCENTRD,0,,2022-09-12 08:40:00,,,
BLOOMINGTON PD,B22-19305,MONROE,BLOOMINGTON,BLOOMINGTON,2,,0,0,0,219 E,E 4TH ST,,,,,E 4TH ST,,,,,Y,,0.0,,39.1648884,-86.53158946,PRIVATE DR,,,,URBAN,N,N,N,,UNKNOWN,CLEAR,DRY,,NO JUNCTION INVOLVED,,ASPHALT,FAILURE TO YIELD RIGHT OF WAY,$1001 TO $2500,OTHER - EXPLAIN IN NARRATIVE,E4THST,0,,2022-05-25 16:30:00,,,
MONROE SD,M22A14122,MONROE,PERRY,BLOOMINGTON,2,,0,0,0,,S ST RD 37,,,,,S ST RD 37,,,,,N,,0.0,,39.12018078,-86.52995075,PRIVATE DR,,,,RURAL,N,N,N,,DAYLIGHT,CLEAR,DRY,,NO JUNCTION INVOLVED,,ASPHALT,IMPROPER PASSING,$1001 TO $2500,OPPOSITE DIRECTION SIDESWIPE,SOLDSTATERD37,0,,2022-06-15 15:22:00,,,
MONROE SD,M22A15626,MONROE,VAN BUREN,BLOOMINGTON,2,,0,0,0,,S KIRBY,,,,,S KIRBY,W GIFFORD,,,,N,,0.0,,39.1513666,-86.6103092,LOCAL/CITY RD,,,,RURAL,N,N,N,,DAYLIGHT,CLEAR,DRY,,T-INTERSECTION,,ASPHALT,FAILURE TO YIELD RIGHT OF WAY,$5001 TO $10000,LEFT TURN,WGIFFORDS.KIRBY,0,,2022-06-30 18:55:00,,,
BLOOMINGTON PD,B22-27352,MONROE,VAN BUREN,BLOOMINGTON,2,,0,0,0,,S LEONARD SPRINGS RD,,,,,S LEONARD SPRINGS RD,W TAPP RD,,,,Y,,0.0,,39.13703366,-86.58260054,LOCAL/CITY RD,,,,URBAN,N,N,N,,DAYLIGHT,RAIN,WET,,T-INTERSECTION,,ASPHALT,SPEED TOO FAST FOR WEATHER CONDITIONS,$5001 TO $10000,REAR END,WTAPPRDSLEONARDSPRINGSRD,0,,2022-07-17 11:50:00,,,
INDIANA UNIV BLOOMINGTON PD,223102,MONROE,BLOOMINGTON,BLOOMINGTON,2,,0,0,0,,E 17TH ST,,,,,E 17TH ST,ST RD 45,,,,N,,0.0,,39.17966327,-86.50733379,ST RD,,,,URBAN,N,N,N,,DAYLIGHT,CLEAR,DRY,,T-INTERSECTION,,ASPHALT,DISREGARD SIGNAL/REG SIGN,$1001 TO $2500,RIGHT ANGLE,STATERD45E17THST,0,,2022-09-05 16:00:00,,,True