Agency,Local Code,County,Township,City,Vehicles Involved,Trailers Involved,Number Injured,Number Dead,Number Deer,House Number,Roadway Name,Roadway Suffix,Roadway Number,Roadway Interchange,Roadway Ramp,Roadway Id,Intersecting Road,Intersecting Road Number,Mile Marker,Interchange,Corporate Limits?,Property Type,Feet From,Direction,Latitude,Longitude,Roadway Class,Traffic Control Devices?,Aggressive Driving?,Hit and Run?,Locality,School Zone?,Rumble Strips?,Construction?,Construction Type,Light Condition,Weather Conditions,Surface Condition,Type of Median,Roadway Junction Type,Road Character,Roadway Surface,Primary Factor,Damage Estimate,Manner of Collision,Unique Location Id,State Property Damage?,Traffic Control,DateTime,Address Number,Cyclist Involved,Pedestrian Involved
MONROE SD,M22A15776,MONROE,CLEAR CREEK,BLOOMINGTON,2,,1,0,0,,E RAMP CREEK RD,,,,,E RAMP CREEK RD,S FAIRFAX RD,,,,N,,0.0,,39.07112551,-86.50312848,COUNTY RD,,,,RURAL,N,N,N,,DAYLIGHT,CLEAR,DRY,,NO JUNCTION INVOLVED,,ASPHALT,FAILURE TO YIELD RIGHT OF WAY,$10001 TO $25000,RIGHT ANGLE,SFAIRFAXRDERAMPCREEKRD,0,,2022-07-02 09:31:00,,,
BLOOMINGTON PD,B22-18815,MONROE,PERRY,BLOOMINGTON,2,,0,0,0,,W 1ST,,,,,W 1ST,S COLLEGE AVE,,,,Y,,0.0,,39.15937943,-86.53499311,LOCAL/CITY RD,,,,URBAN,N,N,N,,DAYLIGHT,CLEAR,DRY,,FOUR-WAY INTERSECTION,,CONCRETE,DISREGARD SIGNAL/REG SIGN,$5001 TO $10000,RIGHT ANGLE,W1STSTSCOLLEGEAVE,0,,2022-05-22 13:30:00,,,
BLOOMINGTON PD,B22-09338,MONROE,BLOOMINGTON,BLOOMINGTON,2,,0,0,0,1412,W 11TH ST,,,,,W 11TH ST,,,,,Y,,0.0,,39.17324706,-86.55316492,PRIVATE DR,,,,URBAN,N,N,N,,DAYLIGHT,RAIN,WET,,NO JUNCTION INVOLVED,,ASPHALT,UNSAFE BACKING,$2501 TO $5000,BACKING CRASH,W11THST,0,,2022-03-19 20:12:00,,,
BLOOMINGTON PD,B22-39942,MONROE,PERRY,BLOOMINGTON,1,,0,0,1,,2300 W BLOOMFIELD RD,,,,,W BLOOMFIELD RD,BASSWOOD DR,,,,Y,,1500.0,,39.15418883,-86.56450754,LOCAL/CITY RD,,,,URBAN,N,N,N,,DAYLIGHT,CLEAR,DRY,,NO JUNCTION INVOLVED,,ASPHALT,ANIMAL/OBJECT IN RDWAY,$10001 TO $25000,RIGHT ANGLE,BASSWOODDR2300BLKW.BLOOMFIELDRD,0,,2022-09-30 08:04:00,2300.0,,
ISP BLOOMINGTON 33,2.022E+11,MONROE,VAN BUREN,BLOOMINGTON,2,,2,0,0,,W 3RD ST,,,,,W 3RD ST,W 3RD ST,,,,N,,0.0,,39.16313288,-86.6291451,ST RD,,,,RURAL,N,N,N,,DARK (NOT LIGHTED),CLEAR,DRY,,T-INTERSECTION,,ASPHALT,LEFT OF CENTER,$10001 TO $25000,OPPOSITE DIRECTION SIDESWIPE,W 3RDSTW 3RDST,0,,2022-03-15 07:05:00,,,
BLOOMINGTON PD,B22-12763,MONROE,PERRY,BLOOMINGTON,2,,0,0,0,,ST RD 446,,,,,ST RD 446,E BILL MALLORY BLVD,,,,Y,,0.0,,39.15927405,-86.47158569,LOCAL/CITY RD,,,,URBAN,N,N,N,,DAYLIGHT,CLOUDY,DRY,,T-INTERSECTION,,ASPHALT,FOLLOWING TOO CLOSELY,$5001 TO $10000,REAR END,STATERD446EBILLMALLORYBLVD,0,,2022-04-12 16:29:00,,,
INDIANA UNIV BLOOMINGTON PD,222041,MONROE,BLOOMINGTON,BLOOMINGTON,2,,0,0,0,,E 10TH ST,,,,,E 10TH ST,ST RD 45,,,,N,,0.0,,39.17165341,-86.50209647,,,,,URBAN,N,N,N,,DAYLIGHT,CLEAR,DRY,,FOUR-WAY INTERSECTION,,ASPHALT,FOLLOWING TOO CLOSELY,UNDER $1001,REAR END,STATERD45E 10THST,0,,2022-06-03 00:00:00,,,
MONROE SD,M22A10089,MONROE,VAN BUREN,BLOOMINGTON,2,,0,0,0,,W ST RD 45,,,,,W ST RD 45,,,,,Y,,0.0,,39.14231652,-86.58140725,PRIVATE DR,,,,URBAN,N,N,N,,DAYLIGHT,CLOUDY,DRY,,NO JUNCTION INVOLVED,,ASPHALT,FAILURE TO YIELD RIGHT OF WAY,$1001 TO $2500,LEFT TURN,WSTATERD45,0,,2022-05-03 16:48:00,,,
BLOOMINGTON PD,B22-19288,MONROE,BLOOMINGTON,BLOOMINGTON,2,,0,0,0,,S WALNUT ST,,,,,S WALNUT ST,W KIRKWOOD AVE,,,,N,,0.0,,39.16655372,-86.5336278,LOCAL/CITY RD,,,,URBAN,N,N,N,,DAYLIGHT,CLEAR,DRY,,NO JUNCTION INVOLVED,,ASPHALT,FAILURE TO YIELD RIGHT OF WAY,$1001 TO $2500,OTHER - EXPLAIN IN NARRATIVE,WKIRKWOODAVESWALNUTST,0,,2022-05-25 13:30:00,,,
ISP BLOOMINGTON 33,2.022E+11,MONROE,VAN BUREN,BLOOMINGTON,1,,0,0,0,,I-69 S,,,,,I-69 S,,,,,N,,0.0,,39.07843379,-86.58290202,INTERSTATE,,,,RURAL,N,Y,N,,DAYLIGHT,CLEAR,DRY,,NO JUNCTION INVOLVED,,ASPHALT,ANIMAL/OBJECT IN RDWAY,$10001 TO $25000,COLLISION WITH DEER,SINTERSTATE69,0,,2022-08-12 08:37:00,,,
BLOOMINGTON PD,B22-05616,MONROE,BLOOMINGTON,BLOOMINGTON,2,,0,0,0,,W 15TH ST,,,,,W 15TH ST,N COLLEGE AVE,,,,Y,,0.0,,39.17685034,-86.53476782,LOCAL/CITY RD,,,,URBAN,N,N,N,,DAWN/DUSK,CLEAR,DRY,,FOUR-WAY INTERSECTION,,ASPHALT,FAILURE TO YIELD RIGHT OF WAY,$1001 TO $2500,REAR END,W15THSTNCOLLEGEAVE,0,,2022-02-19 18:03:00,,,
BLOOMINGTON PD,B22-07968,MONROE,BLOOMINGTON,BLOOMINGTON,2,,0,0,0,,N WALNUT ST,,,,,N WALNUT ST,ST RD 45/46 BYPASS,,,,Y,,300.0,,39.186268,-86.534589,ST RD,,,,URBAN,N,N,N,,DAYLIGHT,CLEAR,DRY,,FOUR-WAY INTERSECTION,,ASPHALT,FAILURE TO YIELD RIGHT OF WAY,$5001 TO $10000,RIGHT ANGLE,ST RD 45/46BYPASSN.WALNUTST,0,,2022-03-10 11:02:00,,,
BLOOMINGTON PD,B22-12719,MONROE,PERRY,BLOOMINGTON,2,,0,0,0,,S COLLEGE MALL RD,,,,,S COLLEGE MALL RD,E 2ND ST,,,,Y,,0.0,,39.16286087,-86.49861164,LOCAL/CITY RD,,,,URBAN,N,N,N,,DAYLIGHT,CLOUDY,WET,,FOUR-WAY INTERSECTION,,ASPHALT,FOLLOWING TOO CLOSELY,$1001 TO $2500,REAR END,SCOLLEGEMALLRDE 2NDST,0,,2022-04-12 09:00:00,,,
BLOOMINGTON PD,B22-31642,MONROE,PERRY,BLOOMINGTON,2,,0,0,0,2785,S WALNUT ST PK,,,,,S WALNUT ST PK,,,,,Y,,0.0,,39.13671681,-86.52883126,PRIVATE DR,,,,URBAN,N,N,N,,DAYLIGHT,CLEAR,DRY,,NO JUNCTION INVOLVED,,ASPHALT,UNSAFE BACKING,$2501 TO $5000,BACKING CRASH,SWALNUTSTPK,0,,2022-08-14 18:45:00,,,
MONROE SD,M22A24041,MONROE,RICHLAND,BLOOMINGTON,2,,0,0,0,,ST RD 46,,,,,ST RD 46,W ARLINGTON RD,,,,N,,0.0,,39.20764343,-86.57986709,ST RD,,,,URBAN,N,Y,N,,DAYLIGHT,CLEAR,DRY,,FOUR-WAY INTERSECTION,,ASPHALT,FAILURE TO YIELD RIGHT OF WAY,$10001 TO $25000,RIGHT ANGLE,WARLINGTONRDSTATERD46,0,,2022-09-30 09:22:00,,,
MONROE SD,M22A24571,MONROE,PERRY,BLOOMINGTON,3,,0,0,0,4011,S MONROE MEDICAL PARK BLVD,,,,,S MONROE MEDICAL PARK BLVD,,,,,N,,0.0,,39.12104033,-86.57253328,PRIVATE DR,,,,RURAL,N,N,N,,DARK (LIGHTED),CLEAR,DRY,,NO JUNCTION INVOLVED,,ASPHALT,OTHER (DRIVER) - EXPLAIN IN NARRATIVE,$5001 TO $10000,OTHER - EXPLAIN IN NARRATIVE,SMONROEMEDICALPARKBLVD,0,,2022-10-06 20:12:00,,,
BLOOMINGTON PD,B22-19371,MONROE,PERRY,BLOOMINGTON,2,,2,0,0,,E 2ND ST,,,,,E 2ND ST,S EAGLESON AVE,,,,Y,,0.0,,0.0,0.0,LOCAL/CITY RD,,,,URBAN,N,N,N,,DAYLIGHT,RAIN,WET,,FOUR-WAY INTERSECTION,,ASPHALT,FAILURE TO YIELD RIGHT OF WAY,$5001 TO $10000,RIGHT ANGLE,S.EAGLESONAVEE 2NDST,0,,2022-05-26 08:27:00,,,
BLOOMINGTON PD,B22-29814,MONROE,BLOOMINGTON,BLOOMINGTON,1,,0,0,0,,N COLLEGE AVE,,,,,N COLLEGE AVE,W 11TH ST,,,,Y,,0.0,,39.17329869,-86.53485048,LOCAL/CITY RD,,,,URBAN,N,N,N,,DAYLIGHT,CLEAR,DRY,,FIVE POINT OR MORE,,ASPHALT,DISREGARD SIGNAL/REG SIGN,$1001 TO $2500,SAME DIRECTION SIDESWIPE,W11THSTNCOLLEGEAVE,1,,2022-08-03 09:03:00,,,
MONROE SD,M22A8152,MONROE,BEAN BLOSSOM,ELLETTSVILLE,2,,0,0,0,,W ST RD 46,,,,,W ST RD 46,W HEDRICK RD,,,,N,,0.0,,39.27755,-86.677262,ST RD,,,,RURAL,N,Y,N,,DAYLIGHT,CLEAR,DRY,,NO JUNCTION INVOLVED,,ASPHALT,LEFT OF CENTER,$5001 TO $10000,OPPOSITE DIRECTION SIDESWIPE,WST RD 46 WHEDRICKRD,0,,2022-04-11 11:53:00,,,
ELLETTSVILLE PD,E2203937,MONROE,RICHLAND,ELLETTSVILLE,2,0.0,0,0,0,,,,ST RD 46 W,,,ST RD 46 W,HARTSTRAIT,,,,Y,,100.0,W,39.227624,-86.61591033,ST RD,,N,N,URBAN,Y,N,N,,DAYLIGHT,CLEAR,DRY,,NO JUNCTION INVOLVED,STRAIGHT/LEVEL,ASPHALT,FOLLOWING TOO CLOSELY,$5001 TO $10000,REAR END,HARTSTRAITRDST RD 46 W,0,NONE,2022-09-30 13:56:00,,,
BLOOMINGTON PD,B22-41470,MONROE,BLOOMINGTON,BLOOMINGTON,2,,0,0,0,,W 3RD ST,,,,,W 3RD ST,S PATTERSON DR,,,,Y,,500.0,,39.16456551,-86.55142764,LOCAL/CITY RD,,,,URBAN,N,N,N,,DAYLIGHT,CLEAR,DRY,,T-INTERSECTION,,ASPHALT,FOLLOWING TOO CLOSELY,$2501 TO $5000,REAR END,W 3RDSTSPATTERSONDR,0,,2022-10-08 10:16:00,,,
BLOOMINGTON PD,B22-07531,MONROE,BLOOMINGTON,BLOOMINGTON,2,,0,0,0,,N WALNUT ST,,,,,N WALNUT ST,E 8TH ST,,,,N,,0.0,,39.16942813,-86.53351254,LOCAL/CITY RD,,,,URBAN,N,N,N,,DARK (LIGHTED),CLEAR,DRY,,FOUR-WAY INTERSECTION,,ASPHALT,IMPROPER TURNING,$2501 TO $5000,LEFT TURN,NWALNUTSTE8THST,0,,2022-03-06 07:36:00,,,
BLOOMINGTON PD,B22-02966,MONROE,VAN BUREN,BLOOMINGTON,2,,0,0,0,,3800 W 3RD ST,,,,,W 3RD ST,S LIBERTY DR,,,,Y,,500.0,,39.165885,-86.582241,LOCAL/CITY RD,,,,URBAN,N,N,N,,DAYLIGHT,SNOW,WET,,NO JUNCTION INVOLVED,,ASPHALT,UNSAFE LN MOVEMENT,$2501 TO $5000,SAME DIRECTION SIDESWIPE,S.LIBERTYDR3800BLKW.3RDST,0,,2022-01-27 11:24:00,3800.0,,
MONROE SD,M22A9926,MONROE,CLEAR CREEK,BLOOMINGTON,1,,0,0,0,,S ROGERS ST,,,,,S ROGERS ST,W CHURCH LN,,,,N,,0.0,,39.10598514,-86.54023584,LOCAL/CITY RD,,,,RURAL,N,N,N,,DARK (NOT LIGHTED),CLOUDY,DRY,,NO JUNCTION INVOLVED,,ASPHALT,OTHER (DRIVER) - EXPLAIN IN NARRATIVE,$5001 TO $10000,RAN OFF RD,WCHURCHLNSROGERSST,0,,2022-05-01 22:30:00,,,
BLOOMINGTON PD,B22-03366,MONROE,PERRY,BLOOMINGTON,3,,0,0,0,,W TAPP RD,,,,,W TAPP RD,S ROCKPORT RD,,,,Y,,0.0,,39.13638569,-86.54881895,LOCAL/CITY RD,,,,URBAN,N,N,N,,DAYLIGHT,CLEAR,DRY,,FOUR-WAY INTERSECTION,,ASPHALT,DISREGARD SIGNAL/REG SIGN,$2501 TO $5000,LEFT TURN,WTAPPRDSROCKPORTRD,0,,2022-01-30 15:34:00,,,
BLOOMINGTON PD,B22-36337,MONROE,BLOOMINGTON,BLOOMINGTON,2,,0,0,0,,N COLLEGE AVE,,,,,N COLLEGE AVE,,,,,Y,,0.0,,39.17124171,-86.53513285,PRIVATE DR,,,,URBAN,N,N,N,,UNKNOWN,CLEAR,DRY,,NO JUNCTION INVOLVED,,ASPHALT,UNSAFE BACKING,UNDER $1001,OPPOSITE DIRECTION SIDESWIPE,NCOLLEGEAVE,0,,2022-09-09 07:50:00,,,
BLOOMINGTON PD,B22-02285,MONROE,BLOOMINGTON,BLOOMINGTON,2,,0,0,0,,S ROGERS ST,,,,,S ROGERS ST,W 4TH ST,,,,Y,,0.0,,39.16558656,-86.53869815,LOCAL/CITY RD,,,,URBAN,N,N,N,,DAYLIGHT,CLEAR,DRY,,FOUR-WAY INTERSECTION,,ASPHALT,FAILURE TO YIELD RIGHT OF WAY,$1001 TO $2500,RIGHT ANGLE,W4THSTSROGERSST,0,,2022-01-21 03:18:00,,,
MONROE SD,M22A2376,MONROE,PERRY,BLOOMINGTON,1,,0,1,0,,ST RD 37,,,,,ST RD 37,E MONROE DAM RD,,,,N,,1700.0,,39.01531224,-86.5370525,ST RD,,,,RURAL,N,N,N,,DARK (NOT LIGHTED),CLEAR,DRY,,NO JUNCTION INVOLVED,,ASPHALT,OTHER (DRIVER) - EXPLAIN IN NARRATIVE,$5001 TO $10000,RAN OFF RD,STATERD37EMONROEDAMRD,0,,2022-01-31 05:49:00,,,
BLOOMINGTON PD,B22-11883,MONROE,PERRY,BLOOMINGTON,2,,0,0,0,,E UNIVERSITY ST,,,,,E UNIVERSITY ST,S EAGLESON AVE,,,,Y,,0.0,,39.16015886,-86.51644806,LOCAL/CITY RD,,,,RURAL,N,N,N,,DAYLIGHT,CLEAR,DRY,,FOUR-WAY INTERSECTION,,ASPHALT,FAILURE TO YIELD RIGHT OF WAY,$2501 TO $5000,RIGHT ANGLE,SEAGLESON AVEAVEEUNIVERSITYST,0,,2022-04-06 15:35:00,,,
INDIANA UNIV BLOOMINGTON PD,222146,MONROE,BLOOMINGTON,BLOOMINGTON,2,,0,0,0,,ST RD 45/46,,,,,ST RD 45/46,E 10TH ST,,,,Y,,0.0,,39.17174254,-86.50241769,ST RD,,,,URBAN,N,N,N,,DAYLIGHT,CLEAR,DRY,,FOUR-WAY INTERSECTION,,ASPHALT,DRIVER DISTRACTED - EXPLAIN IN NARRATIVE,$2501 TO $5000,REAR END,STATERD45/46E 10THST,0,,2022-06-14 11:00:00,,,
BLOOMINGTON PD,B22-03888,MONROE,BLOOMINGTON,BLOOMINGTON,2,,0,0,0,,N COLLEGE AVE,,,,,N COLLEGE AVE,ST RD 46 BYPASS,,,,Y,,0.0,,39.18635151,-86.53446454,LOCAL/CITY RD,,,,URBAN,N,N,N,,DAYLIGHT,CLEAR,SNOW/SLUSH,,FOUR-WAY INTERSECTION,,ASPHALT,FAILURE TO YIELD RIGHT OF WAY,$2501 TO $5000,RIGHT ANGLE,ST RD 46BYPASSNCOLLEGEAVE,0,,2022-02-04 17:08:00,,,
BLOOMINGTON PD,B22-24694,MONROE,RICHLAND,BLOOMINGTON,2,,0,0,0,3910,W 3RD ST,,,,,W 3RD ST,S CURRY PK,,,,Y,,0.0,,39.16503854,-86.58228143,PRIVATE DR,,,,URBAN,N,N,N,,DAYLIGHT,CLEAR,DRY,,T-INTERSECTION,,ASPHALT,UNSAFE BACKING,$1001 TO $2500,BACKING CRASH,W 3RDSTSCURRYPK,0,,2022-06-30 13:10:00,,,
BLOOMINGTON PD,B22-37930,MONROE,BLOOMINGTON,BLOOMINGTON,2,,0,0,0,,W ST RD 45/46,,,,,W ST RD 45/46,N MONROE ST,,,,Y,,1000.0,,0.0,0.0,ST RD,,,,URBAN,N,N,N,,DAYLIGHT,CLOUDY,DRY,,NO JUNCTION INVOLVED,,CONCRETE,FAILURE TO YIELD RIGHT OF WAY,$5001 TO $10000,SAME DIRECTION SIDESWIPE,WST RD 45/46BYPASSN.MONROEST,0,,2022-09-19 11:30:00,,,
MONROE SD,M22A20556,MONROE,PERRY,BLOOMINGTON,1,,0,0,0,,S FAIRFAX RD,,,,,S FAIRFAX RD,E BERNICE DR,,,,N,,900.0,,39.06594854,-86.50179274,LOCAL/CITY RD,,,,URBAN,N,N,N,,DAYLIGHT,CLEAR,DRY,,NO JUNCTION INVOLVED,,ASPHALT,FAILURE TO MAINTAIN LN,$10001 TO $25000,RAN OFF RD,SFAIRFAXRDEBERNICEDR,0,,2022-08-22 18:50:00,,,
MONROE SD,M22A4977,MONROE,PERRY,,2,,0,0,0,,S ST RD 37,,,,,S ST RD 37,ST RD 37,,,,N,,0.0,,39.08568808,-86.54243877,ST RD,,,,URBAN,N,N,N,,DAYLIGHT,CLEAR,DRY,,T-INTERSECTION,,ASPHALT,IMPROPER PASSING,$2501 TO $5000,SAME DIRECTION SIDESWIPE,STATERD37SOLDSTATERD37,0,,2022-03-02 17:42:00,,,
MONROE SD,M22A6166,MONROE,WASHINGTON,UNIONVILLE(MONROE),1,,1,0,0,,N MILLER RD,,,,,N MILLER RD,E ROBINSON RD,,,,N,,0.0,,39.25111384,-86.47002824,LOCAL/CITY RD,,,,RURAL,N,N,N,,DARK (NOT LIGHTED),CLEAR,DRY,,NO JUNCTION INVOLVED,,ASPHALT,OTHER (DRIVER) - EXPLAIN IN NARRATIVE,$2501 TO $5000,OTHER - EXPLAIN IN NARRATIVE,NMILLERRDEROBINSONRD,0,,2022-03-17 20:00:00,,,
MONROE SD,M22A20508,MONROE,PERRY,BLOOMINGTON,3,,1,0,0,,S WICKENS ST,,,,,S WICKENS ST,W HENNESSEY ST,,,,N,,200.0,,39.12632535,-86.55273837,,,,,URBAN,N,N,N,,DAYLIGHT,CLEAR,DRY,,NO JUNCTION INVOLVED,,ASPHALT,UNSAFE SPEED,$2501 TO $5000,OPPOSITE DIRECTION SIDESWIPE,WHENNESSEYSTSWICKENSST,0,,2022-08-22 08:39:00,,True,
BLOOMINGTON PD,B22-23613,MONROE,BLOOMINGTON,BLOOMINGTON,2,,0,0,0,,I-69 SB ON-RAMP,,,,,I-69 SB ON-RAMP,ST RD 45/46 BYPASS,,120.0,,Y,,0.0,,39.18342992,-86.55683766,INTERSTATE,,,,URBAN,N,N,N,,DAYLIGHT,CLEAR,DRY,,NO JUNCTION INVOLVED,,ASPHALT,FAILURE TO YIELD RIGHT OF WAY,$1001 TO $2500,SAME DIRECTION SIDESWIPE,STATERD45/46BYPASSI-69SBON-RAMP,0,,2022-06-23 17:32:00,,,
BLOOMINGTON PD,B22-27289,MONROE,BLOOMINGTON,BLOOMINGTON,2,,0,0,0,,N WOODBURN AVE,,,,,N WOODBURN AVE,W 17TH ST,,,,Y,,0.0,,39.17901521,-86.53594441,LOCAL/CITY RD,,,,URBAN,N,N,N,,DARK (LIGHTED),CLEAR,DRY,,FOUR-WAY INTERSECTION,,CONCRETE,FAILURE TO YIELD RIGHT OF WAY,$10001 TO $25000,RIGHT ANGLE,W17THSTNWOODBURNAVE,0,,2022-07-16 21:35:00,,,
MONROE SD,M22A21112,MONROE,VAN BUREN,BLOOMINGTON,2,,0,0,0,,S HARMONY RD,,,,,S HARMONY RD,KOONTZ RD,,,,N,,500.0,,39.079143,-86.630418,LOCAL/CITY RD,,,,RURAL,N,N,N,,DAYLIGHT,CLEAR,DRY,,NO JUNCTION INVOLVED,,ASPHALT,LEFT OF CENTER,UNDER $1001,OPPOSITE DIRECTION SIDESWIPE,SHARMONYRDKOONTZRD,0,,2022-08-28 18:25:00,,,
MONROE SD,M22A18631,MONROE,,,2,,0,0,0,1600,1600 E HILLSIDE DR,,,,,E HILLSIDE DR,,,,,Y,,0.0,,39.15049982,-86.51361173,,,,,URBAN,N,N,N,,DAYLIGHT,CLEAR,DRY,,NO JUNCTION INVOLVED,,ASPHALT,OTHER (DRIVER) - EXPLAIN IN NARRATIVE,$1001 TO $2500,OTHER - EXPLAIN IN NARRATIVE,1600EHILLSIDEDR,0,,2022-08-01 12:33:00,1600.0,,
INDIANA UNIV BLOOMINGTON PD,223198,MONROE,BLOOMINGTON,BLOOMINGTON,1,,1,0,0,,E 10TH ST,,,,,E 10TH ST,,,,,Y,,0.0,,39.17163421,-86.51096932,PRIVATE DR,,,,URBAN,N,N,N,,DARK (NOT LIGHTED),CLEAR,DRY,,NO JUNCTION INVOLVED,,ASPHALT,FAILURE TO YIELD RIGHT OF WAY,$1001 TO $2500,LEFT TURN,E 10THST,1,,2022-09-09 20:15:00,,,
MONROE SD,M22A8036,MONROE,RICHLAND,BLOOMINGTON,1,,0,0,0,,W WOODYARD,,,,,W WOODYARD,N SMITH PK,,,,N,,0.0,,39.19065199,-86.58313284,LOCAL/CITY RD,,,,URBAN,N,N,Y,WORK ON SHOULDER,DARK (NOT LIGHTED),CLEAR,DRY,,T-INTERSECTION,,ASPHALT,UNSAFE SPEED,$2501 TO $5000,RAN OFF RD,WWOODYARDRDNSMITHPK,0,,2022-04-09 21:17:00,,,
INDIANA UNIV BLOOMINGTON PD,223631,MONROE,BLOOMINGTON,BLOOMINGTON,2,,0,0,0,1320,E 10TH ST,,,,,E 10TH ST,,,,,Y,,0.0,,39.17006039,-86.51669001,PRIVATE DR,,,,URBAN,N,N,N,,DAYLIGHT,CLEAR,DRY,,NO JUNCTION INVOLVED,,ASPHALT,UNSAFE SPEED,$5001 TO $10000,BACKING CRASH,EAST10THST,0,,2022-09-28 14:55:00,,,
BLOOMINGTON PD,B22-05053,MONROE,BLOOMINGTON,BLOOMINGTON,1,,0,0,0,,2200 S WALNUT ST,,,,,S WALNUT ST,,,,,Y,,0.0,,39.14031716,-86.53126627,LOCAL/CITY RD,,,,URBAN,N,N,N,,DARK (LIGHTED),CLOUDY,DRY,,NO JUNCTION INVOLVED,,ASPHALT,DRIVER DISTRACTED - EXPLAIN IN NARRATIVE,$10001 TO $25000,COLLISION WITH OBJECT IN RD,2200S.WALNUTST,0,,2022-02-14 19:14:00,2200.0,,
BLOOMINGTON PD,B22-04500,MONROE,PERRY,BLOOMINGTON,2,,0,0,0,,E COVENANTER DR,,,,,E COVENANTER DR,S COLLEGE MALL RD,,,,Y,,0.0,,39.15516457,-86.49742088,LOCAL/CITY RD,,,,URBAN,N,N,N,,DAYLIGHT,CLEAR,ICE,,FOUR-WAY INTERSECTION,,ASPHALT,FAILURE TO YIELD RIGHT OF WAY,$2501 TO $5000,RIGHT ANGLE,SCOLLEGEMALLRDECOVENANTERDR,0,,2022-02-09 10:23:00,,,
BLOOMINGTON PD,B22-13575,MONROE,BLOOMINGTON,BLOOMINGTON,4,,1,0,0,,W ST RD 45/46,,,,,W ST RD 45/46,N ST RD 37,,,,Y,,53.0,,39.18640979,-86.53498954,ST RD,,,,RURAL,N,N,N,,DAYLIGHT,RAIN,WET,,NO JUNCTION INVOLVED,,CONCRETE,FOLLOWING TOO CLOSELY,$10001 TO $25000,REAR END,WST RD45/46NOLDSTATERD37,0,,2022-04-18 05:44:00,,,
ELLETTSVILLE PD,E2200501,MONROE,RICHLAND,ELLETTSVILLE,3,0.0,0,0,0,,,,ST RD 46 W,,,ST RD 46 W,GRANT,,,,Y,,100.0,W,39.24584897,-86.63834366,ST RD,,N,N,URBAN,N,N,N,,DAYLIGHT,CLEAR,DRY,,NO JUNCTION INVOLVED,STRAIGHT/HILLCREST,ASPHALT,FOLLOWING TOO CLOSELY,$2501 TO $5000,REAR END,GRANTSTST RD 46 W,0,LN CONTROL,2022-02-08 03:29:00,,,
BLOOMINGTON PD,B22-14453,MONROE,BLOOMINGTON,BLOOMINGTON,2,,0,0,0,,S PETE LLIS DR,,,,,S PETE LLIS DR,E 3RD ST,,,,Y,,0.0,,39.16432077,-86.49498886,ST RD,,,,URBAN,N,N,N,,DAYLIGHT,CLEAR,DRY,,T-INTERSECTION,,ASPHALT,FAILURE TO YIELD RIGHT OF WAY,$5001 TO $10000,HEAD ON BETWEEN TWO MOTOR VEHICLES,SPETEELLISDRE 3RDST,0,,2022-04-23 11:20:00,,,
BLOOMINGTON PD,B22-31670,MONROE,PERRY,BLOOMINGTON,2,,0,0,0,2966,E 3RD ST,,,,,E 3RD ST,,,,,Y,,0.0,,39.1627229,-86.49411436,PRIVATE DR,,,,URBAN,N,N,N,,DAYLIGHT,CLOUDY,DRY,,NO JUNCTION INVOLVED,,ASPHALT,OVERCORRECTING/OVERSTEERING,$2501 TO $5000,SAME DIRECTION SIDESWIPE,E 3RDST,0,,2022-08-15 11:18:00,,,
ELLETTSVILLE PD,E2202079,MONROE,RICHLAND,ELLETTSVILLE,2,,0,0,0,,STATE HIGH 46,,,,,STATE HIGH 46,UNIONVALLEY RD,,,,Y,,0.0,,39.2153592,-86.5930113,ST RD,,,,URBAN,N,N,N,,DAYLIGHT,CLEAR,DRY,,FOUR-WAY INTERSECTION,,ASPHALT,FOLLOWING TOO CLOSELY,$1001 TO $2500,REAR END,UNIONVALLEYRDSTATEHIGH46,0,,2022-06-05 18:15:00,,,
ELLETTSVILLE PD,E22-03827,MONROE,RICHLAND,ELLETTSVILLE,2,,0,0,0,,TEMPERANCE ST,,,,,TEMPERANCE ST,SALE ST,,,,Y,,0.0,,39.233762,-86.624752,LOCAL/CITY RD,,,,URBAN,N,N,N,,DAYLIGHT,CLEAR,DRY,,T-INTERSECTION,,ASPHALT,FAILURE TO YIELD RIGHT OF WAY,$1001 TO $2500,SAME DIRECTION SIDESWIPE,TEMPERANCESTSALEST,0,,2022-09-25 11:07:00,,,
BLOOMINGTON PD,B22-13879,MONROE,BLOOMINGTON,BLOOMINGTON,2,,0,0,0,,ST RD 46,,,,,ST RD 46,N KINSER PK,,,,Y,,200.0,,39.18669956,-86.5390196,LOCAL/CITY RD,,,,URBAN,N,N,N,,DAYLIGHT,CLEAR,DRY,,NO JUNCTION INVOLVED,,ASPHALT,FAILURE TO YIELD RIGHT OF WAY,$1001 TO $2500,REAR END,STATERD46NKINSERPK,0,,2022-04-20 16:09:00,,,
BLOOMINGTON PD,B22-24201,MONROE,BLOOMINGTON,BLOOMINGTON,1,,0,0,0,,S LANDMARK AVE,,,,,S LANDMARK AVE,W 3RD ST,,,,Y,,0.0,,39.16430483,-86.55636139,LOCAL/CITY RD,,,,URBAN,N,N,N,,DAYLIGHT,CLEAR,DRY,,FOUR-WAY INTERSECTION,,ASPHALT,DISREGARD SIGNAL/REG SIGN,$1001 TO $2500,SAME DIRECTION SIDESWIPE,W 3RDSTSLANDMARKAVE,1,,2022-06-27 16:59:00,,True,
BLOOMINGTON PD,B22-24166,MONROE,BLOOMINGTON,BLOOMINGTON,2,,1,0,0,3307,W 3RD ST,,,,,W 3RD ST,,,,,Y,,0.0,,39.1634924,-86.57497035,PRIVATE DR,,,,URBAN,N,N,N,,DAYLIGHT,CLEAR,DRY,,NO JUNCTION INVOLVED,,ASPHALT,FAILURE TO YIELD RIGHT OF WAY,$2501 TO $5000,REAR TO REAR,W 3RDST,0,,2022-06-27 12:30:00,,,