Agency,Local Code,County,Township,City,Vehicles Involved,Trailers Involved,Number Injured,Number Dead,Number Deer,House Number,Roadway Name,Roadway Suffix,Roadway Number,Roadway Interchange,Roadway Ramp,Roadway Id,Intersecting Road,Intersecting Road Number,Mile Marker,Interchange,Corporate Limits?,Property Type,Feet From,Direction,Latitude,Longitude,Roadway Class,Traffic Control Devices?,Aggressive Driving?,Hit and Run?,Locality,School Zone?,Rumble Strips?,Construction?,Construction Type,Light Condition,Weather Conditions,Surface Condition,Type of Median,Roadway Junction Type,Road Character,Roadway Surface,Primary Factor,Damage Estimate,Manner of Collision,Unique Location Id,State Property Damage?,Traffic Control,DateTime,Address Number,Cyclist Involved,Pedestrian Involved
MONROE SD,M22A19892,MONROE,PERRY,BLOOMINGTON,2,,0,0,0,,S ST RD 37,,,,,S ST RD 37,S ST RD 37,,,,N,,0.0,,39.08550871,-86.54253074,ST RD,,,,RURAL,N,Y,N,,DARK (NOT LIGHTED),CLEAR,DRY,,FOUR-WAY INTERSECTION,,ASPHALT,FOLLOWING TOO CLOSELY,$1001 TO $2500,REAR END,SSTATERD37SOLDST RD 37,0,,2022-08-15 06:38:00,,,
BLOOMINGTON PD,B22-05040,MONROE,PERRY,,2,,0,0,0,,S ROGERS ST,,,,,S ROGERS ST,W COUNTRY CLUB,,,,Y,,0.0,,39.13591885,-86.5382167,LOCAL/CITY RD,,,,URBAN,N,N,N,,DAYLIGHT,CLEAR,DRY,,FOUR-WAY INTERSECTION,,ASPHALT,FAILURE TO YIELD RIGHT OF WAY,$5001 TO $10000,LEFT TURN,WCOUNTRYCLUBSROGERSST,0,,2022-02-14 16:33:00,,,
INDIANA UNIV BLOOMINGTON PD,223654,MONROE,BLOOMINGTON,BLOOMINGTON,1,,1,0,0,,E 10TH ST,,,,,E 10TH ST,N UNION ST,,1.0,,Y,,170.0,,39.17155955,-86.5101049,LOCAL/CITY RD,,,,URBAN,N,N,N,,DAYLIGHT,CLEAR,DRY,,NO JUNCTION INVOLVED,,ASPHALT,PEDESTRIAN ACTION,UNDER $1001,RIGHT ANGLE,NUNIONSTE 10THST,1,,2022-09-29 12:53:00,,True,
BLOOMINGTON PD,B22-18529,MONROE,PERRY,BLOOMINGTON,2,,0,0,0,,E DODDS ST,,,,,E DODDS ST,S LINCOLN ST,,,,Y,,0.0,,39.157369,-86.531301,LOCAL/CITY RD,,,,URBAN,N,N,N,,DAYLIGHT,CLEAR,DRY,,FOUR-WAY INTERSECTION,,ASPHALT,IMPROPER PASSING,$2501 TO $5000,SAME DIRECTION SIDESWIPE,S.LINCOLNSTEDODDSST,0,,2022-05-20 11:00:00,,,
BLOOMINGTON PD,B22-22975,MONROE,BLOOMINGTON,BLOOMINGTON,2,,0,0,0,,E 17TH ST,,,,,E 17TH ST,N WALNUT ST,,,,Y,,0.0,,39.17898471,-86.53349108,LOCAL/CITY RD,,,,URBAN,N,N,N,,DAYLIGHT,CLEAR,DRY,,FOUR-WAY INTERSECTION,,ASPHALT,FOLLOWING TOO CLOSELY,$2501 TO $5000,REAR END,NWALNUTSTE17THST,0,,2022-06-19 10:36:00,,,
INDIANA UNIV BLOOMINGTON PD,221543,MONROE,BLOOMINGTON,BLOOMINGTON,2,,0,0,0,,N FEE LN,,,,,N FEE LN,N EAGLESON AVE,,,,Y,,0.0,,39.18240177,-86.5191882,LOCAL/CITY RD,,,,URBAN,N,N,N,,DAYLIGHT,CLEAR,DRY,,NO JUNCTION INVOLVED,,ASPHALT,IMPROPER TURNING,$2501 TO $5000,LEFT TURN,NEAGLESON AVEAVENFEELN,0,,2022-04-22 16:00:00,,,
BLOOMINGTON PD,B22-38427,MONROE,BLOOMINGTON,BLOOMINGTON,2,,0,0,0,3021,E 3RD ST,,,,,E 3RD ST,,,,,Y,,0.0,,39.16450724,-86.49345107,PRIVATE DR,,,,URBAN,N,N,N,,DAYLIGHT,CLEAR,DRY,,NO JUNCTION INVOLVED,,ASPHALT,UNSAFE LN MOVEMENT,$2501 TO $5000,BACKING CRASH,E 3RDST,0,,2022-09-22 16:10:00,,,
INDIANA UNIV BLOOMINGTON PD,221600,MONROE,BLOOMINGTON,BLOOMINGTON,2,,0,0,0,,S EAGLESON AVE,,,,,S EAGLESON AVE,N EAGLESON AVE,,,,Y,,0.0,,39.1661425,-86.51644296,LOCAL/CITY RD,,,,URBAN,N,N,N,,DAYLIGHT,CLOUDY,DRY,,NO JUNCTION INVOLVED,,ASPHALT,FOLLOWING TOO CLOSELY,UNDER $1001,REAR END,SEAGLESON AVEAVENEAGLESON AVEAVE,0,,2022-04-25 14:50:00,,,
BLOOMINGTON PD,B22-08426,MONROE,VAN BUREN,BLOOMINGTON,3,,3,0,0,,ST RD 45,,,,,ST RD 45,W BLOOMFIELD RD,,,,N,,0.0,,39.14664537,-86.57457448,ST RD,,,,URBAN,N,N,N,,DAYLIGHT,CLEAR,DRY,,FOUR-WAY INTERSECTION,,ASPHALT,DISREGARD SIGNAL/REG SIGN,$5001 TO $10000,RIGHT ANGLE,WBLOOMFIELDRDSTATERD45,0,,2022-03-13 05:24:00,,,
BLOOMINGTON PD,B22-36098,MONROE,PERRY,BLOOMINGTON,2,,0,0,0,,WALNUT ST,,,,,WALNUT ST,W COUNTRY CLUB DR,,,,Y,,0.0,,39.13598628,-86.53111707,LOCAL/CITY RD,,,,URBAN,N,N,N,,DAYLIGHT,CLEAR,DRY,,FOUR-WAY INTERSECTION,,ASPHALT,FOLLOWING TOO CLOSELY,$2501 TO $5000,REAR END,WALNUTSTWCOUNTRYCLUBDR,0,,2022-09-08 15:05:00,,,
MONROE SD,M22A9536,MONROE,PERRY,BLOOMINGTON,2,,0,0,0,,W CHURCH LN,,,,,W CHURCH LN,S COLLEGE DR,,,,N,,0.0,,39.107275,-86.535093,LOCAL/CITY RD,,,,URBAN,N,N,N,,DAYLIGHT,CLEAR,DRY,,T-INTERSECTION,,ASPHALT,FAILURE TO YIELD RIGHT OF WAY,$10001 TO $25000,RIGHT ANGLE,WCHURCHLNSCOLLEGEDR,0,,2022-04-27 07:23:00,,,
BLOOMINGTON PD,B22-23186,MONROE,BLOOMINGTON,BLOOMINGTON,2,,0,0,0,,N WALNUT ST,,,,,N WALNUT ST,E 10TH ST,,,,Y,,0.0,,,,LOCAL/CITY RD,,,,URBAN,N,N,Y,LN CLOSURE,DAYLIGHT,CLEAR,DRY,,FOUR-WAY INTERSECTION,,ASPHALT,UNSAFE LN MOVEMENT,$2501 TO $5000,SAME DIRECTION SIDESWIPE,N.WALNUTSTE 10THST,0,,2022-06-21 08:33:00,,,
ISP BLOOMINGTON 33,2.022E+11,MONROE,VAN BUREN,BLOOMINGTON,2,,0,0,0,,W ST RD 45,,,,,W ST RD 45,S BREEDEN RD,,,,N,,0.0,,39.08677823,-86.67187856,ST RD,,,,RURAL,N,N,Y,INTERMITTENT OR MOVING WORK,DAYLIGHT,RAIN,WET,,T-INTERSECTION,,ASPHALT,UNSAFE SPEED,$5001 TO $10000,REAR END,WSTATERD45SBREEDENRD,0,,2022-04-21 10:08:00,,,
ELLETTSVILLE PD,E2201659,MONROE,RICHLAND,ELLETTSVILLE,2,0.0,0,0,0,,,,ST RD 46 W,,,ST RD 46 W,SALE,,,,Y,,,,39.23384,-86.624704,ST RD,Y,N,N,URBAN,N,N,N,,DAYLIGHT,CLEAR,DRY,,FOUR-WAY INTERSECTION,STRAIGHT/LEVEL,ASPHALT,UNSAFE BACKING,UNDER $1001,BACKING CRASH,SALESTST RD 46 W,0,TRAFFIC CONTROL SIGNAL,2022-05-03 14:49:00,,,
ELLETTSVILLE PD,E2201200,MONROE,RICHLAND,ELLETTSVILLE,2,0.0,0,0,0,,,,ST RD 46 W,,,ST RD 46 W,LAKEVIEW,,,,Y,,,,39.221152,-86.6056,ST RD,,N,N,URBAN,N,Y,N,,DAYLIGHT,CLEAR,DRY,,NO JUNCTION INVOLVED,STRAIGHT/LEVEL,ASPHALT,FAILURE TO YIELD RIGHT OF WAY,$10001 TO $25000,LEFT TURN,LAKEVIEWDRST RD 46 W,0,STOP SIGN,2022-04-04 14:21:00,,,
BLOOMINGTON PD,B22-48021,MONROE,BLOOMINGTON,BLOOMINGTON,2,,1,0,0,,E 3RD ST,,,,,E 3RD ST,S COLLEGE MALL RD,,,,Y,,0.0,,39.16428502,-86.49829163,,,,,URBAN,N,N,N,,DARK (NOT LIGHTED),CLEAR,DRY,,FOUR-WAY INTERSECTION,,ASPHALT,FOLLOWING TOO CLOSELY,UNDER $1001,REAR END,SOUTHCOLLEGEMALLRDE 3RDST,0,,2022-11-17 21:00:00,,,
BLOOMINGTON PD,B22-52271,MONROE,PERRY,BLOOMINGTON,2,,0,0,0,,S HENDERSON ST,,,,,S HENDERSON ST,E SOUTHERN DR,,,,Y,,0.0,,39.14975923,-86.52694133,LOCAL/CITY RD,,,,URBAN,N,N,N,,DAYLIGHT,CLOUDY,DRY,,T-INTERSECTION,,ASPHALT,FOLLOWING TOO CLOSELY,$1001 TO $2500,REAR END,SHENDERSONSTESOUTHERNDR,0,,2022-12-16 15:19:00,,,
MONROE SD,M22A28337,MONROE,BEAN BLOSSOM,BLOOMINGTON,2,,0,0,0,,W ST RD 46,,,,,W ST RD 46,CENTENNIAL DR,,,,N,,634.0,,39.20918254,-86.58172525,ST RD,,,,URBAN,N,N,N,,DAYLIGHT,CLOUDY,DRY,,NO JUNCTION INVOLVED,,ASPHALT,FAILURE TO YIELD RIGHT OF WAY,$2501 TO $5000,LEFT/RIGHT TURN,WSTATERD46CENTENNIALDR,0,,2022-11-18 15:50:00,,,
BLOOMINGTON PD,B22-45246,MONROE,,BLOOMINGTON,2,,0,0,0,,E 7TH ST,,,,,E 7TH ST,N DUNN ST,,,,Y,,0.0,,39.168516,-86.52827,,,,,URBAN,N,N,N,,DARK (LIGHTED),CLEAR,DRY,,FOUR-WAY INTERSECTION,,ASPHALT,DISREGARD SIGNAL/REG SIGN,$10001 TO $25000,RIGHT ANGLE,NDUNNSTE7THST,0,,2022-10-29 21:52:00,,,
INDIANA UNIV BLOOMINGTON PD,224824,MONROE,BLOOMINGTON,BLOOMINGTON,2,,0,0,0,,E 10TH ST,,,,,E 10TH ST,E 10TH ST,,,,Y,,0.0,,39.1719588,-86.50248743,ST RD,,,,URBAN,N,N,N,,DARK (NOT LIGHTED),RAIN,WET,,FOUR-WAY INTERSECTION,,ASPHALT,FOLLOWING TOO CLOSELY,$2501 TO $5000,REAR END,E 10THSTE 10THST,0,,2022-12-08 20:10:00,,,
MONROE SD,M22A25916,MONROE,WASHINGTON,BLOOMINGTON,1,,0,0,1,,W SYLVAN LN,,,,,W SYLVAN LN,SYLVAN LN,,,,N,,0.0,,39.30853089,-86.51582129,LOCAL/CITY RD,,,,RURAL,N,N,N,,DARK (NOT LIGHTED),CLEAR,DRY,,NO JUNCTION INVOLVED,,ASPHALT,ANIMAL/OBJECT IN RDWAY,$2501 TO $5000,COLLISION WITH DEER,WSYLVANLNSYLVANLN,0,,2022-10-22 05:00:00,,,
MONROE SD,M22A26191,MONROE,RICHLAND,ELLETTSVILLE,1,,0,0,0,,N WILLOW BEND,,,,,N WILLOW BEND,N CRESTWOOD DR,,,,Y,,0.0,,39.21733404,-86.59398418,PRIVATE DR,,,,URBAN,N,N,N,,DAYLIGHT,CLOUDY,DRY,,NO JUNCTION INVOLVED,,ASPHALT,OTHER (VEHICLE) - EXPLAIN IN NARRATIVE,$2501 TO $5000,OTHER - EXPLAIN IN NARRATIVE,NWILLOWBENDNCRESTWOODDR,0,,2022-10-25 10:30:00,,,
BLOOMINGTON PD,B22-45463,MONROE,PERRY,BLOOMINGTON,1,,0,0,0,,S HIGH ST,,,,,S HIGH ST,E ATWATER ST,,,,Y,,200.0,,39.1632665,-86.5272601,LOCAL/CITY RD,,,,URBAN,Y,N,N,,DAYLIGHT,RAIN,WET,,NO JUNCTION INVOLVED,,ASPHALT,DRIVER DISTRACTED - EXPLAIN IN NARRATIVE,$5001 TO $10000,NON-COLLISION,S.HIGHSTEATWATERST,0,,2022-10-31 10:57:00,,,
BLOOMINGTON PD,B22-48782,MONROE,BLOOMINGTON,BLOOMINGTON,1,,0,0,0,,S MADISON ST,,,,,S MADISON ST,W 3RD ST,,,,Y,,0.0,,39.16463441,-86.53740498,LOCAL/CITY RD,,,,URBAN,N,N,N,,DARK (NOT LIGHTED),CLEAR,DRY,,NO JUNCTION INVOLVED,,ASPHALT,OTHER (DRIVER) - EXPLAIN IN NARRATIVE,$2501 TO $5000,RAN OFF RD,W 3RDSTSMADISONST,0,,2022-11-22 23:24:00,,,
BLOOMINGTON PD,B22-45454,MONROE,BLOOMINGTON,BLOOMINGTON,2,,0,0,0,,S WALNUT ST,,,,,S WALNUT ST,E MILLER DR.,,,,Y,,0.0,,39.146897,-86.532597,LOCAL/CITY RD,,,,URBAN,N,N,N,,DAYLIGHT,CLOUDY,WET,,T-INTERSECTION,,ASPHALT,DISREGARD SIGNAL/REG SIGN,$1001 TO $2500,RIGHT ANGLE,SWALNUTSTEMILLERDR.,0,,2022-10-31 09:25:00,,,
BLOOMINGTON PD,B22-47799,MONROE,PERRY,BLOOMINGTON,2,,1,0,0,,E RHORER RD,,,,,E RHORER RD,S SARE RD,,,,Y,,600.0,,39.12146279,-86.51309352,LOCAL/CITY RD,,,,URBAN,N,N,N,,DAYLIGHT,SNOW,WET,,NO JUNCTION INVOLVED,,ASPHALT,FOLLOWING TOO CLOSELY,$5001 TO $10000,REAR END,SSARERDERHORERRD,0,,2022-11-16 11:59:00,,,
MONROE SD,M22A27488,MONROE,PERRY,BLOOMINGTON,2,,0,0,0,,S ST RD 37,,,,,S ST RD 37,E MPIRE MILL RD,,,,N,,0.0,,39.08618505,-86.54221662,LOCAL/CITY RD,,,,RURAL,N,N,N,,DARK (NOT LIGHTED),CLEAR,DRY,,T-INTERSECTION,,ASPHALT,FAILURE TO YIELD RIGHT OF WAY,$5001 TO $10000,RIGHT ANGLE,SOLDSTATERD37EEMPIREMILLRD,0,,2022-11-08 18:51:00,,,
BLOOMINGTON PD,B22-52945,MONROE,PERRY,BLOOMINGTON,2,,1,0,0,,S COLLEGE AVE,,,,,S COLLEGE AVE,W 1ST,,,,Y,,0.0,,39.159376,-86.534971,LOCAL/CITY RD,,,,URBAN,N,N,N,,DAYLIGHT,CLEAR,DRY,,FOUR-WAY INTERSECTION,,ASPHALT,DISREGARD SIGNAL/REG SIGN,$5001 TO $10000,RIGHT ANGLE,W.1STSTS.COLLEGEAVE,0,,2022-12-21 10:12:00,,,
BLOOMINGTON PD,B22-47998,MONROE,BLOOMINGTON,BLOOMINGTON,2,,0,0,0,,ST RD 45/46 BYPASS,,,,,ST RD 45/46 BYPASS,N WALNUT ST,,,,Y,,0.0,,39.18640298,-86.53508172,ST RD,,,,URBAN,N,N,N,,DARK (LIGHTED),CLEAR,DRY,,NO JUNCTION INVOLVED,,ASPHALT,FOLLOWING TOO CLOSELY,$10001 TO $25000,REAR END,STATERD45/46BYPASSNWALNUTST,0,,2022-11-17 18:04:00,,,
BLOOMINGTON PD,B22-44034,MONROE,PERRY,BLOOMINGTON,2,,0,0,0,300,S COLLEGE MALL RD,,,,,S COLLEGE MALL RD,,,,,Y,,0.0,,39.16355899,-86.49858184,PRIVATE DR,,,,URBAN,N,N,N,,DAYLIGHT,CLEAR,DRY,,NO JUNCTION INVOLVED,,ASPHALT,FAILURE TO YIELD RIGHT OF WAY,$5001 TO $10000,RIGHT ANGLE,SCOLLEGEMALLRD,0,,2022-10-23 09:15:00,,,
ELLETTSVILLE PD,E22-04384,MONROE,RICHLAND,ELLETTSVILLE,2,,0,0,0,,W ASSOCIATION ST,,,,,W ASSOCIATION ST,S SALE ST,,,,Y,,0.0,,39.23307251,-86.62541497,LOCAL/CITY RD,,,,URBAN,N,N,N,,DAYLIGHT,CLEAR,DRY,,FOUR-WAY INTERSECTION,,CONCRETE,OTHER (DRIVER) - EXPLAIN IN NARRATIVE,$10001 TO $25000,RIGHT ANGLE,WASSOCIATIONSTSSALEST,0,,2022-10-24 14:44:00,,,
BLOOMINGTON PD,B22-41204,MONROE,PERRY,BLOOMINGTON,1,,0,0,0,3100,S WALNUT ST,,,,,S WALNUT ST,,,,,Y,,0.0,,39.12955001,-86.53140678,LOCAL/CITY RD,,,,URBAN,N,N,N,,DARK (LIGHTED),CLOUDY,DRY,,NO JUNCTION INVOLVED,,ASPHALT,UNSAFE BACKING,$5001 TO $10000,BACKING CRASH,SWALNUTST,0,,2022-10-07 02:00:00,,,
BLOOMINGTON PD,B22-45524,MONROE,PERRY,BLOOMINGTON,2,,0,0,0,2966,E 3RD ST,,,,,E 3RD ST,,,,,Y,,0.0,,39.1631064,-86.49384698,PRIVATE DR,,,,URBAN,N,N,N,,DAYLIGHT,CLOUDY,WET,,NO JUNCTION INVOLVED,,ASPHALT,IMPROPER TURNING,$1001 TO $2500,SAME DIRECTION SIDESWIPE,E 3RDST,0,,2022-10-31 17:24:00,,,
BLOOMINGTON PD,B22-49589,MONROE,PERRY,BLOOMINGTON,2,,0,0,0,,612 S ST RD 446,,,,,S ST RD 446,,,,,Y,,0.0,,39.16098083,-86.47205419,PRIVATE DR,,,,URBAN,N,N,N,,UNKNOWN,CLOUDY,DRY,,NO JUNCTION INVOLVED,,ASPHALT,IMPROPER TURNING,$1001 TO $2500,SAME DIRECTION SIDESWIPE,612SSTATERD446,0,,2022-11-29 18:16:00,612.0,,
MONROE SD,M22A30056,MONROE,BLOOMINGTON,BLOOMINGTON,3,,0,0,0,,,,,,,,,,,,Y,,0.0,,39.15884133,-86.57583795,LOCAL/CITY RD,,,,URBAN,N,N,N,,DAYLIGHT,RAIN,WET,,T-INTERSECTION,,ASPHALT,FOLLOWING TOO CLOSELY,$5001 TO $10000,REAR END,,0,,2022-12-08 09:20:00,,,
MONROE SD,M22A27080,MONROE,VAN BUREN,BLOOMINGTON,2,,0,0,0,4100,W PROFILE PKWY,,,,,W PROFILE PKWY,,,,,N,,0.0,,39.17241967,-86.58984194,PRIVATE DR,,,,RURAL,N,N,N,,DAYLIGHT,CLEAR,DRY,,NO JUNCTION INVOLVED,,CONCRETE,OTHER (DRIVER) - EXPLAIN IN NARRATIVE,UNDER $1001,BACKING CRASH,WPROFILEPKWY,0,,2022-11-03 18:48:00,,,
BLOOMINGTON PD,B22-52841,MONROE,PERRY,BLOOMINGTON,2,,1,0,0,,E HILLSIDE DR,,,,,E HILLSIDE DR,S WOODLAWN AVE,,,,Y,,0.0,,39.1505346,-86.52269169,LOCAL/CITY RD,,,,URBAN,N,N,N,,DAYLIGHT,CLEAR,DRY,,FOUR-WAY INTERSECTION,,ASPHALT,FOLLOWING TOO CLOSELY,$5001 TO $10000,REAR END,SWOODLAWNAVEEHILLSIDEDR,0,,2022-12-20 16:03:00,,,
INDIANA UNIV BLOOMINGTON PD,224114,MONROE,BLOOMINGTON,BLOOMINGTON,3,,0,0,0,,ST RD 45/46 BYPASS,,,,,ST RD 45/46 BYPASS,E DISCOVERY PKWY,,,,Y,,581.0,,39.17437338,-86.50388093,ST RD,,,,URBAN,N,N,N,,DAYLIGHT,RAIN,WET,,NO JUNCTION INVOLVED,,ASPHALT,SPEED TOO FAST FOR WEATHER CONDITIONS,$5001 TO $10000,REAR END,STATERD45/46BYPASSEASTDISCOVERYPKWY,0,,2022-10-25 17:15:00,,,
BLOOMINGTON PD,B22-47523,MONROE,BLOOMINGTON,BLOOMINGTON,2,,0,0,0,,S COLLEGE AVE,,,,,S COLLEGE AVE,W KIRKWOOD AVE,,,,Y,,0.0,,39.16653986,-86.53487269,LOCAL/CITY RD,,,,URBAN,N,N,N,,DAYLIGHT,CLEAR,DRY,,FOUR-WAY INTERSECTION,,ASPHALT,FAILURE TO YIELD RIGHT OF WAY,$2501 TO $5000,SAME DIRECTION SIDESWIPE,WKIRKWOODAVESCOLLEGEAVE,0,,2022-11-14 10:38:00,,,
BLOOMINGTON PD,B22-44453,MONROE,PERRY,BLOOMINGTON,3,,0,0,0,,E 2ND ST,,,,,E 2ND ST,S FESS AVE,,,,Y,,0.0,,39.161324,-86.525936,LOCAL/CITY RD,,,,URBAN,N,N,N,,DAYLIGHT,RAIN,WET,,NO JUNCTION INVOLVED,,ASPHALT,SPEED TOO FAST FOR WEATHER CONDITIONS,$5001 TO $10000,SAME DIRECTION SIDESWIPE,SFESSAVEE 2NDST,0,,2022-10-25 16:36:00,,,
MONROE SD,M22A25650,MONROE,BLOOMINGTON,BLOOMINGTON,1,,0,0,1,,W BLOOMFIELD RD,,,,,W BLOOMFIELD RD,S LANDMARK AVE,,,,Y,,0.0,,39.15984267,-86.55398549,LOCAL/CITY RD,,,,URBAN,N,N,N,,DARK (LIGHTED),CLEAR,DRY,,NO JUNCTION INVOLVED,,ASPHALT,ANIMAL/OBJECT IN RDWAY,$2501 TO $5000,COLLISION WITH DEER,WBLOOMFIELDRDSLANDMARKAVE,0,,2022-10-19 02:46:00,,,
BLOOMINGTON PD,B22-47042,MONROE,BLOOMINGTON,BLOOMINGTON,2,,0,0,0,,S CURRY PK,,,,,S CURRY PK,W 3RD ST,,,,Y,,0.0,,39.16467084,-86.58293135,LOCAL/CITY RD,,,,URBAN,N,N,N,,DAYLIGHT,CLEAR,DRY,,FOUR-WAY INTERSECTION,,ASPHALT,FAILURE TO YIELD RIGHT OF WAY,$5001 TO $10000,HEAD ON BETWEEN TWO MOTOR VEHICLES,W 3RDSTSCURRYPK,0,,2022-11-10 16:22:00,,,
MONROE SD,M22A29269,MONROE,BLOOMINGTON,BLOOMINGTON,2,,1,0,0,,W CURRY PK,,,,,W CURRY PK,ST RD 46,,,,Y,,0.0,,39.19368717,-86.57109565,ST RD,,,,URBAN,N,N,N,,DARK (NOT LIGHTED),CLEAR,DRY,,FOUR-WAY INTERSECTION,,ASPHALT,UNSAFE SPEED,UNDER $1001,REAR END,WCURRYPKSTATERD46,0,,2022-11-29 17:27:00,,,
BLOOMINGTON PD,B22-45033,MONROE,PERRY,BLOOMINGTON,2,,0,0,0,,S SARE RD,,,,,S SARE RD,E RHORER RD,,,,Y,,0.0,,39.1214988,-86.5115971,LOCAL/CITY RD,,,,URBAN,N,N,N,,DAYLIGHT,CLEAR,DRY,,T-INTERSECTION,,ASPHALT,FOLLOWING TOO CLOSELY,$1001 TO $2500,REAR END,SSARERDERHORERRD,0,,2022-10-28 17:00:00,,,
BLOOMINGTON PD,N22-44970,MONROE,PERRY,BLOOMINGTON,2,,0,0,0,,S LINCOLN ST,,,,,S LINCOLN ST,E 2ND ST,,,,Y,,422.0,,39.16208883,-86.53122777,LOCAL/CITY RD,,,,URBAN,N,N,N,,DARK (LIGHTED),CLEAR,DRY,,NO JUNCTION INVOLVED,,ASPHALT,OTHER (DRIVER) - EXPLAIN IN NARRATIVE,$1001 TO $2500,OTHER - EXPLAIN IN NARRATIVE,SLINCOLNSTE 2NDST,0,,2022-10-28 01:00:00,,,
MONROE SD,M22A29737,MONROE,VAN BUREN,BLOOMINGTON,1,,0,0,1,,N HARTSTRAIT RD,,,,,N HARTSTRAIT RD,,,,,N,,0.0,,39.17530862,-86.61123223,COUNTY RD,,,,RURAL,N,N,N,,DARK (NOT LIGHTED),CLEAR,DRY,,NO JUNCTION INVOLVED,,ASPHALT,ANIMAL/OBJECT IN RDWAY,$5001 TO $10000,COLLISION WITH DEER,NHARTSTRAITRD,0,,2022-12-05 07:06:00,,,
INDIANA UNIV BLOOMINGTON PD,224938,MONROE,BLOOMINGTON,BLOOMINGTON,2,,0,0,0,,E LAW LN,,,,,E LAW LN,,,,,Y,,0.0,,39.1738635,-86.51069499,PRIVATE DR,,,,URBAN,N,N,N,,DAWN/DUSK,CLEAR,DRY,,NO JUNCTION INVOLVED,,ASPHALT,UNSAFE BACKING,$2501 TO $5000,BACKING CRASH,ELAWLN,0,,2022-12-15 17:27:00,,,
BLOOMINGTON PD,B22-48534,MONROE,PERRY,BLOOMINGTON,1,,0,0,1,,S WEIMER RD,,,,,S WEIMER RD,W SUDBURY DR,,,,Y,,0.0,,39.14737789,-86.56400951,LOCAL/CITY RD,,,,URBAN,N,N,N,,DAWN/DUSK,CLEAR,DRY,,NO JUNCTION INVOLVED,,ASPHALT,ANIMAL/OBJECT IN RDWAY,$5001 TO $10000,COLLISION WITH DEER,WSUDBURYDRSWEIMERRD,0,,2022-11-21 17:48:00,,,
ISP BLOOMINGTON 33,2.022E+11,MONROE,CLEAR CREEK,BLOOMINGTON,1,,1,0,0,,VALLEY MISSION RD,,,,,VALLEY MISSION RD,MONROE DAM RD,,,,N,,0.0,,39.0091989,-86.51009888,COUNTY RD,,,,RURAL,N,N,N,,DAYLIGHT,CLEAR,DRY,,T-INTERSECTION,,ASPHALT,FAILURE TO MAINTAIN LN,$10001 TO $25000,RAN OFF RD,VALLEYMISSIONRDMONROEDAMRD,0,,2022-10-14 11:07:00,,,
BLOOMINGTON PD,B22-53235,MONROE,PERRY,BLOOMINGTON,1,,0,0,0,,S ROGERS ST,,,,,S ROGERS ST,W 2ND ST,,,,Y,,0.0,,39.1615784,-86.53862393,LOCAL/CITY RD,,,,URBAN,N,N,N,,DAYLIGHT,SNOW,SNOW/SLUSH,,FOUR-WAY INTERSECTION,,ASPHALT,RDWAY SURFACE CONDITION,$1001 TO $2500,RAN OFF RD,W 2NDSTSROGERSST,0,,2022-12-23 15:18:00,,,
INDIANA UNIV BLOOMINGTON PD,224445,MONROE,BLOOMINGTON,BLOOMINGTON,1,,1,0,0,,E ATWATER AVE,,,,,E ATWATER AVE,,,,,N,,200.0,,39.16326298,-86.52792122,LOCAL/CITY RD,,,,URBAN,N,N,N,,DAYLIGHT,CLOUDY,DRY,,NO JUNCTION INVOLVED,,ASPHALT,DRIVER ILLNESS,$5001 TO $10000,RAN OFF RD,EATWATERAVE,0,,2022-11-11 11:40:00,,,
ISP BLOOMINGTON 33,2.022E+11,MONROE,BLOOMINGTON,BLOOMINGTON,1,,0,0,0,,I-69,,,,,I-69,,,,,N,,0.0,,39.24916112,-86.53115661,INTERSTATE,,,,RURAL,N,Y,N,,DARK (NOT LIGHTED),CLEAR,DRY,,NO JUNCTION INVOLVED,,CONCRETE,INSECURE/LEAKY LOAD,$1001 TO $2500,NON-COLLISION,I-69,0,,2022-10-06 19:20:00,,,
MONROE SD,M22A27096,MONROE,RICHLAND,BLOOMINGTON,2,,0,0,0,900 N,CURRY PK,,,,,CURRY PK,,,,,N,,0.0,,39.17561031,-86.58128558,PRIVATE DR,,,,URBAN,N,N,N,,DAYLIGHT,CLEAR,DRY,,NO JUNCTION INVOLVED,,ASPHALT,FAILURE TO MAINTAIN LN,$5001 TO $10000,REAR END,CURRYPK,0,,2022-11-04 09:51:00,,,
ELLETTSVILLE PD,E22-05504,MONROE,RICHLAND,BLOOMINGTON,1,,1,0,0,,W ST RD 46,,,,,W ST RD 46,N CURRY PK,,,,N,,1500.0,,39.19729513,-86.57361657,ST RD,,,,RURAL,N,N,N,,DARK (NOT LIGHTED),RAIN,WET,,NO JUNCTION INVOLVED,,ASPHALT,OTHER (DRIVER) - EXPLAIN IN NARRATIVE,$10001 TO $25000,RAN OFF RD,WSTATERD46NCURRYPK,0,,2022-12-31 00:20:00,,,
ISP BLOOMINGTON 33,2.02201E+11,MONROE,SALT CREEK,BLOOMINGTON,1,,0,0,0,,ST RD 46,,,,,ST RD 46,BROWN COUNTY LINE RD,,,,N,,53.0,,39.15263067,-86.37110722,ST RD,,,,RURAL,N,N,N,,DAYLIGHT,CLEAR,DRY,,NO JUNCTION INVOLVED,,ASPHALT,FAILURE TO MAINTAIN LN,$25001 TO $50000,RAN OFF RD,STATERD46BROWNCOUNTYLINERD,0,,2022-12-20 09:50:00,,,