Agency,Local Code,County,Township,City,Vehicles Involved,Trailers Involved,Number Injured,Number Dead,Number Deer,House Number,Roadway Name,Roadway Suffix,Roadway Number,Roadway Interchange,Roadway Ramp,Roadway Id,Intersecting Road,Intersecting Road Number,Mile Marker,Interchange,Corporate Limits?,Property Type,Feet From,Direction,Latitude,Longitude,Roadway Class,Traffic Control Devices?,Aggressive Driving?,Hit and Run?,Locality,School Zone?,Rumble Strips?,Construction?,Construction Type,Light Condition,Weather Conditions,Surface Condition,Type of Median,Roadway Junction Type,Road Character,Roadway Surface,Primary Factor,Damage Estimate,Manner of Collision,Unique Location Id,State Property Damage?,Traffic Control,DateTime,Address Number,Cyclist Involved,Pedestrian Involved
BLOOMINGTON PD,B2234903,MONROE,BLOOMINGTON,BLOOMINGTON,2,0.0,0,0,0,,10TH,ST,,,,10TH,DUNN,,,,Y,,50.0,W,39.17168441,-86.52843233,LOCAL/CITY RD,,N,N,URBAN,N,N,N,,DARK (LIGHTED),CLEAR,DRY,,NO JUNCTION INVOLVED,STRAIGHT/GRADE,ASPHALT,FOLLOWING TOO CLOSELY,$5001 TO $10000,REAR END,10THSTDUNNST,0,LN CONTROL,2022-09-01 22:45:00,,,
BLOOMINGTON PD,B22-50479,MONROE,BLOOMINGTON,BLOOMINGTON,2,,0,0,0,,2200 N WALNUT ST,,,,,N WALNUT ST,ST RD 45/56,,,,Y,,1000.0,,0.0,0.0,LOCAL/CITY RD,,,,URBAN,N,N,N,,DAYLIGHT,CLOUDY,DRY,,NO JUNCTION INVOLVED,,ASPHALT,UNSAFE LN MOVEMENT,$2501 TO $5000,SAME DIRECTION SIDESWIPE,ST RD 45/562200BLKN.WALNUTST,0,,2022-12-05 12:40:00,2200.0,,
MONROE SD,M22A29509,MONROE,CLEAR CREEK,BLOOMINGTON,1,,0,0,1,,I-69 S,,,,,I-69 S,,,,,N,,0.0,,39.08360897,-86.57668266,INTERSTATE,,,,URBAN,N,Y,N,,DARK (NOT LIGHTED),RAIN,WET,,NO JUNCTION INVOLVED,,ASPHALT,ANIMAL/OBJECT IN RDWAY,$2501 TO $5000,COLLISION WITH DEER,SINTERSTATE69,0,,2022-12-02 06:40:00,,,
MONROE SD,M22A31179,MONROE,RICHLAND,BLOOMINGTON,2,,0,0,0,,N UNION VALLEY,,,,,N UNION VALLEY,W MCNEELEY ST,,,,N,,0.0,,39.23699362,-86.59272311,LOCAL/CITY RD,,,,URBAN,N,N,N,,DAYLIGHT,CLEAR,SNOW/SLUSH,,NO JUNCTION INVOLVED,,ASPHALT,LEFT OF CENTER,$1001 TO $2500,OPPOSITE DIRECTION SIDESWIPE,WMCNEELEYSTNUNIONVALLEY,0,,2022-12-24 12:54:00,,,
MONROE SD,M22A31255,MONROE,PERRY,,1,,0,0,1,,W FULLERTON PK,,,,,W FULLERTON PK,W SHAW RD,,,,N,,0.0,,39.11483759,-86.57038153,COUNTY RD,,,,URBAN,N,N,N,,DARK (NOT LIGHTED),CLEAR,WET,,NO JUNCTION INVOLVED,,ASPHALT,ANIMAL/OBJECT IN RDWAY,$2501 TO $5000,COLLISION WITH DEER,WSHAWRDWFULLERTONPK,0,,2022-12-26 04:23:00,,,
BLOOMINGTON PD,B22-45719,MONROE,PERRY,BLOOMINGTON,2,,1,0,0,,S ROGERS ST,,,,,S ROGERS ST,W CHEROKEE DR,,,,Y,,0.0,,39.14703855,-86.53886463,LOCAL/CITY RD,,,,URBAN,N,N,N,,DAYLIGHT,CLEAR,DRY,,FOUR-WAY INTERSECTION,,ASPHALT,FOLLOWING TOO CLOSELY,$2501 TO $5000,REAR END,WCHEROKEEDRSROGERSST,0,,2022-11-01 17:13:00,,,
INDIANA UNIV BLOOMINGTON PD,224323,MONROE,BLOOMINGTON,BLOOMINGTON,2,,0,0,0,,N FEE LN,,,,,N FEE LN,DAVID BAKER AVE,,,,Y,,300.0,,39.18139653,-86.51915736,LOCAL/CITY RD,,,,URBAN,N,N,N,,DAYLIGHT,CLOUDY,WET,,NO JUNCTION INVOLVED,,ASPHALT,FOLLOWING TOO CLOSELY,$5001 TO $10000,REAR END,NFEELNDAVIDBAKERAVE,0,,2022-11-05 12:04:00,,,
MONROE SD,M22A27001,MONROE,VAN BUREN,STANFORD,1,,0,0,0,,W HINDS RD,,,,,W HINDS RD,W KIRKSVILLE RD,,,,N,,2000.0,,39.090435,-86.663381,LOCAL/CITY RD,,,,RURAL,N,N,N,,DAYLIGHT,CLEAR,DRY,,NO JUNCTION INVOLVED,,ASPHALT,ANIMAL/OBJECT IN RDWAY,$1001 TO $2500,COLLISION WITH ANIMAL OTHER,WKIRKSVILLERDWHINDSRD,0,,2022-11-03 09:10:00,,,
ISP BLOOMINGTON 33,2.022E+11,MONROE,CLEAR CREEK,BLOOMINGTON,1,,0,0,1,,ST RD 37,,,,,ST RD 37,E SMITHVILLE RD,,,,N,,55.0,,39.07072429,-86.53611413,ST RD,,,,RURAL,N,N,N,,DAWN/DUSK,CLOUDY,WET,,NO JUNCTION INVOLVED,,ASPHALT,ANIMAL/OBJECT IN RDWAY,$5001 TO $10000,COLLISION WITH DEER,ST RD 37ESMITHVILLERD,0,,2022-11-01 08:00:00,,,
BLOOMINGTON PD,B22-46635,MONROE,PERRY,BLOOMINGTON,2,,0,0,0,,S WALNUT ST,,,,,S WALNUT ST,E WINSLOW RD,,,,Y,,0.0,,39.1359818,-86.5310843,LOCAL/CITY RD,,,,URBAN,N,N,N,,DAYLIGHT,CLEAR,DRY,,NO JUNCTION INVOLVED,,ASPHALT,IMPROPER LN USAGE,$1001 TO $2500,SAME DIRECTION SIDESWIPE,SWALNUTSTEWINSLOWRD,0,,2022-11-07 12:05:00,,,
BLOOMINGTON PD,B22-46538,MONROE,BLOOMINGTON,BLOOMINGTON,1,,0,0,0,,N MORTON ST,,,,,N MORTON ST,W 10TH ST,,,,Y,,0.0,,39.171168,-86.53604679,LOCAL/CITY RD,,,,URBAN,N,N,N,,DAYLIGHT,CLEAR,DRY,,NO JUNCTION INVOLVED,,ASPHALT,OTHER (ENVIRONMENTAL) - EXPLAIN IN NARR,$2501 TO $5000,REAR END,W10THSTNMORTONST,0,,2022-11-06 16:35:00,,,
BLOOMINGTON PD,B22-46199,MONROE,RICHLAND,BLOOMINGTON,2,,0,0,0,180,N GATES DR,,,,,N GATES DR,,,,,Y,,0.0,,39.16970998,-86.5760977,PRIVATE DR,,,,URBAN,N,N,N,,DAYLIGHT,CLEAR,DRY,,NO JUNCTION INVOLVED,,ASPHALT,UNSAFE BACKING,$1001 TO $2500,REAR TO REAR,NGATESDR,0,,2022-11-04 15:13:00,,,
BLOOMINGTON PD,B22-52901,MONROE,BLOOMINGTON,BLOOMINGTON,1,,1,0,0,,N WOODBRIDGE DR,,,,,N WOODBRIDGE DR,,,,,Y,,0.0,,39.17310935,-86.49248983,PRIVATE DR,,,,URBAN,N,N,N,,DARK (LIGHTED),CLEAR,DRY,,T-INTERSECTION,,ASPHALT,IMPROPER TURNING,$5001 TO $10000,RAN OFF RD,NWOODBRIDGEDR,0,,2022-12-20 23:55:00,,,
BLOOMINGTON PD,B22-43543,MONROE,PERRY,BLOOMINGTON,2,,0,0,0,,S COLLEGE MALL RD,,,,,S COLLEGE MALL RD,E 2ND ST,,,,N,,634.0,,39.1619553,-86.49788729,LOCAL/CITY RD,,,,URBAN,N,N,N,,DAYLIGHT,CLOUDY,DRY,,NO JUNCTION INVOLVED,,ASPHALT,FAILURE TO YIELD RIGHT OF WAY,$2501 TO $5000,RIGHT ANGLE,SCOLLEGEMALLRDE 2NDST,0,,2022-10-20 14:02:00,,,
BLOOMINGTON PD,B22-44458,MONROE,PERRY,BLOOMINGTON,2,,0,0,0,,W GRIMES LN,,,,,W GRIMES LN,S WALNUT ST,,,,Y,,60.0,,39.15337329,-86.53474044,LOCAL/CITY RD,,,,URBAN,N,N,N,,DAYLIGHT,RAIN,WET,,T-INTERSECTION,,ASPHALT,FAILURE TO YIELD RIGHT OF WAY,$1001 TO $2500,SAME DIRECTION SIDESWIPE,WGRIMESLNSWALNUTST,0,,2022-10-25 16:39:00,,,
BLOOMINGTON PD,B22-49773,MONROE,BLOOMINGTON,BLOOMINGTON,2,,0,0,0,,N WILLIS DR,,,,,N WILLIS DR,W WESTFIELD RD,,,,N,,0.0,,39.18086843,-86.54389269,LOCAL/CITY RD,,,,URBAN,N,N,N,,DARK (LIGHTED),CLEAR,DRY,,NO JUNCTION INVOLVED,,CONCRETE,UNSAFE BACKING,UNDER $1001,BACKING CRASH,WWESTFIELDRDNWILLISDR,0,,2022-11-30 19:30:00,,,
BLOOMINGTON PD,B22-43834,MONROE,PERRY,BLOOMINGTON,2,,0,0,0,,E RIDGE CREST CT,,,,,E RIDGE CREST CT,E SUMMIT VIEW PL,,,,Y,,0.0,,39.1439126,-86.52519769,LOCAL/CITY RD,,,,URBAN,N,N,N,,DARK (NOT LIGHTED),CLEAR,DRY,,NO JUNCTION INVOLVED,,ASPHALT,OTHER (DRIVER) - EXPLAIN IN NARRATIVE,$1001 TO $2500,SAME DIRECTION SIDESWIPE,ESUMMITVIEWPLERIDGECRESTCT,0,,2022-10-21 21:30:00,,,
BLOOMINGTON PD,B22-48870,MONROE,BLOOMINGTON,BLOOMINGTON,2,,0,0,0,,S ST RD 37,,,,,S ST RD 37,,,,,Y,,0.0,,39.1202978,-86.53131813,OTHER,,,,URBAN,N,N,N,,UNKNOWN,CLEAR,DRY,,NO JUNCTION INVOLVED,,ASPHALT,IMPROPER TURNING,$1001 TO $2500,LEFT TURN,SOLDSTATERD37,0,,2022-11-22 00:00:00,,,
BLOOMINGTON PD,B22-44071,MONROE,BLOOMINGTON,BLOOMINGTON,1,,0,0,0,,W 7TH ST,,,,,W 7TH ST,B-LINE TRL,,,,Y,,0.0,,39.16857624,-86.53686575,,,,,URBAN,N,N,N,,DAYLIGHT,CLEAR,DRY,,NO JUNCTION INVOLVED,,CONCRETE,IMPROPER LN USAGE,UNDER $1001,LEFT TURN,W7THSTB-LINETRL,1,,2022-10-23 17:00:00,,True,
BLOOMINGTON PD,B22-36892,MONROE,PERRY,BLOOMINGTON,2,,0,0,0,,E 4TH ST,,,,,E 4TH ST,S LINCOLN ST,,,,Y,,0.0,,,,LOCAL/CITY RD,,,,URBAN,N,N,N,,DAYLIGHT,CLOUDY,DRY,,FOUR-WAY INTERSECTION,,ASPHALT,FAILURE TO YIELD RIGHT OF WAY,$2501 TO $5000,RIGHT ANGLE,S.LINCOLNSTE4THST,0,,2022-09-13 09:26:00,,,
BLOOMINGTON PD,B22-47545,MONROE,PERRY,BLOOMINGTON,2,,0,0,0,,S WOODLAWN AVE,,,,,S WOODLAWN AVE,E 2ND ST,,,,Y,,0.0,,39.16115389,-86.52263035,LOCAL/CITY RD,,,,URBAN,N,N,N,,DAYLIGHT,CLEAR,DRY,,FOUR-WAY INTERSECTION,,ASPHALT,VIEW OBSTRUCTED,$2501 TO $5000,RIGHT ANGLE,SWOODLAWNAVEE 2NDST,0,,2022-11-14 13:32:00,,,
BLOOMINGTON PD,B2245150,MONROE,BLOOMINGTON,BLOOMINGTON,2,,0,0,0,,N PETE LLIS DR,,,,,N PETE LLIS DR,E JOHN HINKLE PL,,,,Y,,0.0,,39.17053357,-86.49558025,,,,,URBAN,N,N,N,,DARK (NOT LIGHTED),CLEAR,DRY,,T-INTERSECTION,,ASPHALT,FAILURE TO YIELD RIGHT OF WAY,$2501 TO $5000,RIGHT ANGLE,NPETEELLISDREJOHNHINKLEPL,0,,2022-10-29 05:32:00,,,
BLOOMINGTON PD,B22-45887,MONROE,PERRY,BLOOMINGTON,3,,1,0,0,,E WINSLOW RD,,,,,E WINSLOW RD,S WALNUT ST PK,,,,Y,,0.0,,39.13600928,-86.52894549,LOCAL/CITY RD,,,,URBAN,N,N,N,,DAYLIGHT,CLEAR,DRY,,FOUR-WAY INTERSECTION,,ASPHALT,FOLLOWING TOO CLOSELY,$5001 TO $10000,REAR END,SWALNUTSTPKEWINSLOWRD,0,,2022-11-02 17:15:00,,,
BLOOMINGTON PD,B22-49815,MONROE,,BLOOMINGTON,1,,1,0,0,,2440 S HENDERSON ST,,,,,S HENDERSON ST,,,,,Y,,0.0,,0.0,0.0,LOCAL/CITY RD,,,,URBAN,N,N,N,,DARK (NOT LIGHTED),CLEAR,DRY,,NO JUNCTION INVOLVED,,ASPHALT,PEDESTRIAN ACTION,$5001 TO $10000,COLLISION WITH OBJECT IN RD,2440S.HENDERSONST,1,,2022-12-01 06:55:00,2440.0,,True
MONROE SD,M22A31113,MONROE,RICHLAND,BLOOMINGTON,1,,0,0,0,,W LOST MANS LN,,,,,W LOST MANS LN,,,,,N,,0.0,,39.2226952,-86.57929817,LOCAL/CITY RD,,,,RURAL,N,N,N,,DARK (NOT LIGHTED),SNOW,SNOW/SLUSH,,NO JUNCTION INVOLVED,,ASPHALT,SPEED TOO FAST FOR WEATHER CONDITIONS,$5001 TO $10000,RAN OFF RD,WLOSTMANSLN,0,,2022-12-22 22:22:00,,,
BLOOMINGTON PD,B22-46559,MONROE,BLOOMINGTON,BLOOMINGTON,2,,0,0,0,1500,E 3RD ST,,,,,E 3RD ST,,,,,N,,0.0,,39.16424969,-86.51504282,LOCAL/CITY RD,,,,URBAN,N,N,N,,DAWN/DUSK,CLEAR,DRY,,NO JUNCTION INVOLVED,,ASPHALT,UNSAFE BACKING,$1001 TO $2500,BACKING CRASH,E 3RDST,0,,2022-11-06 19:30:00,,,
BLOOMINGTON PD,B22-47664,MONROE,PERRY,BLOOMINGTON,2,,1,0,0,,W COUNTRYSIDE LN,,,,,W COUNTRYSIDE LN,S DELILA STAR DR,,,,Y,,0.0,,39.1410615,-86.55752447,LOCAL/CITY RD,,,,URBAN,N,N,N,,DAYLIGHT,CLOUDY,DRY,,FOUR-WAY INTERSECTION,,ASPHALT,FAILURE TO YIELD RIGHT OF WAY,$5001 TO $10000,RIGHT ANGLE,WCOUNTRYSIDELNSDELILASTARDR,0,,2022-11-15 13:50:00,,,
BLOOMINGTON PD,B22-48632,MONROE,BLOOMINGTON,BLOOMINGTON,1,,0,0,0,,N WALNUT ST1,,,,,N WALNUT ST1,W 17TH ST,,,,Y,,0.0,,0.0,0.0,LOCAL/CITY RD,,,,URBAN,N,N,N,,DAYLIGHT,CLEAR,DRY,,FOUR-WAY INTERSECTION,,ASPHALT,OVERCORRECTING/OVERSTEERING,$2501 TO $5000,RAN OFF RD,W.17THSTN.WALNUTST1,0,,2022-11-22 10:22:00,,,
BLOOMINGTON PD,B22-51165,MONROE,PERRY,BLOOMINGTON,2,,0,0,0,,W TAPP RD,,,,,W TAPP RD,S LEONARD SPRINGS RD,,,,N,,0.0,,39.13681428,-86.58239285,LOCAL/CITY RD,,,,URBAN,N,N,N,,DARK (NOT LIGHTED),CLOUDY,WET,,T-INTERSECTION,,ASPHALT,FOLLOWING TOO CLOSELY,$2501 TO $5000,REAR END,WTAPPRDSLEONARDSPRINGSRD,0,,2022-12-09 17:13:00,,,
BLOOMINGTON PD,B22-50793,MONROE,PERRY,BLOOMINGTON,2,,0,0,0,2966,E 3RD ST; TARGET,,,,,E 3RD ST,,,,,Y,,0.0,,39.16264976,-86.49149523,PRIVATE DR,,,,URBAN,N,N,N,,DAYLIGHT,CLOUDY,DRY,,NO JUNCTION INVOLVED,,ASPHALT,FAILURE TO YIELD RIGHT OF WAY,$1001 TO $2500,RIGHT ANGLE,E 3RDST;TARGET,0,,2022-12-07 13:09:00,,,
ELLETTSVILLE PD,E22-04625,MONROE,RICHLAND,ELLETTSVILLE,2,,0,0,0,4719,W IN ST RD 46,,,,,W IN ST RD 46,,,,,Y,,0.0,,39.21574544,-86.5947575,PRIVATE DR,,,,URBAN,N,N,N,,DAYLIGHT,CLEAR,DRY,,NO JUNCTION INVOLVED,,CONCRETE,OTHER (DRIVER) - EXPLAIN IN NARRATIVE,$2501 TO $5000,BACKING CRASH,WINST RD 46,0,,2022-11-08 12:30:00,,,
INDIANA UNIV BLOOMINGTON PD,224967,MONROE,BLOOMINGTON,BLOOMINGTON,2,,1,0,0,,E 10TH ST,,,,,E 10TH ST,E 10TH ST,,,,Y,,0.0,,39.17148677,-86.49539567,LOCAL/CITY RD,,,,URBAN,N,N,N,,DARK (NOT LIGHTED),CLEAR,DRY,,FOUR-WAY INTERSECTION,,ASPHALT,FAILURE TO YIELD RIGHT OF WAY,$10001 TO $25000,LEFT TURN,E 10THSTE 10THST,0,,2022-12-18 18:40:00,,,
BLOOMINGTON PD,B22-44451,MONROE,BLOOMINGTON,BLOOMINGTON,2,,0,0,0,,W PARRISH RD,,,,,W PARRISH RD,N KINSER PK,,,,Y,,0.0,,39.18805526,-86.53851319,PRIVATE DR,,,,URBAN,N,N,N,,DAWN/DUSK,RAIN,WET,,NO JUNCTION INVOLVED,,ASPHALT,IMPROPER TURNING,$1001 TO $2500,RIGHT TURN,WPARRISHRDNKINSERPK,0,,2022-10-25 14:00:00,,,
BLOOMINGTON PD,B22-49093,MONROE,BLOOMINGTON,BLOOMINGTON,3,,0,0,0,,N MADISON ST,,,,,N MADISON ST,W 16TH ST,,,,Y,,0.0,,39.17775105,-86.5377397,LOCAL/CITY RD,,,,URBAN,N,N,N,,DARK (LIGHTED),CLEAR,DRY,,T-INTERSECTION,,ASPHALT,FAILURE TO MAINTAIN LN,$10001 TO $25000,REAR END,W16THSTNMADISONST,0,,2022-11-26 03:20:00,,,
BLOOMINGTON PD,B22-52786,MONROE,BLOOMINGTON,BLOOMINGTON,2,,0,0,0,,W 17TH ST,,,,,W 17TH ST,W ARLINGTON RD,,,,Y,,200.0,,39.179242,-86.5473475,LOCAL/CITY RD,,,,URBAN,Y,N,N,,DAYLIGHT,CLEAR,DRY,,FOUR-WAY INTERSECTION,,ASPHALT,FOLLOWING TOO CLOSELY,$1001 TO $2500,REAR END,W.ARLINGTONRDW.17THST,0,,2022-12-20 12:33:00,,,
MONROE SD,M22A27425,MONROE,BLOOMINGTON,BLOOMINGTON,1,,0,0,1,,I-69,,,,,I-69,,,,,N,,0.0,,39.22616636,-86.54677338,INTERSTATE,,,,RURAL,N,N,N,,DARK (NOT LIGHTED),CLEAR,DRY,,NO JUNCTION INVOLVED,,ASPHALT,ANIMAL/OBJECT IN RDWAY,$5001 TO $10000,COLLISION WITH DEER,I-69,0,,2022-11-07 22:48:00,,,
BLOOMINGTON PD,B22-45751,MONROE,BLOOMINGTON,BLOOMINGTON,2,,0,0,0,,W ARLINGTON RD,,,,,W ARLINGTON RD,N TELLURIDE ST,,,,Y,,106.0,,39.18367899,-86.55017496,LOCAL/CITY RD,,,,URBAN,N,N,N,,DARK (LIGHTED),CLEAR,DRY,,T-INTERSECTION,,ASPHALT,FAILURE TO YIELD RIGHT OF WAY,$5001 TO $10000,RIGHT ANGLE,WARLINGTONRDNTELLURIDEST,0,,2022-11-01 20:49:00,,,
BLOOMINGTON PD,B22-47015,MONROE,PERRY,BLOOMINGTON,2,,1,0,0,,W 3RD ST,,,,,W 3RD ST,S FRANKLIN RD,,,,Y,,0.0,,39.16458574,-86.57036116,LOCAL/CITY RD,,,,URBAN,N,N,N,,DAYLIGHT,CLEAR,DRY,,FOUR-WAY INTERSECTION,,ASPHALT,DISREGARD SIGNAL/REG SIGN,$25001 TO $50000,RIGHT ANGLE,W 3RDSTSFRANKLINRD,0,,2022-11-10 14:02:00,,,
BLOOMINGTON PD,B22-45701,MONROE,VAN BUREN,BLOOMINGTON,3,,1,0,0,,W BLOOMFIELD RD,,,99,C,W BLOOMFIELD RD,,,,,Y,,0.0,,39.14673237,-86.57444847,ST RD,,,,URBAN,N,N,N,,DAWN/DUSK,CLEAR,DRY,,FOUR-WAY INTERSECTION,,ASPHALT,FAILURE TO YIELD RIGHT OF WAY,$25001 TO $50000,RIGHT ANGLE,WBLOOMFIELDRD099C,0,,2022-11-01 16:02:00,,,
INDIANA UNIV BLOOMINGTON PD,224307,MONROE,BLOOMINGTON,BLOOMINGTON,1,,0,0,0,,E 3RD ST,,,,,E 3RD ST,S FACULTY AVE,,,,Y,,0.0,,39.16420328,-86.52072511,LOCAL/CITY RD,,,,URBAN,N,N,N,,DAYLIGHT,CLEAR,DRY,,NO JUNCTION INVOLVED,,ASPHALT,UNSAFE SPEED,$25001 TO $50000,RAN OFF RD,SFACULTYAVEE 3RDST,0,,2022-11-04 15:20:00,,,
BLOOMINGTON PD,B22-44993,MONROE,PERRY,BLOOMINGTON,2,,0,0,0,,E ATWATER AVE,,,,,E ATWATER AVE,S HIGHLAND AVE,,,,Y,,0.0,,39.16308131,-86.51776261,LOCAL/CITY RD,,,,URBAN,N,N,N,,DAWN/DUSK,CLEAR,DRY,,FOUR-WAY INTERSECTION,,ASPHALT,FAILURE TO YIELD RIGHT OF WAY,$2501 TO $5000,RIGHT ANGLE,SHIGHLANDAVEEATWATERAVE,0,,2022-10-28 14:21:00,,,
BLOOMINGTON PD,B22-51154,MONROE,PERRY,BLOOMINGTON,2,,1,0,0,,W COUNTRY CLUB DR,,,,,W COUNTRY CLUB DR,S WALNUT ST,,,,Y,,528.0,,39.13595738,-86.53224296,LOCAL/CITY RD,,,,URBAN,N,N,N,,DAYLIGHT,CLOUDY,WET,,NO JUNCTION INVOLVED,,ASPHALT,FAILURE TO YIELD RIGHT OF WAY,$10001 TO $25000,RIGHT ANGLE,WCOUNTRYCLUBDRSWALNUTST,0,,2022-12-09 16:32:00,,,
ISP BLOOMINGTON 33,2.02201E+11,MONROE,WASHINGTON,BLOOMINGTON,1,,1,0,0,,I-69-123-RAMP C,,,123,C,I-69-123-RAMP C,,,,,N,,0.0,,39.23528863,-86.54168939,INTERSTATE,,,,RURAL,N,N,N,,DAYLIGHT,CLOUDY,WET,,RAMP,,ASPHALT,FAILURE TO MAINTAIN LN,$5001 TO $10000,RAN OFF RD,I-69-123-RAMPC123C,0,,2022-12-06 07:30:00,,,
INDIANA UNIV BLOOMINGTON PD,224504,MONROE,BLOOMINGTON,BLOOMINGTON,2,,0,0,0,,N EAGLESON AVE,,,,,N EAGLESON AVE,,,,,Y,,0.0,,39.16972342,-86.51654489,PRIVATE DR,,,,URBAN,N,N,N,,DAWN/DUSK,CLOUDY,WET,,NO JUNCTION INVOLVED,,ASPHALT,IMPROPER TURNING,UNDER $1001,SAME DIRECTION SIDESWIPE,NEAGLESON AVEAVE,0,,2022-11-15 16:40:00,,,
ISP BLOOMINGTON 33,2.022E+11,MONROE,CLEAR CREEK,BLOOMINGTON,1,,0,0,1,,ST RD 37 5280' N OF ZIKES RD,,,,,ST RD 37 5280' N OF ZIKES RD,,,,,N,,0.0,,39.01107093,-86.53745657,ST RD,,,,RURAL,N,N,N,,DARK (NOT LIGHTED),CLEAR,DRY,,NO JUNCTION INVOLVED,,ASPHALT,ANIMAL/OBJECT IN RDWAY,$2501 TO $5000,COLLISION WITH DEER,ST RD 375280'NORTHOFZIKESRD,0,,2022-10-28 19:49:00,,,
INDIANA UNIV BLOOMINGTON PD,224872,MONROE,BLOOMINGTON,BLOOMINGTON,2,,0,0,0,,E 10TH ST,,,,,E 10TH ST,ST RD 45,,,,Y,,0.0,,39.17165729,-86.50206096,LOCAL/CITY RD,,,,RURAL,N,N,N,,DAYLIGHT,CLEAR,DRY,,FOUR-WAY INTERSECTION,,ASPHALT,UNSAFE SPEED,$2501 TO $5000,REAR END,STATERD45E 10THST,0,,2022-12-12 13:08:00,,,
ISP BLOOMINGTON 33,2.02201E+11,MONROE,PERRY,BLOOMINGTON,2,,0,0,0,,S ST RD 37,,,,,S ST RD 37,S ST RD 37,,,,N,,0.0,,39.08541412,-86.54287666,,,,,RURAL,N,N,N,,DARK (NOT LIGHTED),RAIN,WET,,FOUR-WAY INTERSECTION,,ASPHALT,UNSAFE SPEED,$10001 TO $25000,REAR END,SSTATERD37SOLDSTATERD37,0,,2022-12-31 18:30:00,,,
BLOOMINGTON PD,B22-44860,MONROE,PERRY,BLOOMINGTON,2,,0,0,0,,S CLARIZZ BLVD,,,,,S CLARIZZ BLVD,E MOORES PK,,,,Y,,0.0,,39.1503957,-86.49137481,LOCAL/CITY RD,,,,URBAN,N,N,N,,DAYLIGHT,CLEAR,DRY,,FOUR-WAY INTERSECTION,,ASPHALT,FAILURE TO YIELD RIGHT OF WAY,$10001 TO $25000,RIGHT ANGLE,SCLARIZZBLVDEMOORESPK,0,,2022-10-27 18:14:00,,,
MONROE SD,M22A30006,MONROE,BLOOMINGTON,BLOOMINGTON,2,,0,0,0,,S CURRY PK,,,,,S CURRY PK,W CONSTITUTION AVE,,,,Y,,0.0,,39.15170196,-86.5825952,LOCAL/CITY RD,,,,URBAN,N,N,N,,DAYLIGHT,CLOUDY,WET,,NO JUNCTION INVOLVED,,ASPHALT,IMPROPER LN USAGE,$1001 TO $2500,SAME DIRECTION SIDESWIPE,WCONSTITUTIONAVESCURRYPK,0,,2022-12-07 15:31:00,,,
BLOOMINGTON PD,B22-44962,MONROE,PERRY,BLOOMINGTON,2,,0,0,0,1175,S COLLEGE MALL RD,,,,,S COLLEGE MALL RD,,,,,Y,,0.0,,39.154079,-86.49761839,PRIVATE DR,,,,URBAN,N,N,N,,DAYLIGHT,CLEAR,DRY,,NO JUNCTION INVOLVED,,ASPHALT,OTHER (DRIVER) - EXPLAIN IN NARRATIVE,$2501 TO $5000,SAME DIRECTION SIDESWIPE,SCOLLEGEMALLRD,0,,2022-10-28 10:56:00,,,
BLOOMINGTON PD,B22-45407,MONROE,PERRY,BLOOMINGTON,2,,1,0,0,,W 3RD ST,,,,,W 3RD ST,S WESTPLEX AVE,,,,N,,0.0,,39.16442391,-86.55391082,LOCAL/CITY RD,,,,URBAN,N,N,N,,DARK (NOT LIGHTED),RAIN,WET,,T-INTERSECTION,,ASPHALT,FAILURE TO YIELD RIGHT OF WAY,$2501 TO $5000,RIGHT ANGLE,WEST3RDSTSWESTPLEXAVE,0,,2022-10-30 19:20:00,,,
MONROE SD,M22A27051,MONROE,PERRY,BLOOMINGTON,1,,0,0,0,,S ROCKPORT RD,,,,,S ROCKPORT RD,COCKRELL RD,,,,N,,0.0,,39.10043087,-86.57872385,LOCAL/CITY RD,,,,RURAL,N,N,N,,DARK (NOT LIGHTED),CLEAR,DRY,,NO JUNCTION INVOLVED,,ASPHALT,FAILURE TO MAINTAIN LN,$5001 TO $10000,RAN OFF RD,SROCKPORTRDCOCKRELLRD,0,,2022-11-03 17:22:00,,,
MONROE SD,M22A27113,MONROE,RICHLAND,,2,,0,0,0,6013,W MERRY WAY LN,,,,,W MERRY WAY LN,,,,,N,,0.0,,39.20509,-86.581009,,,,,RURAL,N,N,N,,DAYLIGHT,CLEAR,DRY,,NO JUNCTION INVOLVED,,ASPHALT,OTHER (DRIVER) - EXPLAIN IN NARRATIVE,$1001 TO $2500,RIGHT ANGLE,WMERRYWAYLN,0,,2022-11-04 13:34:00,,,
BLOOMINGTON PD,B22-48532,MONROE,VAN BUREN,BLOOMINGTON,2,,3,0,0,,W 3RD ST,,,,,W 3RD ST,I-69 S ST RD 37,,,,Y,,0.0,,39.16463965,-86.57556778,LOCAL/CITY RD,,,,RURAL,N,N,N,,DAYLIGHT,CLEAR,DRY,,T-INTERSECTION,,CONCRETE,DISREGARD SIGNAL/REG SIGN,$5001 TO $10000,LEFT TURN,W 3RDSTI-69SST RD37,0,,2022-11-21 17:15:00,,,