Agency,Local Code,County,Township,City,Vehicles Involved,Trailers Involved,Number Injured,Number Dead,Number Deer,House Number,Roadway Name,Roadway Suffix,Roadway Number,Roadway Interchange,Roadway Ramp,Roadway Id,Intersecting Road,Intersecting Road Number,Mile Marker,Interchange,Corporate Limits?,Property Type,Feet From,Direction,Latitude,Longitude,Roadway Class,Traffic Control Devices?,Aggressive Driving?,Hit and Run?,Locality,School Zone?,Rumble Strips?,Construction?,Construction Type,Light Condition,Weather Conditions,Surface Condition,Type of Median,Roadway Junction Type,Road Character,Roadway Surface,Primary Factor,Damage Estimate,Manner of Collision,Unique Location Id,State Property Damage?,Traffic Control,DateTime,Address Number,Cyclist Involved,Pedestrian Involved
BLOOMINGTON PD,B22-46183,MONROE,BLOOMINGTON,BLOOMINGTON,2,,0,0,0,,E 7TH ST,,,,,E 7TH ST,N LINCOLN ST,,,,Y,,0.0,,39.168523,-86.531057,LOCAL/CITY RD,,,,URBAN,N,N,N,,DAYLIGHT,CLEAR,DRY,,FOUR-WAY INTERSECTION,,ASPHALT,FAILURE TO YIELD RIGHT OF WAY,$5001 TO $10000,RIGHT ANGLE,N.LINCOLNSTE7THST,0,,2022-11-04 14:11:00,,,
BLOOMINGTON PD,B22-46248,MONROE,BLOOMINGTON,BLOOMINGTON,2,,0,0,0,,ST RD 46,,,,,ST RD 46,N KINSER PK,,,,Y,,400.0,,39.18666342,-86.54240317,ST RD,,,,URBAN,N,N,N,,DARK (NOT LIGHTED),CLEAR,DRY,,NO JUNCTION INVOLVED,,ASPHALT,FOLLOWING TOO CLOSELY,$1001 TO $2500,REAR END,STATERD46NKINSERPK,0,,2022-11-04 19:00:00,,,
BLOOMINGTON PD,B22-51712,MONROE,VAN BUREN,BLOOMINGTON,2,,0,0,0,2101,S LIBERTY DR,,,,,S LIBERTY DR,,,,,Y,,0.0,,39.14668187,-86.5767121,PRIVATE DR,,,,URBAN,N,N,N,,DAYLIGHT,CLEAR,DRY,,NO JUNCTION INVOLVED,,ASPHALT,UNSAFE BACKING,$2501 TO $5000,BACKING CRASH,SLIBERTYDR,0,,2022-12-13 13:52:00,,,
INDIANA UNIV BLOOMINGTON PD,224767,MONROE,BLOOMINGTON,BLOOMINGTON,2,,0,0,0,,ST RD 45,,,,,ST RD 45,,,,,Y,,845.0,,39.17332983,-86.50328019,ST RD,,,,URBAN,N,N,N,,DAWN/DUSK,FOG/SMOKE/SMOG,WET,,NO JUNCTION INVOLVED,,ASPHALT,FOLLOWING TOO CLOSELY,$2501 TO $5000,REAR END,STATERD45,0,,2022-12-06 07:40:00,,,
MONROE SD,M22A28867,MONROE,RICHLAND,,2,,0,0,0,,N BROOKWOOD DR,,,,,N BROOKWOOD DR,W RAINBOW CT,,,,N,,0.0,,39.20971704,-86.60070849,,,,,RURAL,N,N,N,,DARK (NOT LIGHTED),CLOUDY,WET,,NO JUNCTION INVOLVED,,ASPHALT,UNSAFE BACKING,$2501 TO $5000,BACKING CRASH,WRAINBOWCTNBROOKWOODDR,0,,2022-11-25 07:30:00,,,
BLOOMINGTON PD,B22-49149,MONROE,PERRY,BLOOMINGTON,2,,0,0,0,2894,E 3RD ST; DICKS SPORTING GOODS,,,,,E 3RD ST,,,,,Y,,0.0,,39.16046137,-86.49641752,PRIVATE DR,,,,URBAN,N,N,N,,DAYLIGHT,CLEAR,DRY,,NO JUNCTION INVOLVED,,ASPHALT,FAILURE TO YIELD RIGHT OF WAY,UNDER $1001,OTHER - EXPLAIN IN NARRATIVE,E 3RDST;DICKSSPORTINGGOODS,0,,2022-11-26 16:30:00,,,
BLOOMINGTON PD,B22-47975,MONROE,PERRY,BLOOMINGTON,3,,0,0,0,,E 3RD ST,,,,,E 3RD ST,S CLARIZZ BLVD,,,,Y,,0.0,,39.16420468,-86.49097473,LOCAL/CITY RD,,,,URBAN,N,N,N,,DAYLIGHT,CLEAR,DRY,,FOUR-WAY INTERSECTION,,ASPHALT,FOLLOWING TOO CLOSELY,$2501 TO $5000,REAR END,SCLARIZZBLVDE 3RDST,0,,2022-11-17 15:37:00,,,
BLOOMINGTON PD,B22-46072,MONROE,BLOOMINGTON,BLOOMINGTON,2,,0,0,0,,223 S PETE LLIS DR BLOOMINGTO,,,,,S PETE LLIS DR  47408,,,,,Y,,0.0,,,,PRIVATE DR,,,,URBAN,N,N,N,,DAWN/DUSK,CLEAR,DRY,,NO JUNCTION INVOLVED,,ASPHALT,UNSAFE BACKING,$2501 TO $5000,BACKING CRASH,"223SPETEELLISDRBLOOMINGTON,IN47408",0,,2022-11-03 18:20:00,223.0,,
BLOOMINGTON PD,B22-45862,MONROE,BLOOMINGTON,BLOOMINGTON,2,,0,0,0,,N WOODBRIDGE DR,,,,,N WOODBRIDGE DR,E 10TH ST,,,,Y,,0.0,,39.17155164,-86.49087539,ST RD,,,,URBAN,N,N,N,,DAYLIGHT,CLEAR,DRY,,FOUR-WAY INTERSECTION,,ASPHALT,CELL PHONE USAGE,$5001 TO $10000,REAR END,NWOODBRIDGEDRE 10THST,0,,2022-11-02 14:41:00,,,
MONROE SD,M22A27733,MONROE,CLEAR CREEK,HARRODSBURG,2,,0,0,0,,W POPCORN RD,,,,,W POPCORN RD,S HARRODSBURG RD,,,,N,,0.0,,39.01207906,-86.54511999,LOCAL/CITY RD,,,,URBAN,N,N,N,,DAYLIGHT,CLEAR,DRY,,NO JUNCTION INVOLVED,,ASPHALT,OVERSIZE/OVERWEIGHT LOAD,$5001 TO $10000,OPPOSITE DIRECTION SIDESWIPE,WPOPCORNRDSHARRODSBURGRD,0,,2022-11-11 09:17:00,,,
BLOOMINGTON PD,B22-47696,MONROE,BLOOMINGTON,BLOOMINGTON,2,,1,0,0,,ST RD 45/46 BYPASS,,,,,ST RD 45/46 BYPASS,N WALNUT ST,,,,Y,,158.0,,39.18643751,-86.53536505,ST RD,,,,URBAN,N,N,N,,DAYLIGHT,CLOUDY,DRY,,NO JUNCTION INVOLVED,,ASPHALT,FOLLOWING TOO CLOSELY,$5001 TO $10000,REAR END,STATERD45/46BYPASSNWALNUTST,0,,2022-11-15 16:43:00,,,
BLOOMINGTON PD,B22-50814,MONROE,PERRY,BLOOMINGTON,2,,0,0,0,3901,N KINSER PK; BLOOMINGTON HS,,,,,N KINSER PK,,,,,Y,,0.0,,39.2015862,-86.55068324,PRIVATE DR,,,,URBAN,N,N,N,,DAYLIGHT,CLEAR,DRY,,NO JUNCTION INVOLVED,,ASPHALT,FAILURE TO YIELD RIGHT OF WAY,$2501 TO $5000,SAME DIRECTION SIDESWIPE,NKINSERPK;BLOOMINGTONHSNORTHLOWERLOT,0,,2022-12-07 15:02:00,,,
BLOOMINGTON PD,B22-45313,MONROE,BLOOMINGTON,,1,,0,0,0,,E GILBERT ST,,,,,E GILBERT ST,N WALNUT ST,,,,Y,,0.0,,40.195428,-85.386478,LOCAL/CITY RD,,,,URBAN,N,N,N,,DARK (LIGHTED),CLEAR,DRY,,T-INTERSECTION,,ASPHALT,FOLLOWING TOO CLOSELY,$5001 TO $10000,REAR END,NWALNUTSTEGILBERTST,0,,2022-10-30 03:30:00,,,
BLOOMINGTON PD,B22-52983,MONROE,PERRY,BLOOMINGTON,2,,0,0,0,,1175 S COLLEGE MALL RD,,,,,S COLLEGE MALL RD,,,,,Y,,0.0,,39.15405126,-86.49579819,PRIVATE DR,,,,URBAN,N,N,N,,DAYLIGHT,CLOUDY,DRY,,NO JUNCTION INVOLVED,,ASPHALT,UNSAFE BACKING,$1001 TO $2500,BACKING CRASH,1175SCOLLEGEMALLRD,0,,2022-12-21 13:25:00,1175.0,,
BLOOMINGTON PD,B22-02716,MONROE,BLOOMINGTON,BLOOMINGTON,2,,0,0,0,,2300 N WALNUT ST,,,,,N WALNUT ST,,,,,Y,,0.0,,0.0,0.0,LOCAL/CITY RD,,,,URBAN,N,N,N,,DAYLIGHT,CLEAR,DRY,,NO JUNCTION INVOLVED,,ASPHALT,UNSAFE BACKING,$2501 TO $5000,BACKING CRASH,2300N.WALNUTST,0,,2022-01-25 12:46:00,2300.0,,
MONROE SD,M22A713,MONROE,BLOOMINGTON,BLOOMINGTON,1,0.0,0,0,1,,BAYLES,RD,,,,BAYLES,N ST ST RD 37,,,,N,,,,39.215475,-86.537022,LOCAL/CITY RD,,N,N,URBAN,N,N,N,,DAYLIGHT,CLEAR,DRY,,T-INTERSECTION,STRAIGHT/LEVEL,ASPHALT,ANIMAL/OBJECT IN RDWAY,$5001 TO $10000,COLLISION WITH DEER,BAYLESRDNSTBUSINESS37RD,0,NONE,2022-01-10 12:43:00,,,
ISP BLOOMINGTON 33,2.022E+11,MONROE,BLOOMINGTON,BLOOMINGTON,2,,0,0,0,,I-69,,,,,I-69,,,123.0,,N,,0.0,,39.22992871,-86.54387426,INTERSTATE,,,,RURAL,N,N,N,,DARK (NOT LIGHTED),RAIN,WET,,NO JUNCTION INVOLVED,,ASPHALT,UNSAFE LN MOVEMENT,$5001 TO $10000,SAME DIRECTION SIDESWIPE,I-69123,0,,2022-01-01 18:20:00,,,
INDIANA UNIV BLOOMINGTON PD,220188,MONROE,BLOOMINGTON,BLOOMINGTON,2,,0,0,0,,E 3RD ST,,,,,E 3RD ST,S EAGLESON AVE,,,,Y,,0.0,,39.164268,-86.51660777,LOCAL/CITY RD,,,,URBAN,N,N,N,,DAYLIGHT,CLEAR,DRY,,FOUR-WAY INTERSECTION,,ASPHALT,UNSAFE LN MOVEMENT,$5001 TO $10000,SAME DIRECTION SIDESWIPE,SEAGLESON AVEAVEE 3RDST,0,,2022-01-20 17:35:00,,,
MONROE SD,M22A109,MONROE,CLEAR CREEK,BLOOMINGTON,2,0.0,0,0,0,9592,S LAKE RIDGE,DR,,,,S LAKE RIDGE,,,,,N,,,,39.02981112,-86.50632627,OTHER,,N,N,RURAL,N,N,N,,DARK (NOT LIGHTED),CLEAR,DRY,,NO JUNCTION INVOLVED,NON-RDWAY CRASH,ASPHALT,UNSAFE BACKING,$1001 TO $2500,BACKING CRASH,SLAKERIDGEDR,0,NONE,2022-01-02 21:45:00,,,
BLOOMINGTON PD,B22-02146,MONROE,BLOOMINGTON,BLOOMINGTON,1,,1,0,0,,"1710 N KINSER PK BLOOMINGTON,",,,,,N KINSER PK ,,,,,Y,,0.0,,39.185276,-86.536116,LOCAL/CITY RD,,,,URBAN,N,N,N,,DAYLIGHT,CLEAR,DRY,,NO JUNCTION INVOLVED,,ASPHALT,DRIVER DISTRACTED - EXPLAIN IN NARRATIVE,$2501 TO $5000,OTHER - EXPLAIN IN NARRATIVE,"1710NKINSERPKBLOOMINGTON,IN",0,,2022-01-19 00:00:00,1710.0,,
BLOOMINGTON PD,B22-02398,MONROE,BLOOMINGTON,BLOOMINGTON,2,,0,0,0,,E 3RD ST,,,,,E 3RD ST,S CLARIZZ BLVD,,,,Y,,0.0,,39.1644222,-86.4912237,LOCAL/CITY RD,,,,URBAN,N,N,N,,DAYLIGHT,CLEAR,DRY,,NO JUNCTION INVOLVED,,ASPHALT,UNSAFE BACKING,$1001 TO $2500,BACKING CRASH,SCLARIZZBLVDE 3RDST,0,,2022-01-22 16:45:00,,,
INDIANA UNIV BLOOMINGTON PD,220030,MONROE,BLOOMINGTON,BLOOMINGTON,2,,0,0,0,744,E 3RD ST,,,,,E 3RD ST,,,,,Y,,0.0,,39.1634806,-86.52422271,,,,,URBAN,N,N,N,,DAYLIGHT,CLEAR,DRY,,NO JUNCTION INVOLVED,,ASPHALT,UNSAFE BACKING,UNDER $1001,BACKING CRASH,E 3RDST,0,,2022-01-05 16:55:00,,,
MONROE SD,M22A1682,MONROE,RICHLAND,ELLETTSVILLE,1,,0,0,0,,W MCNEELY ST,,,,,W MCNEELY ST,N LIMESTONE DR,,,,N,,0.0,,39.23774,-86.608896,COUNTY RD,,,,RURAL,N,N,N,,DAYLIGHT,CLEAR,WET,,T-INTERSECTION,,ASPHALT,IMPROPER TURNING,$1001 TO $2500,LEFT TURN,WMCNEELYSTNLIMESTONEDR,0,,2022-01-23 14:00:00,,,
BLOOMINGTON PD,B22-02362,MONROE,,BLOOMINGTON,2,,1,0,0,,N COLLEGE AVE,,,,,N COLLEGE AVE,W 7TH ST,,,,Y,,0.0,,39.168546,-86.534862,LOCAL/CITY RD,,,,URBAN,N,N,N,,DAYLIGHT,CLEAR,DRY,,FOUR-WAY INTERSECTION,,ASPHALT,IMPROPER LN USAGE,$2501 TO $5000,SAME DIRECTION SIDESWIPE,W.7THSTN.COLLEGEAVE,0,,2022-01-22 08:15:00,,,
BLOOMINGTON PD,B22-01165,MONROE,PERRY,BLOOMINGTON,1,,1,0,0,,S COLLEGE MALL RD,,,,,S COLLEGE MALL RD,,,,,Y,,0.0,,39.15169832,-86.49670304,,,,,URBAN,N,N,N,,DAYLIGHT,CLEAR,DRY,,T-INTERSECTION,,ASPHALT,HOLES/RUTS IN SURFACE,$5001 TO $10000,OTHER - EXPLAIN IN NARRATIVE,SCOLLEGEMALLRD,0,,2022-01-11 16:54:00,,,
ISP BLOOMINGTON 33,2.022E+11,MONROE,VAN BUREN,BLOOMINGTON,2,,0,0,0,,S LEONARD SPRINGS RD,,,,,S LEONARD SPRINGS RD,W TAPP RD,,,,Y,,0.0,,39.1368367,-86.58260993,LOCAL/CITY RD,,,,URBAN,N,N,N,,DAYLIGHT,SNOW,SNOW/SLUSH,,T-INTERSECTION,,ASPHALT,FOLLOWING TOO CLOSELY,$5001 TO $10000,REAR END,WTAPPRDSLEONARDSPRINGSRD,0,,2022-01-28 13:10:00,,,
MONROE SD,M22A1271,MONROE,PERRY,BLOOMINGTON,2,,0,0,0,752,E HOLLAND DR,,,,,E HOLLAND DR,,,,,Y,,0.0,,39.117708,-86.525007,LOCAL/CITY RD,,,,URBAN,N,N,N,,DARK (NOT LIGHTED),CLEAR,SNOW/SLUSH,,NO JUNCTION INVOLVED,,ASPHALT,OTHER (DRIVER) - EXPLAIN IN NARRATIVE,$1001 TO $2500,LEFT/RIGHT TURN,EHOLLANDDR,0,,2022-01-17 19:44:00,,,
MONROE SD,M22A1098,MONROE,BENTON,BLOOMINGTON,1,,0,0,0,,N MT GILEAD TD,,,,,N MT GILEAD TD,N GETTY'S CREEK RD,,,,N,,1000.0,,39.193437,-86.436407,LOCAL/CITY RD,,,,RURAL,N,N,N,,DAYLIGHT,SNOW,ICE,,NO JUNCTION INVOLVED,,ASPHALT,RDWAY SURFACE CONDITION,$1001 TO $2500,RAN OFF RD,NMTGILEADTDNGETTY'SCREEKRD,0,,2022-01-15 08:29:00,,,
INDIANA UNIV BLOOMINGTON PD,220231,MONROE,BLOOMINGTON,BLOOMINGTON,2,,0,0,0,,E ATWATER AVE,,,,,E ATWATER AVE,S HAWTHORNE DR,,,,N,,0.0,,39.16306467,-86.52023024,LOCAL/CITY RD,,,,URBAN,N,N,N,,DAYLIGHT,CLOUDY,DRY,,FOUR-WAY INTERSECTION,,ASPHALT,FAILURE TO YIELD RIGHT OF WAY,$1001 TO $2500,RIGHT ANGLE,SHAWTHORNEDREATWATERAVE,0,,2022-01-23 12:15:00,,,
INDIANA UNIV BLOOMINGTON PD,220173,MONROE,BLOOMINGTON,BLOOMINGTON,2,,2,0,0,,E 10TH ST,,,,,E 10TH ST,N FEE LN,,,,Y,,0.0,,39.17160738,-86.51902861,LOCAL/CITY RD,,,,URBAN,N,N,N,,DAYLIGHT,CLOUDY,DRY,,T-INTERSECTION,,ASPHALT,FOLLOWING TOO CLOSELY,$5001 TO $10000,REAR END,NFEELNE 10THST,0,,2022-01-19 13:40:00,,,
MONROE SD,M22A1243,MONROE,CLEAR CREEK,,1,,1,0,0,,S ROGERS ST,,,,,S ROGERS ST,WALLACE CT,,,,N,,0.0,,39.102615,-86.539765,LOCAL/CITY RD,,,,URBAN,N,N,N,,DAYLIGHT,CLOUDY,ICE,,T-INTERSECTION,,ASPHALT,RDWAY SURFACE CONDITION,$5001 TO $10000,RAN OFF RD,WALLACECTSROGERSST,0,,2022-01-17 13:30:00,,,
INDIANA UNIV BLOOMINGTON PD,220247,MONROE,BLOOMINGTON,BLOOMINGTON,2,,0,0,0,,ST RD 45,,,,,ST RD 45,E 10TH ST,,,,Y,,0.0,,39.17207732,-86.50262422,ST RD,,,,URBAN,N,N,N,,DAYLIGHT,RAIN,WET,,FOUR-WAY INTERSECTION,,ASPHALT,FOLLOWING TOO CLOSELY,$1001 TO $2500,REAR END,STATERD45E 10THST,0,,2022-01-24 15:20:00,,,
MONROE SD,M22A1016,MONROE,PERRY,BLOOMINGTON,1,,0,0,0,,S FAIRFAX RD,,,,,S FAIRFAX RD,S FAIRFAX RD,,,,N,,0.0,,39.07935073,-86.5134245,LOCAL/CITY RD,,,,URBAN,N,N,N,,DARK (NOT LIGHTED),CLEAR,DRY,,NO JUNCTION INVOLVED,,ASPHALT,UNSAFE LN MOVEMENT,$5001 TO $10000,RAN OFF RD,SFAIRFAXRDSFAIRFAXRD,0,,2022-01-14 02:01:00,,,
BLOOMINGTON PD,B22-02104,MONROE,RICHLAND,BLOOMINGTON,1,,0,0,0,,I-69 S,,,,,I-69 S,,,119.0,,Y,,0.0,,0.0,0.0,INTERSTATE,,,,RURAL,N,Y,N,,DARK (NOT LIGHTED),CLEAR,DRY,,NO JUNCTION INVOLVED,,ASPHALT,DRIVER ASLEEP OR FATIGUED,$2501 TO $5000,OTHER - EXPLAIN IN NARRATIVE,I-69SOUTHBOUND119,0,,2022-01-20 04:00:00,,,
MONROE SD,M22A2029,MONROE,VAN BUREN,BLOOMINGTON,2,,0,0,0,,W TAPP RD,,,,,W TAPP RD,S DANNY RD,,,,N,,400.0,,0.0,0.0,COUNTY RD,,,,RURAL,N,N,N,,DAYLIGHT,CLOUDY,WET,,TRAFFIC CIRCLE/ROUNDABOUT,,ASPHALT,FAILURE TO MAINTAIN LN,$5001 TO $10000,SAME DIRECTION SIDESWIPE,WESTTAPPRDSOUTHDANNYRD,0,,2022-01-27 11:30:00,,,
MONROE SD,M22A233,MONROE,BEAN BLOSSOM,BLOOMINGTON,2,0.0,1,0,0,,N MT TABOR,RD,,,,N MT TABOR,W COWDEN,,,,N,,1000.0,S,39.266864,-86.620704,LOCAL/CITY RD,,N,N,RURAL,N,N,N,,DAYLIGHT,CLEAR,DRY,,NO JUNCTION INVOLVED,STRAIGHT/HILLCREST,ASPHALT,UNSAFE SPEED,$25001 TO $50000,RIGHT ANGLE,NMTTABORRDWCOWDENRD,0,NONE,2022-01-04 11:15:00,,,
INDIANA UNIV BLOOMINGTON PD,220060,MONROE,BLOOMINGTON,BLOOMINGTON,2,,0,0,0,1600,E 10TH ST,,,,,E 10TH ST,,,,,Y,,0.0,,39.17188602,-86.51206023,LOCAL/CITY RD,,,,URBAN,N,N,N,,DAYLIGHT,CLOUDY,DRY,,NO JUNCTION INVOLVED,,ASPHALT,OTHER (DRIVER) - EXPLAIN IN NARRATIVE,$1001 TO $2500,BACKING CRASH,E 10THST,0,,2022-01-10 09:23:00,,,
BLOOMINGTON PD,B22-02345,MONROE,BLOOMINGTON,BLOOMINGTON,2,,0,0,0,,N WALNUT ST,,,,,N WALNUT ST,W 8TH ST,,,,N,,0.0,,39.16942813,-86.53358764,,,,,URBAN,N,N,N,,DARK (LIGHTED),CLEAR,DRY,,FOUR-WAY INTERSECTION,,ASPHALT,UNSAFE LN MOVEMENT,$1001 TO $2500,RIGHT TURN,W8THSTNWALNUTST,0,,2022-01-22 02:25:00,,,
MONROE SD,M22A2058,MONROE,BLOOMINGTON,BLOOMINGTON,1,,0,0,0,,E ROBINSON RD,,,,,E ROBINSON RD,N HUDOFF RD,,,,Y,,0.0,,39.24932626,-86.46419338,LOCAL/CITY RD,,,,RURAL,N,N,N,,DAYLIGHT,CLOUDY,DRY,,T-INTERSECTION,,ASPHALT,UNSAFE SPEED,$1001 TO $2500,RAN OFF RD,NHUDOFFRDEROBINSONRD,0,,2022-01-27 15:23:00,,,
BLOOMINGTON PD,B22-01164,MONROE,PERRY,BLOOMINGTON,3,,2,0,0,,1199 S COLLEGE MALL RD,,,,,S COLLEGE MALL RD,,,,,Y,,0.0,,0.0,0.0,LOCAL/CITY RD,,,,URBAN,N,N,N,,DAWN/DUSK,CLEAR,DRY,,FOUR-WAY INTERSECTION,,ASPHALT,DRIVER ILLNESS,$5001 TO $10000,HEAD ON BETWEEN TWO MOTOR VEHICLES,1199SCOLLEGEMALLRD,0,,2022-01-11 16:51:00,1199.0,,
MONROE SD,M22A574,MONROE,VAN BUREN,BLOOMINGTON,2,0.0,0,0,0,3585,W ST RD 45,RD,,,,W ST RD 45,,,,,N,,,,39.141477,-86.58021,OTHER,,N,N,RURAL,N,N,N,,DAYLIGHT,CLOUDY,DRY,,T-INTERSECTION,CURVE/GRADE,ASPHALT,FOLLOWING TOO CLOSELY,$1001 TO $2500,REAR END,WESTSTATERD45RD,0,YIELD SIGN,2022-01-08 12:45:00,,,
MONROE SD,M22A1033,MONROE,RICHLAND,BLOOMINGTON,1,0.0,0,0,0,3585,W ST RD 46,RD,,,,W ST RD 46,,,,,N,,,,39.208682,-86.582335,OTHER,,N,N,RURAL,N,N,N,,DAYLIGHT,CLEAR,DRY,,NO JUNCTION INVOLVED,STRAIGHT/LEVEL,ASPHALT,OTHER (DRIVER) - EXPLAIN IN NARRATIVE,$25001 TO $50000,OTHER - EXPLAIN IN NARRATIVE,WSTATE46RD,0,NONE,2022-01-14 10:10:00,,,
BLOOMINGTON PD,B22-00055,MONROE,PERRY,BLOOMINGTON,3,,0,0,0,,S LEONARD SPRINGS RD,,,,,S LEONARD SPRINGS RD,W SIMS LN,,,,Y,,0.0,,39.12609456,-86.58257087,LOCAL/CITY RD,,,,URBAN,N,N,N,,DAYLIGHT,RAIN,WET,,INTERCHANGE,,ASPHALT,FOLLOWING TOO CLOSELY,$5001 TO $10000,REAR END,WSIMSLNSLEONARDSPRINGSRD,0,,2022-01-01 14:52:00,,,
DNR LAW ENFORCEMENT,06-22-02512,MONROE,BLOOMINGTON,BLOOMINGTON,1,,0,0,0,,I-69,,,,,I-69,,,,,N,,1267.0,,39.24281749,-86.53542496,,,,,URBAN,N,N,N,,DARK (NOT LIGHTED),RAIN,WET,,NO JUNCTION INVOLVED,,ASPHALT,RDWAY SURFACE CONDITION,$5001 TO $10000,,I-69,0,,2022-09-11 14:10:00,,,
BLOOMINGTON PD,B22-11727,MONROE,PERRY,BLOOMINGTON,2,,0,0,0,,E MOORES PK,,,,,E MOORES PK,S COLLEGE MALL RD,,,,Y,,0.0,,39.15048149,-86.49826215,LOCAL/CITY RD,,,,URBAN,N,N,N,,DAYLIGHT,CLEAR,DRY,,FOUR-WAY INTERSECTION,,ASPHALT,DISREGARD SIGNAL/REG SIGN,$2501 TO $5000,RIGHT ANGLE,SCOLLEGEMALLRDEMOORESPK,0,,2022-04-05 15:17:00,,,
ISP BLOOMINGTON 33,2.022E+11,MONROE,BLOOMINGTON,BLOOMINGTON,1,,1,0,0,,I-69,,,,,I-69,,,128.0,,N,,500.0,,39.29512645,-86.51818102,INTERSTATE,,,,RURAL,N,N,N,,DAYLIGHT,RAIN,WET,,NO JUNCTION INVOLVED,,ASPHALT,FAILURE TO MAINTAIN LN,$50001 TO $100000,RAN OFF RD,I-69128,0,,2022-04-13 19:00:00,,,
BLOOMINGTON PD,B22-21365,MONROE,BLOOMINGTON,BLOOMINGTON,1,,0,0,0,,N COLLEGE AVE,,,,,N COLLEGE AVE,W 10TH ST,,,,N,,0.0,,39.17160299,-86.53484755,LOCAL/CITY RD,,,,URBAN,N,N,N,,DAYLIGHT,CLEAR,DRY,,FOUR-WAY INTERSECTION,,ASPHALT,OVERCORRECTING/OVERSTEERING,UNDER $1001,OTHER - EXPLAIN IN NARRATIVE,W10THSTNCOLLEGEAVE,0,,2022-06-08 16:01:00,,,
MONROE SD,M22A12301,MONROE,BLOOMINGTON,BLOOMINGTON,1,,0,0,0,,I-69,,,,,I-69,,,,,N,,370.0,,39.2470366,-86.53219119,INTERSTATE,,,,RURAL,N,N,N,,DARK (NOT LIGHTED),RAIN,WET,,NO JUNCTION INVOLVED,,ASPHALT,ANIMAL/OBJECT IN RDWAY,$2501 TO $5000,COLLISION WITH OBJECT IN RD,I-69,0,,2022-05-27 05:50:00,,,
BLOOMINGTON PD,B22-24521,MONROE,BLOOMINGTON,BLOOMINGTON,2,,0,0,0,215,S WALNUT ST,,,,,S WALNUT ST,,,,,Y,,0.0,,39.16595663,-86.53361232,PRIVATE DR,,,,URBAN,N,N,N,,DAYLIGHT,CLEAR,DRY,,NO JUNCTION INVOLVED,,ASPHALT,FAILURE TO YIELD RIGHT OF WAY,$1001 TO $2500,OTHER - EXPLAIN IN NARRATIVE,SWALNUTST,0,,2022-06-29 13:00:00,,,
BLOOMINGTON PD,B22-34629,MONROE,BLOOMINGTON,BLOOMINGTON,2,,0,0,0,,W 3RD ST,,,,,W 3RD ST,S MADISON ST,,,,Y,,0.0,,39.16463133,-86.53744645,LOCAL/CITY RD,,,,URBAN,N,N,N,,DAYLIGHT,CLEAR,DRY,,FOUR-WAY INTERSECTION,,ASPHALT,OTHER (DRIVER) - EXPLAIN IN NARRATIVE,$5001 TO $10000,RIGHT ANGLE,W 3RDSTSMADISONST,0,,2022-08-31 11:46:00,,,
ISP BLOOMINGTON 33,2.022E+11,MONROE,BLOOMINGTON,BLOOMINGTON,2,,0,0,0,,ST RD 45,,,,,ST RD 45,N WALNUT ST,,,,Y,,600.0,,39.18626641,-86.53386459,ST RD,,,,URBAN,N,N,N,,DAYLIGHT,CLOUDY,WET,,NO JUNCTION INVOLVED,,ASPHALT,SPEED TOO FAST FOR WEATHER CONDITIONS,$5001 TO $10000,REAR END,ST RD 45NWALNUTST,0,,2022-02-24 10:40:00,,,
MONROE SD,M22A22846,MONROE,INDIAN CREEK,BLOOMINGTON,2,,1,0,0,,S HARMONY RD,,,,,S HARMONY RD,S ROCKPORT RD,,,,N,,0.0,,39.0502154,-86.60934395,LOCAL/CITY RD,,,,RURAL,N,N,N,,DAYLIGHT,CLEAR,DRY,,T-INTERSECTION,,ASPHALT,FAILURE TO YIELD RIGHT OF WAY,$10001 TO $25000,RIGHT ANGLE,SROCKPORTRDSHARMONYRD,0,,2022-09-16 17:40:00,,,
BLOOMINGTON PD,B22-03979,MONROE,BLOOMINGTON,BLOOMINGTON,2,,0,0,0,,N INDIANA AVE,,,,,N INDIANA AVE,E 13TH ST,,,,N,,0.0,,39.175232,-86.5269973,LOCAL/CITY RD,,,,URBAN,N,N,N,,DAYLIGHT,CLEAR,DRY,,FOUR-WAY INTERSECTION,,ASPHALT,FAILURE TO YIELD RIGHT OF WAY,$2501 TO $5000,RIGHT ANGLE,NINDIANAAVEE13THST,0,,2022-02-05 16:01:00,,,
BLOOMINGTON PD,B22-35288,MONROE,BLOOMINGTON,BLOOMINGTON,2,,1,0,0,,ST RD 46,,,,,ST RD 46,N KINSER PK,,,,Y,,0.0,,39.18644374,-86.53795741,ST RD,,,,URBAN,N,N,N,,DARK (NOT LIGHTED),RAIN,WET,,FOUR-WAY INTERSECTION,,ASPHALT,FAILURE TO YIELD RIGHT OF WAY,$2501 TO $5000,RIGHT ANGLE,STATERD46NKINSERPK,0,,2022-09-03 21:40:00,,,
ISP BLOOMINGTON 33,2.022E+11,MONROE,VAN BUREN,BLOOMINGTON,2,,0,0,0,,W ST RD 45,,,,,W ST RD 45,INDUSTRIAL BLVD,,,,Y,,0.0,,39.14356349,-86.58030718,ST RD,,,,URBAN,N,N,N,,DAYLIGHT,RAIN,WATER (STANDING OR MOVING),,FOUR-WAY INTERSECTION,,ASPHALT,FAILURE TO YIELD RIGHT OF WAY,$5001 TO $10000,LEFT TURN,WSTATERD45INDUSTRIALBLVD,0,,2022-05-19 18:00:00,,,