Agency,Local Code,County,Township,City,Vehicles Involved,Trailers Involved,Number Injured,Number Dead,Number Deer,House Number,Roadway Name,Roadway Suffix,Roadway Number,Roadway Interchange,Roadway Ramp,Roadway Id,Intersecting Road,Intersecting Road Number,Mile Marker,Interchange,Corporate Limits?,Property Type,Feet From,Direction,Latitude,Longitude,Roadway Class,Traffic Control Devices?,Aggressive Driving?,Hit and Run?,Locality,School Zone?,Rumble Strips?,Construction?,Construction Type,Light Condition,Weather Conditions,Surface Condition,Type of Median,Roadway Junction Type,Road Character,Roadway Surface,Primary Factor,Damage Estimate,Manner of Collision,Unique Location Id,State Property Damage?,Traffic Control,DateTime,Address Number,Cyclist Involved,Pedestrian Involved
BLOOMINGTON PD,B22-15468,MONROE,BLOOMINGTON,BLOOMINGTON,2,,0,0,0,,N ST RD 46,,,,,N ST RD 46,E ASTGATE LN,,,,Y,,1000.0,,39.16902209,-86.50040329,ST RD,,,,URBAN,N,N,N,,DAYLIGHT,CLOUDY,DRY,,NO JUNCTION INVOLVED,,ASPHALT,FOLLOWING TOO CLOSELY,$5001 TO $10000,REAR END,NST RD 46EEASTGATELN,0,,2022-04-29 13:09:00,,,
BLOOMINGTON PD,B22-33976,MONROE,PERRY,BLOOMINGTON,2,,0,0,0,2966,E 3RD ST,,,,,E 3RD ST,,,,,Y,,0.0,,39.16265151,-86.49375863,PRIVATE DR,,,,URBAN,N,N,N,,DAYLIGHT,CLEAR,DRY,,NO JUNCTION INVOLVED,,ASPHALT,IMPROPER TURNING,$2501 TO $5000,LEFT/RIGHT TURN,EAST3RDST,0,,2022-08-27 17:19:00,,,
BLOOMINGTON PD,B22-22317,MONROE,VAN BUREN,BLOOMINGTON,1,,0,0,1,,W BLOOMFIELD RD,,,,,W BLOOMFIELD RD,S ANNA LEE LN,,,,Y,,0.0,,39.15829794,-86.55693895,LOCAL/CITY RD,,,,URBAN,N,N,N,,DAWN/DUSK,CLEAR,DRY,,NO JUNCTION INVOLVED,,ASPHALT,OTHER (ENVIRONMENTAL) - EXPLAIN IN NARR,$1001 TO $2500,COLLISION WITH DEER,WBLOOMFIELDRDSANNALEELN,0,,2022-06-14 21:09:00,,,
MONROE SD,M22A15509,MONROE,VAN BUREN,BLOOMINGTON,2,,3,0,0,,W ST RD 45,,,,,W ST RD 45,ST RD 45,,,,N,,0.0,,39.1405646,-86.58624557,ST RD,,,,RURAL,N,Y,N,,DAYLIGHT,CLEAR,DRY,,NO JUNCTION INVOLVED,,ASPHALT,FAILURE TO YIELD RIGHT OF WAY,$10001 TO $25000,HEAD ON BETWEEN TWO MOTOR VEHICLES,WSTATERD45STATERD45,0,,2022-06-29 18:51:00,,,
BLOOMINGTON PD,B22-29526,MONROE,PERRY,BLOOMINGTON,2,,0,0,0,,608 S COLLEGE MALL RD,,,,,S COLLEGE MALL RD,,,,,Y,,0.0,,,,PRIVATE DR,,,,URBAN,N,N,N,,DAYLIGHT,CLOUDY,DRY,,NO JUNCTION INVOLVED,,ASPHALT,UNSAFE BACKING,$1001 TO $2500,BACKING CRASH,608S.COLLEGEMALLRD,0,,2022-08-01 13:48:00,608.0,,
BLOOMINGTON PD,B22-29539,MONROE,BLOOMINGTON,BLOOMINGTON,2,,0,0,0,,W KIRKWOOD AVE,,,,,W KIRKWOOD AVE,N ELM ST,,,,Y,,317.0,,39.16666382,-86.54462805,LOCAL/CITY RD,,,,URBAN,N,N,N,,DAYLIGHT,CLEAR,DRY,,NO JUNCTION INVOLVED,,ASPHALT,IMPROPER PASSING,UNDER $1001,SAME DIRECTION SIDESWIPE,WKIRKWOODAVENELMST,0,,2022-08-01 14:53:00,,,
BLOOMINGTON PD,B22-33406,MONROE,BLOOMINGTON,BLOOMINGTON,1,,1,0,0,406,E 11TH ST,,,,,E 11TH ST,,,,,Y,,0.0,,39.17332315,-86.52910458,PRIVATE DR,,,,URBAN,N,N,N,,DARK (LIGHTED),CLEAR,DRY,,NO JUNCTION INVOLVED,,CONCRETE,OTHER (DRIVER) - EXPLAIN IN NARRATIVE,$10001 TO $25000,RAN OFF RD,E11THST,0,,2022-08-23 20:00:00,,,
INDIANA UNIV BLOOMINGTON PD,223658,MONROE,BLOOMINGTON,BLOOMINGTON,2,,0,0,0,,ST RD 45,,,,,ST RD 45,E 17TH ST,,,,Y,,0.0,,39.17972594,-86.50722689,ST RD,,,,URBAN,N,N,N,,DAYLIGHT,CLEAR,DRY,,FOUR-WAY INTERSECTION,,ASPHALT,DISREGARD SIGNAL/REG SIGN,$25001 TO $50000,LEFT TURN,STATERD45E17THST,0,,2022-09-29 16:45:00,,,
BLOOMINGTON PD,B22-12212,MONROE,PERRY,BLOOMINGTON,2,,0,0,0,,2894 E 3RD ST,,,,,E 3RD ST,,,,,Y,,0.0,,39.16265429,-86.49661607,PRIVATE DR,,,,URBAN,N,N,N,,DAYLIGHT,CLOUDY,WET,,NO JUNCTION INVOLVED,,ASPHALT,IMPROPER TURNING,$1001 TO $2500,SAME DIRECTION SIDESWIPE,2894E 3RDST,0,,2022-04-08 17:51:00,2894.0,,
INDIANA UNIV BLOOMINGTON PD,222646,MONROE,BLOOMINGTON,BLOOMINGTON,2,,0,0,0,,E 3RD ST,,,,,E 3RD ST,S FESS AVE,,,,Y,,0.0,,39.16428594,-86.52586959,LOCAL/CITY RD,,,,URBAN,N,N,N,,DARK (NOT LIGHTED),CLEAR,DRY,,T-INTERSECTION,,ASPHALT,FAILURE TO YIELD RIGHT OF WAY,$2501 TO $5000,LEFT TURN,SFESSAVEE 3RDST,0,,2022-08-16 23:50:00,,,
INDIANA UNIV BLOOMINGTON PD,222567,MONROE,BLOOMINGTON,BLOOMINGTON,2,,0,0,0,,E 10TH ST,,,,,E 10TH ST,N WALNUT GROVE AVE,,,,Y,,0.0,,39.17162402,-86.52069694,LOCAL/CITY RD,,,,URBAN,N,N,N,,DAYLIGHT,CLEAR,DRY,,NO JUNCTION INVOLVED,,ASPHALT,FOLLOWING TOO CLOSELY,$1001 TO $2500,REAR END,NWALNUTGROVEAVEE 10THST,0,,2022-08-08 08:30:00,,,
INDIANA UNIV BLOOMINGTON PD,220299,MONROE,BLOOMINGTON,BLOOMINGTON,2,,0,0,0,,ST RD 45,,,,,ST RD 45,DISCOVERY PKWY,,,,Y,,0.0,,39.17517191,-86.50425903,ST RD,,,,URBAN,N,N,N,,DAYLIGHT,CLEAR,DRY,,T-INTERSECTION,,ASPHALT,FOLLOWING TOO CLOSELY,$2501 TO $5000,REAR END,STATERD45DISCOVERYPKWY,0,,2022-01-27 17:05:00,,,
ELLETTSVILLE PD,E2200761,MONROE,RICHLAND,ELLETTSVILLE,2,0.0,0,0,0,,TEMPERANCE,ST,,,,TEMPERANCE,MATTHEWS,,,,Y,,,,39.234768,-86.626384,LOCAL/CITY RD,,N,N,URBAN,N,N,N,,DAYLIGHT,CLEAR,DRY,,T-INTERSECTION,STRAIGHT/HILLCREST,ASPHALT,DRIVER DISTRACTED - EXPLAIN IN NARRATIVE,$5001 TO $10000,REAR END,MATTHEWSDRTEMPERANCEST,0,NONE,2022-03-01 14:46:00,,,
MONROE SD,M22A4560,MONROE,VAN BUREN,BLOOMINGTON,1,,0,0,0,,S HOFF LN,,,,,S HOFF LN,S GARRISON CHAPEL RD,,,,N,,0.0,,39.1370476,-86.64299358,LOCAL/CITY RD,,,,RURAL,N,N,N,,DARK (NOT LIGHTED),CLEAR,WET,,T-INTERSECTION,,ASPHALT,OTHER (DRIVER) - EXPLAIN IN NARRATIVE,$1001 TO $2500,RAN OFF RD,SHOFFLNSGARRISONCHAPELRD,0,,2022-02-25 21:15:00,,,
MONROE SD,M22A13695,MONROE,VAN BUREN,BLOOMINGTON,1,,0,1,0,,W AIRPORT RD,,,,,W AIRPORT RD,S KIRBY RD,,,,N,,1000.0,,39.13690607,-86.61518044,LOCAL/CITY RD,,,,RURAL,N,N,N,,DAWN/DUSK,CLEAR,DRY,,NO JUNCTION INVOLVED,,ASPHALT,DRIVER DISTRACTED - EXPLAIN IN NARRATIVE,$1001 TO $2500,RAN OFF RD,WAIRPORTRDSKIRBYRD,1,,2022-06-10 20:48:00,,,True
BLOOMINGTON PD,B22-37619,MONROE,BLOOMINGTON,BLOOMINGTON,2,,0,0,0,,S PARK AVE,,,,,S PARK AVE,E 2ND ST,,,,Y,,0.0,,39.16109313,-86.52401394,LOCAL/CITY RD,,,,URBAN,N,N,N,,DAYLIGHT,CLEAR,DRY,,FOUR-WAY INTERSECTION,,ASPHALT,IMPROPER LN USAGE,$5001 TO $10000,SAME DIRECTION SIDESWIPE,SPARKAVEE 2NDST,0,,2022-09-17 13:58:00,,,
BLOOMINGTON PD,B22-13338,MONROE,PERRY,BLOOMINGTON,1,,0,0,0,,1255 S COLLEGE MALL RD,,,,,S COLLEGE MALL RD,,,,,Y,,0.0,,39.15302024,-86.49719414,PRIVATE DR,,,,URBAN,N,N,N,,DAYLIGHT,CLEAR,DRY,,NO JUNCTION INVOLVED,,ASPHALT,OTHER (DRIVER) - EXPLAIN IN NARRATIVE,$10001 TO $25000,RAN OFF RD,1255SCOLLEGEMALLRD,0,,2022-04-16 04:47:00,1255.0,,
BLOOMINGTON PD,B22-26731,MONROE,PERRY,BLOOMINGTON,2,,0,0,0,,W TAPP RD,,,,,W TAPP RD,S DEBORAH DR,,,,Y,,0.0,,39.13650077,-86.5679028,LOCAL/CITY RD,,,,URBAN,N,N,N,,DAYLIGHT,CLEAR,DRY,,FOUR-WAY INTERSECTION,,ASPHALT,UNSAFE LN MOVEMENT,$5001 TO $10000,SAME DIRECTION SIDESWIPE,WTAPPRDSDEBORAHDR,0,,2022-07-13 12:49:00,,,
BLOOMINGTON PD,B22-08964,MONROE,PERRY,BLOOMINGTON,2,,0,0,0,,DORCHESTER DR,,,,,DORCHESTER DR,HILLSIDE DR,,,,N,,0.0,,39.150497,-86.512521,LOCAL/CITY RD,,,,URBAN,N,N,N,,DAYLIGHT,CLEAR,DRY,,FOUR-WAY INTERSECTION,,ASPHALT,FAILURE TO YIELD RIGHT OF WAY,$10001 TO $25000,RIGHT ANGLE,HILLSIDEDRDORCHESTERDR,0,,2022-03-17 13:20:00,,,
BLOOMINGTON PD,B22-22707,MONROE,PERRY,BLOOMINGTON,2,,1,0,0,,W HOWE ST,,,,,W HOWE ST,S ROGERS ST,,,,Y,,0.0,,39.16239364,-86.53876967,LOCAL/CITY RD,,,,URBAN,N,N,N,,DAYLIGHT,CLEAR,DRY,,FOUR-WAY INTERSECTION,,ASPHALT,FOLLOWING TOO CLOSELY,$5001 TO $10000,REAR END,WHOWESTSROGERSST,0,,2022-06-17 10:50:00,,,
MONROE SD,M22A2786,MONROE,VAN BUREN,BLOOMINGTON,2,,0,0,0,3585,W ST RD 45,,,,,W ST RD 45,,,,,N,,0.0,,39.14285539,-86.57948819,ST RD,,,,URBAN,N,N,N,,DAYLIGHT,CLEAR,WET,,NO JUNCTION INVOLVED,,ASPHALT,UNSAFE BACKING,$2501 TO $5000,RIGHT ANGLE,WSTATERD45,0,,2022-02-05 12:04:00,,,
BLOOMINGTON PD,B22-15796,MONROE,BLOOMINGTON,BLOOMINGTON,2,,0,0,0,,W 6TH ST,,,,,W 6TH ST,N ROGERS ST,,,,Y,,0.0,,39.16759596,-86.53868877,,,,,URBAN,N,N,N,,DAYLIGHT,CLEAR,DRY,,FOUR-WAY INTERSECTION,,ASPHALT,DISREGARD SIGNAL/REG SIGN,$2501 TO $5000,RIGHT ANGLE,W6THSTNROGERSST,0,,2022-05-01 19:08:00,,,
BLOOMINGTON PD,B22-30938,MONROE,PERRY,BLOOMINGTON,2,,0,0,0,400,E 3RD ST,,,,,E 3RD ST,,,,,Y,,0.0,,39.16422019,-86.52950108,PRIVATE DR,,,,URBAN,N,N,N,,DAYLIGHT,CLEAR,DRY,,NO JUNCTION INVOLVED,,ASPHALT,UNSAFE BACKING,$2501 TO $5000,BACKING CRASH,E 3RDST,0,,2022-08-10 12:25:00,,,
ISP BLOOMINGTON 33,2.022E+11,MONROE,RICHLAND,BLOOMINGTON,2,,1,0,0,,ST RD 46,,,,,ST RD 46,N SMITH PK,,,,Y,,0.0,,39.21089095,-86.58546701,ST RD,,,,URBAN,N,N,N,,DAYLIGHT,CLEAR,DRY,,FOUR-WAY INTERSECTION,,ASPHALT,FAILURE TO YIELD RIGHT OF WAY,$10001 TO $25000,RIGHT ANGLE,STATERD46N.SMITHPK,0,,2022-09-01 15:35:00,,,
BLOOMINGTON PD,B22-10822,MONROE,PERRY,BLOOMINGTON,2,,0,0,0,,W 3RD ST,,,,,W 3RD ST,KIMBLE DR,,,,Y,,100.0,,39.164538,-86.5679847,LOCAL/CITY RD,,,,URBAN,N,N,N,,DAYLIGHT,CLOUDY,DRY,,FOUR-WAY INTERSECTION,,ASPHALT,UNSAFE LN MOVEMENT,$2501 TO $5000,SAME DIRECTION SIDESWIPE,W.3RDSTKIMBLEDR,0,,2022-03-30 11:55:00,,,
BLOOMINGTON PD,B22-32323,MONROE,PERRY,BLOOMINGTON,1,,0,0,0,,E ROGERS ST,,,,,E ROGERS ST,E WINSLOW RD,,,,Y,,0.0,,39.13641537,-86.5080167,LOCAL/CITY RD,,,,URBAN,N,N,N,,DAYLIGHT,CLEAR,DRY,,TRAFFIC CIRCLE/ROUNDABOUT,,ASPHALT,UNSAFE SPEED,$2501 TO $5000,RAN OFF RD,EWINSLOWRDEROGERSRD,0,,2022-08-18 19:30:00,,,
BLOOMINGTON PD,B22-09901,MONROE,PERRY,BLOOMINGTON,2,,0,0,0,1175,S COLLEGE MALL RD; KROGER,,,,,S COLLEGE MALL RD,,,,,Y,,0.0,,39.15281242,-86.49583144,PRIVATE DR,,,,URBAN,N,N,N,,DAYLIGHT,CLOUDY,DRY,,NO JUNCTION INVOLVED,,ASPHALT,FAILURE TO YIELD RIGHT OF WAY,$1001 TO $2500,SAME DIRECTION SIDESWIPE,SCOLLEGEMALLRD;KROGER,0,,2022-03-23 10:15:00,,,
INDIANA UNIV BLOOMINGTON PD,223486,MONROE,BLOOMINGTON,BLOOMINGTON,2,,0,0,0,,N EAGLESON AVE,,,,,N EAGLESON AVE,,,,,Y,,0.0,,39.16746925,-86.5149892,PRIVATE DR,,,,URBAN,N,N,N,,DAYLIGHT,CLEAR,DRY,,NO JUNCTION INVOLVED,,ASPHALT,UNSAFE BACKING,UNDER $1001,BACKING CRASH,NEAGLESON AVEAVE,0,,2022-09-21 08:15:00,,,
BLOOMINGTON PD,B22-17040,MONROE,PERRY,BLOOMINGTON,2,,0,0,0,,W 2ND ST,,,,,W 2ND ST,S PATTERSON DR,,,,Y,,0.0,,39.160737,-86.548536,LOCAL/CITY RD,,,,URBAN,N,N,N,,DAYLIGHT,CLOUDY,DRY,,FOUR-WAY INTERSECTION,,ASPHALT,FAILURE TO YIELD RIGHT OF WAY,$2501 TO $5000,RIGHT ANGLE,W.2NDSTS.PATTERSONDR,0,,2022-05-10 11:23:00,,,
BLOOMINGTON PD,B22-12206,MONROE,PERRY,BLOOMINGTON,2,,0,0,0,,E 1ST,,,,,E 1ST,S WASHINGTON ST,,,,Y,,30.0,,39.15937725,-86.53264359,LOCAL/CITY RD,,,,URBAN,N,N,N,,DAYLIGHT,CLOUDY,DRY,,FOUR-WAY INTERSECTION,,ASPHALT,FAILURE TO YIELD RIGHT OF WAY,$1001 TO $2500,RIGHT ANGLE,SWASHINGTONSTE1STST,0,,2022-04-08 17:00:00,,,
BLOOMINGTON PD,B22-32264,MONROE,PERRY,BLOOMINGTON,2,,0,0,0,,S ROCKPORT RD,,,,,S ROCKPORT RD,W TAPP RD,,,,Y,,0.0,,39.136332,-86.548756,LOCAL/CITY RD,,,,URBAN,N,N,N,,DAYLIGHT,CLEAR,DRY,,FOUR-WAY INTERSECTION,,ASPHALT,FOLLOWING TOO CLOSELY,$1001 TO $2500,REAR END,W.TAPPRDS.ROCKPORTRD,0,,2022-08-18 14:07:00,,,
MONROE SD,M22A6175,MONROE,BENTON,BLOOMINGTON,2,,0,0,0,,SERVICE RD,,,,,SERVICE RD,E MAIN FOREST RD,,,,N,,50.0,,39.17029251,-86.53917176,LOCAL/CITY RD,,,,RURAL,N,N,N,,DARK (NOT LIGHTED),CLEAR,DRY,,NO JUNCTION INVOLVED,,ASPHALT,FAILURE TO MAINTAIN LN,$2501 TO $5000,RAN OFF RD,SERVICERDEMAINFORESTRD,0,,2022-03-18 00:41:00,,,
MONROE SD,M22A20455,MONROE,,BLOOMINGTON,2,,0,0,0,100,N CURRY PK,,,,,N CURRY PK,,,,,N,,0.0,,39.167493,-86.582626,PRIVATE DR,,,,URBAN,N,N,N,,DAYLIGHT,CLEAR,DRY,,NO JUNCTION INVOLVED,,ASPHALT,UNSAFE BACKING,UNDER $1001,BACKING CRASH,NCURRYPK,0,,2022-08-21 14:05:00,,,
BLOOMINGTON PD,B22-37609,MONROE,BLOOMINGTON,BLOOMINGTON,2,,0,0,0,,W KIRKWOOD AVE,,,,,W KIRKWOOD AVE,N JACKSON ST,,,,Y,,0.0,,39.16666026,-86.53978266,LOCAL/CITY RD,,,,URBAN,N,N,B,,DAYLIGHT,CLEAR,DRY,,FOUR-WAY INTERSECTION,,ASPHALT,IMPROPER LN USAGE,$1001 TO $2500,SAME DIRECTION SIDESWIPE,WKIRKWOODAVENJACKSONST,0,,2022-09-17 13:03:00,,,
BLOOMINGTON PD,B22-05418,MONROE,PERRY,BLOOMINGTON,2,,0,0,0,,S COLLEGE MALL RD,,,,,S COLLEGE MALL RD,E 2ND ST,,,,Y,,0.0,,39.1609319,-86.4977835,LOCAL/CITY RD,,,,URBAN,N,N,N,,DAYLIGHT,CLEAR,DRY,,FOUR-WAY INTERSECTION,,ASPHALT,FOLLOWING TOO CLOSELY,$2501 TO $5000,REAR END,S.COLLEGEMALLRDE 2NDST,0,,2022-02-18 08:04:00,,,
MONROE SD,M22A12648,MONROE,CLEAR CREEK,BLOOMINGTON,2,,0,0,0,,S FAIRFAX RD,,,,,S FAIRFAX RD,E CLEVE BUTCHER,,,,N,,0.0,,39.04853873,-86.4919146,LOCAL/CITY RD,,,,RURAL,N,N,N,,DAYLIGHT,CLEAR,DRY,,T-INTERSECTION,,ASPHALT,OTHER (VEHICLE) - EXPLAIN IN NARRATIVE,$5001 TO $10000,RIGHT ANGLE,SFAIRFAXRDECLEVEBUTCHER,0,,2022-05-31 12:21:00,,,
BLOOMINGTON PD,B22-05718,MONROE,BLOOMINGTON,BLOOMINGTON,2,,0,0,0,,W 3RD ST,,,,,W 3RD ST,S FRANKLIN RD,,,,Y,,0.0,,39.16456755,-86.57015509,LOCAL/CITY RD,,,,URBAN,N,N,N,,DAYLIGHT,CLEAR,DRY,,FOUR-WAY INTERSECTION,,ASPHALT,FAILURE TO YIELD RIGHT OF WAY,$10001 TO $25000,RIGHT ANGLE,W 3RDSTSFRANKLINRD,0,,2022-02-20 15:00:00,,,
BLOOMINGTON PD,B22-31717,MONROE,BLOOMINGTON,BLOOMINGTON,2,,0,0,0,,E 10TH ST,,,,,E 10TH ST,N WOODBRIDGE DR,,,,Y,,0.0,,39.17152657,-86.49098276,LOCAL/CITY RD,,,,URBAN,N,N,N,,DAYLIGHT,CLEAR,DRY,,FOUR-WAY INTERSECTION,,ASPHALT,FOLLOWING TOO CLOSELY,$5001 TO $10000,REAR END,NWOODBRIDGEDRE 10THST,0,,2022-08-15 17:29:00,,,
BLOOMINGTON PD,B22-33427,MONROE,BLOOMINGTON,BLOOMINGTON,2,,0,0,0,,ST RD 45/46,,,,,ST RD 45/46,N COLLEGE AVE,,,,Y,,0.0,,39.1862651,-86.53450304,ST RD,,,,URBAN,N,N,N,,DAYLIGHT,CLEAR,DRY,,FOUR-WAY INTERSECTION,,ASPHALT,FOLLOWING TOO CLOSELY,$1001 TO $2500,REAR END,ST RD 45/46NCOLLEGEAVE,0,,2022-08-24 15:40:00,,,
BLOOMINGTON PD,B22-32671,MONROE,PERRY,BLOOMINGTON,2,,0,0,0,1918,W 3RD ST: CULVERS,,,,,W 3RD ST,,,,,Y,,0.0,,39.16448774,-86.55981953,PRIVATE DR,,,,URBAN,N,N,N,,DAYLIGHT,CLEAR,DRY,,NO JUNCTION INVOLVED,,ASPHALT,UNSAFE LN MOVEMENT,$1001 TO $2500,SAME DIRECTION SIDESWIPE,W 3RDST:CULVERS,0,,2022-08-20 13:12:00,,,
BLOOMINGTON PD,B22-35933,MONROE,BLOOMINGTON,BLOOMINGTON,2,,0,0,0,,S PETE LLIS DR,,,,,S PETE LLIS DR,E 3RD ST,,,,Y,,370.0,,39.16488296,-86.49487442,LOCAL/CITY RD,,,,URBAN,N,N,N,,DAYLIGHT,CLEAR,DRY,,NO JUNCTION INVOLVED,,ASPHALT,UNSAFE LN MOVEMENT,$1001 TO $2500,SAME DIRECTION SIDESWIPE,SPETEELLISDRE 3RDST,0,,2022-09-07 17:43:00,,,
MONROE SD,M22A18048,MONROE,VAN BUREN,BLOOMINGTON,1,,0,0,0,3585,W ST RD 45,,,,,W ST RD 45,,,,,N,,0.0,,39.14340234,-86.58008423,ST RD,,,,URBAN,N,N,N,,DARK (LIGHTED),RAIN,WET,,FOUR-WAY INTERSECTION,,ASPHALT,FAILURE TO MAINTAIN LN,$2501 TO $5000,RAN OFF RD,WSTATERD45,0,,2022-07-26 08:04:00,,,
MONROE SD,M22A14172,MONROE,PERRY,BLOOMINGTON,2,,0,0,0,,S WALNUT,,,,,S WALNUT,E RHORER RD,,,,N,,0.0,,,,COUNTY RD,,,,RURAL,N,N,N,,DAYLIGHT,CLEAR,DRY,,FOUR-WAY INTERSECTION,,ASPHALT,FOLLOWING TOO CLOSELY,$1001 TO $2500,REAR END,SOUTHWALNUTEASTRHORERRD,0,,2022-06-16 08:21:00,,,
BLOOMINGTON PD,B22-38481,MONROE,PERRY,BLOOMINGTON,2,,0,0,0,,E WINSLOW RD,,,,,E WINSLOW RD,S WALNUT ST,,,,Y,,0.0,,39.13593242,-86.5310002,LOCAL/CITY RD,,,,URBAN,N,N,N,,DARK (LIGHTED),CLEAR,DRY,,FOUR-WAY INTERSECTION,,ASPHALT,FAILURE TO YIELD RIGHT OF WAY,$2501 TO $5000,RIGHT ANGLE,SWALNUTSTEWINSLOWRD,0,,2022-09-22 20:21:00,,,
BLOOMINGTON PD,B22-37206,MONROE,BLOOMINGTON,BLOOMINGTON,1,,0,0,0,,E 3RD ST,,,,,E 3RD ST,S INDIANA AVE,,,,Y,,0.0,,39.16427086,-86.52695507,LOCAL/CITY RD,,,,URBAN,N,N,N,,DARK (LIGHTED),CLEAR,DRY,,FOUR-WAY INTERSECTION,,ASPHALT,UNSAFE BACKING,UNDER $1001,BACKING CRASH,SINDIANAAVEE 3RDST,0,,2022-09-15 00:15:00,,,
BLOOMINGTON PD,B22-19138,MONROE,BLOOMINGTON,BLOOMINGTON,2,,0,0,0,,E 17TH ST,,,,,E 17TH ST,N INDIANA AVE,,,,N,,0.0,,39.17902773,-86.52704721,LOCAL/CITY RD,,,,URBAN,N,N,N,,DAYLIGHT,CLEAR,DRY,,T-INTERSECTION,,ASPHALT,FAILURE TO YIELD RIGHT OF WAY,$1001 TO $2500,SAME DIRECTION SIDESWIPE,NINDIANAAVEE17THST,0,,2022-05-24 17:20:00,,,
ELLETTSVILLE PD,E22-01434,MONROE,RICHLAND,ELLETTSVILLE,1,,0,0,0,,,,46,,,46,N DEER PARK DR,,,,Y,,106.0,,39.21219357,-86.58738595,ST RD,,,,RURAL,N,N,N,,DAYLIGHT,CLEAR,DRY,,NO JUNCTION INVOLVED,,ASPHALT,ANIMAL/OBJECT IN RDWAY,$1001 TO $2500,OTHER - EXPLAIN IN NARRATIVE,NDEERPARKDR46,0,,2022-04-19 16:17:00,,,
BLOOMINGTON PD,B22-10388,MONROE,BLOOMINGTON,BLOOMINGTON,2,,0,0,0,,ST RD 45,,,,,ST RD 45,E 10TH ST,,,,Y,,0.0,,39.17213728,-86.50250924,ST RD,,,,URBAN,N,N,N,,DAYLIGHT,CLEAR,DRY,,FOUR-WAY INTERSECTION,,ASPHALT,FOLLOWING TOO CLOSELY,$2501 TO $5000,REAR END,STATERD45E 10THST,0,,2022-03-26 20:39:00,,,
BLOOMINGTON PD,B22-17383,MONROE,PERRY,BLOOMINGTON,1,,1,0,0,,S MILTON DR,,,,,S MILTON DR,W COUNTRY CLUB DR,,,,Y,,0.0,,39.13613768,-86.53940983,LOCAL/CITY RD,,,,URBAN,N,N,N,,DAYLIGHT,CLEAR,DRY,,T-INTERSECTION,,ASPHALT,FAILURE TO YIELD RIGHT OF WAY,$1001 TO $2500,LEFT TURN,WCOUNTRYCLUBDRSMILTONDR,1,,2022-05-12 13:45:00,,True,
BLOOMINGTON PD,B22-18697,MONROE,BLOOMINGTON,BLOOMINGTON,2,,0,0,0,,S WILLIAMSBURG DR,,,,,S WILLIAMSBURG DR,LONGVIEW AVE,,,,Y,,0.0,,39.16626862,-86.49659843,PRIVATE DR,,,,URBAN,N,N,N,,DAYLIGHT,CLOUDY,WET,,NO JUNCTION INVOLVED,,ASPHALT,IMPROPER TURNING,UNDER $1001,BACKING CRASH,SWILLIAMSBURGDRLONGVIEWAVE,0,,2022-05-21 13:20:00,,,
MONROE SD,M22A10345,MONROE,,BLOOMINGTON,4,,0,0,0,4025,S ST RD 37,,,,,S ST RD 37,,,,,N,,0.0,,39.120322,-86.529233,PRIVATE DR,,,,URBAN,N,N,N,,DAYLIGHT,CLEAR,DRY,,NO JUNCTION INVOLVED,,ASPHALT,OTHER (DRIVER) - EXPLAIN IN NARRATIVE,$10001 TO $25000,OTHER - EXPLAIN IN NARRATIVE,SOLDSTATERD37,0,,2022-05-06 01:35:00,,,
MONROE SD,M22A23790,MONROE,PERRY,BLOOMINGTON,2,,1,0,0,,ST RD 37,,,,,ST RD 37,S VICTOR PK,,,,N,,0.0,,39.10570861,-86.5513163,ST RD,,,,RURAL,N,N,N,,DAYLIGHT,CLEAR,DRY,,FOUR-WAY INTERSECTION,,ASPHALT,FAILURE TO YIELD RIGHT OF WAY,$5001 TO $10000,RIGHT ANGLE,STATERD37SVICTORPK,0,,2022-09-27 11:13:00,,,
BLOOMINGTON PD,B22-04459,MONROE,BLOOMINGTON,BLOOMINGTON,2,,0,0,0,,E ST RD 45/46 BYPASS,,,,,E ST RD 45/46 BYPASS,MARTHA ST,,,,Y,,500.0,,39.186299,-86.531632,ST RD,,,,URBAN,N,N,N,,DAYLIGHT,CLOUDY,DRY,,NO JUNCTION INVOLVED,,CONCRETE,FAILURE TO YIELD RIGHT OF WAY,$5001 TO $10000,RIGHT ANGLE,MARTHASTEST RD 45/46BYPASS,0,,2022-02-09 13:22:00,,,
BLOOMINGTON PD,B2202975,MONROE,,BLOOMINGTON,2,,0,0,0,,1935 S BASSWOOD DR,,,,,S BASSWOOD DR,,,,,Y,,0.0,,0.0,0.0,LOCAL/CITY RD,,,,URBAN,N,N,N,,DAYLIGHT,SNOW,ICE,,NO JUNCTION INVOLVED,,ASPHALT,LEFT OF CENTER,$2501 TO $5000,OPPOSITE DIRECTION SIDESWIPE,1935SBASSWOODDR,0,,2022-01-27 12:31:00,1935.0,,
BLOOMINGTON PD,B22-04103,MONROE,PERRY,BLOOMINGTON,2,,0,0,0,,1870 S WALNUT ST,,,,,S WALNUT ST,,,,,Y,,0.0,,0.0,0.0,LOCAL/CITY RD,,,,URBAN,N,N,N,,UNKNOWN,SLEET/HAIL/FREEZING RAIN,ICE,,NO JUNCTION INVOLVED,,ASPHALT,RDWAY SURFACE CONDITION,$1001 TO $2500,OTHER - EXPLAIN IN NARRATIVE,1870SWALNUTSTBLOOMINGTONIN47401,0,,2022-02-02 00:00:00,1870.0,,