Agency,Local Code,County,Township,City,Vehicles Involved,Trailers Involved,Number Injured,Number Dead,Number Deer,House Number,Roadway Name,Roadway Suffix,Roadway Number,Roadway Interchange,Roadway Ramp,Roadway Id,Intersecting Road,Intersecting Road Number,Mile Marker,Interchange,Corporate Limits?,Property Type,Feet From,Direction,Latitude,Longitude,Roadway Class,Traffic Control Devices?,Aggressive Driving?,Hit and Run?,Locality,School Zone?,Rumble Strips?,Construction?,Construction Type,Light Condition,Weather Conditions,Surface Condition,Type of Median,Roadway Junction Type,Road Character,Roadway Surface,Primary Factor,Damage Estimate,Manner of Collision,Unique Location Id,State Property Damage?,Traffic Control,DateTime,Address Number,Cyclist Involved,Pedestrian Involved
MONROE SD,M22A23476,MONROE,BLOOMINGTON,BLOOMINGTON,1,,0,0,1,,W BAYLES RD,,,,,W BAYLES RD,N WALNUT ST,,,,N,,0.0,,39.21548572,-86.53696722,LOCAL/CITY RD,,,,RURAL,N,N,N,,DARK (NOT LIGHTED),RAIN,WET,,T-INTERSECTION,,ASPHALT,ANIMAL/OBJECT IN RDWAY,$2501 TO $5000,COLLISION WITH DEER,WBAYLESRDNWALNUTST,0,,2022-09-23 20:21:00,,,
MONROE SD,M22A11084,MONROE,WASHINGTON,BLOOMINGTON,1,,0,0,0,1415,DITTEMORE RD,,,,,DITTEMORE RD,,,,,N,,0.0,,39.29312784,-86.55563559,,,,,RURAL,N,N,N,,DAYLIGHT,CLEAR,DRY,,NO JUNCTION INVOLVED,,GRAVEL,OTHER (ENVIRONMENTAL) - EXPLAIN IN NARR,$5001 TO $10000,BACKING CRASH,DITTEMORERD,0,,2022-05-14 11:00:00,,,
BLOOMINGTON PD,B22-20223,MONROE,BLOOMINGTON,BLOOMINGTON,2,,0,0,0,,N WALNUT ST,,,,,N WALNUT ST,E 6TH ST,,,,Y,,200.0,,39.167549,-86.533613,LOCAL/CITY RD,,,,URBAN,N,N,N,,DAYLIGHT,CLOUDY,DRY,,NO JUNCTION INVOLVED,,ASPHALT,UNSAFE LN MOVEMENT,$5001 TO $10000,SAME DIRECTION SIDESWIPE,N.WALNUTSTE6THST,0,,2022-06-01 09:54:00,,,
BLOOMINGTON PD,B22-16652,MONROE,BLOOMINGTON,BLOOMINGTON,2,,1,0,0,,N MORTON ST,,,,,N MORTON ST,W 11TH ST,,,,Y,,0.0,,39.17326615,-86.53605679,LOCAL/CITY RD,,,,URBAN,N,N,N,,DAYLIGHT,CLEAR,DRY,,FOUR-WAY INTERSECTION,,ASPHALT,FAILURE TO YIELD RIGHT OF WAY,$2501 TO $5000,RIGHT ANGLE,W11THSTNMORTONST,0,,2022-05-07 14:30:00,,,
BLOOMINGTON PD,B22-30195,MONROE,RICHLAND,BLOOMINGTON,3,,2,0,0,,N GATES DR,,,,,N GATES DR,W JACOB DR,,,,Y,,0.0,,39.16570518,-86.57599296,LOCAL/CITY RD,,,,URBAN,N,N,N,,DAYLIGHT,CLEAR,DRY,,Y-INTERSECTION,,ASPHALT,FAILURE TO YIELD RIGHT OF WAY,$10001 TO $25000,OPPOSITE DIRECTION SIDESWIPE,WJACOBDRNGATESDR,0,,2022-08-05 11:52:00,,,
BLOOMINGTON PD,B22-04727,MONROE,,BLOOMINGTON,2,,0,0,0,,3RD ST,,,,,3RD ST,I-69 OFFRAMP,,,,N,,0.0,,0.0,0.0,,,,,URBAN,N,N,N,,DAYLIGHT,CLOUDY,DRY,,RAMP,,ASPHALT,OTHER (DRIVER) - EXPLAIN IN NARRATIVE,$2501 TO $5000,REAR END,I-69OFFRAMP3RDST,0,,2022-02-11 00:01:00,,,
BLOOMINGTON PD,B22-29606,MONROE,BLOOMINGTON,BLOOMINGTON,2,,0,0,0,,N WALNUT ST,,,,,N WALNUT ST,E 17TH ST,,,,Y,,0.0,,39.17895817,-86.53346106,LOCAL/CITY RD,,,,URBAN,N,N,N,,DARK (LIGHTED),CLOUDY,DRY,,FOUR-WAY INTERSECTION,,ASPHALT,DISREGARD SIGNAL/REG SIGN,$10001 TO $25000,RIGHT ANGLE,NWALNUTSTE17THST,0,,2022-08-01 22:56:00,,,
MONROE SD,M22A9390,MONROE,RICHLAND,BLOOMINGTON,1,,1,0,0,,W ST RD 48,,,,,W ST RD 48,,,,,N,,0.0,,39.16845493,-86.67068071,ST RD,,,,RURAL,N,N,N,,DAYLIGHT,CLOUDY,WET,,NO JUNCTION INVOLVED,,ASPHALT,SPEED TOO FAST FOR WEATHER CONDITIONS,$2501 TO $5000,RAN OFF RD,WST RD 48,0,,2022-04-25 11:46:00,,,
MONROE SD,M22A7785,MONROE,VAN BUREN,BLOOMINGTON,1,,0,0,0,,W ST RD 45,,,,,W ST RD 45,STANFORD,,,,N,,0.0,,39.08921325,-86.66730691,ST RD,,,,RURAL,N,N,N,,DARK (NOT LIGHTED),CLEAR,DRY,,NO JUNCTION INVOLVED,,ASPHALT,OTHER (VEHICLE) - EXPLAIN IN NARRATIVE,$1001 TO $2500,RAN OFF RD,WSTATERD45STANFORDRD,0,,2022-04-06 20:37:00,,,
BLOOMINGTON PD,B22-36247,MONROE,PERRY,BLOOMINGTON,2,,0,0,0,,E WYLIE ST,,,,,E WYLIE ST,S WALNUT ST,,,,Y,,0.0,,39.158367,-86.533661,LOCAL/CITY RD,,,,URBAN,N,N,N,,DAWN/DUSK,CLEAR,DRY,,T-INTERSECTION,,ASPHALT,OVERCORRECTING/OVERSTEERING,$1001 TO $2500,SAME DIRECTION SIDESWIPE,S.WALNUTSTEWYLIEST,0,,2022-09-09 12:04:00,,,
INDIANA UNIV BLOOMINGTON PD,223566,MONROE,BLOOMINGTON,BLOOMINGTON,2,,0,0,0,,E 10TH ST,,,,,E 10TH ST,N SUNRISE DR,,,,Y,,0.0,,39.1716053,-86.51101149,LOCAL/CITY RD,,,,URBAN,N,N,N,,DARK (NOT LIGHTED),CLEAR,DRY,,T-INTERSECTION,,ASPHALT,FOLLOWING TOO CLOSELY,$2501 TO $5000,REAR END,NSUNRISEDRE 10THST,0,,2022-09-25 21:25:00,,,
MONROE SD,M22A3379,MONROE,VAN BUREN,BLOOMINGTON,1,,0,0,0,,W VERNAL PK,,,,,W VERNAL PK,,,,,N,,0.0,,39.1867438,-86.60202689,LOCAL/CITY RD,,,,URBAN,N,N,N,,DARK (NOT LIGHTED),SNOW,WET,,T-INTERSECTION,,ASPHALT,ANIMAL/OBJECT IN RDWAY,$1001 TO $2500,COLLISION WITH ANIMAL OTHER,WVERNALPK,0,,2022-02-12 18:48:00,,,
BLOOMINGTON PD,B22-36239,MONROE,BLOOMINGTON,BLOOMINGTON,2,,1,0,0,,N COLLEGE AVE,,,,,N COLLEGE AVE,W 8TH ST,,,,Y,,0.0,,39.16951147,-86.53483967,LOCAL/CITY RD,,,,URBAN,N,N,N,,DAYLIGHT,CLEAR,DRY,,FOUR-WAY INTERSECTION,,ASPHALT,IMPROPER TURNING,$5001 TO $10000,LEFT TURN,W8THSTNCOLLEGEAVE,0,,2022-09-09 11:09:00,,,
INDIANA UNIV BLOOMINGTON PD,220613,MONROE,BLOOMINGTON,BLOOMINGTON,2,,0,0,0,,N EAGLESON AVE,,,,,N EAGLESON AVE,,,,,N,,0.0,,39.18080606,-86.51105977,LOCAL/CITY RD,,,,URBAN,N,N,N,,UNKNOWN,CLEAR,DRY,,NO JUNCTION INVOLVED,,ASPHALT,IMPROPER LN USAGE,$1001 TO $2500,SAME DIRECTION SIDESWIPE,NEAGLESON AVEAVE,0,,2022-02-14 17:00:00,,,
MONROE SD,M22A8290,MONROE,BEAN BLOSSOM,BLOOMINGTON,1,,1,0,0,,ST RD 46,,,,,ST RD 46,HEDRICK RD,,,,Y,,1531.0,,39.2796947,-86.67927451,,,,,RURAL,N,N,N,,DARK (NOT LIGHTED),CLEAR,DRY,,NO JUNCTION INVOLVED,,ASPHALT,FAILURE TO MAINTAIN LN,UNDER $1001,RAN OFF RD,STATERD46HEDRICKRD,0,,2022-04-13 03:00:00,,,
BLOOMINGTON PD,B22-40176,MONROE,PERRY,BLOOMINGTON,2,,0,0,0,500,S LIBERTY DR,,,,,S LIBERTY DR,,,,,Y,,0.0,,39.16331792,-86.58024915,PRIVATE DR,,,,URBAN,N,N,N,,DAYLIGHT,CLEAR,DRY,,NO JUNCTION INVOLVED,,ASPHALT,UNSAFE BACKING,UNDER $1001,REAR TO REAR,SLIBERTYDR,0,,2022-10-01 13:13:00,,,
ISP BLOOMINGTON 33,2.022E+11,MONROE,BLOOMINGTON,BLOOMINGTON,2,,0,0,0,,E SAMPLE RD,,,,,E SAMPLE RD,N WAYPORT RD,,,,N,,1500.0,,39.26321049,-86.51566333,COUNTY RD,,,,RURAL,N,N,N,,DAYLIGHT,CLEAR,DRY,,NO JUNCTION INVOLVED,,ASPHALT,UNSAFE BACKING,$5001 TO $10000,BACKING CRASH,NWAYPORTRDESAMPLERD,0,,2022-05-17 07:10:00,,,
BLOOMINGTON PD,B22-34422,MONROE,BLOOMINGTON,BLOOMINGTON,2,,0,0,0,,N COLLEGE AVE,,,,,N COLLEGE AVE,W 6TH ST,,,,Y,,0.0,,39.16762413,-86.53491322,LOCAL/CITY RD,,,,URBAN,N,N,N,,DAYLIGHT,CLOUDY,DRY,,FOUR-WAY INTERSECTION,,ASPHALT,FOLLOWING TOO CLOSELY,$1001 TO $2500,REAR END,W6THSTNCOLLEGEAVE,0,,2022-08-30 09:27:00,,,
BLOOMINGTON PD,B22-14665,MONROE,BLOOMINGTON,BLOOMINGTON,2,,1,0,0,,I-69,,,,,I-69,,,,,Y,,0.0,,39.16456754,-86.5730781,LOCAL/CITY RD,,,,URBAN,N,N,N,,DAYLIGHT,CLOUDY,DRY,,INTERCHANGE,,ASPHALT,FOLLOWING TOO CLOSELY,UNDER $1001,REAR END,I-69,0,,2022-04-24 09:46:00,,,
MONROE SD,M22A3838,MONROE,BEAN BLOSSOM,BLOOMINGTON,1,,1,0,0,,N TEXAS RIDGE RD,,,,,N TEXAS RIDGE RD,S OWL LN,,,,N,,3100.0,,39.32461787,-86.66121336,LOCAL/CITY RD,,,,RURAL,N,N,N,,DAYLIGHT,RAIN,WET,,NO JUNCTION INVOLVED,,ASPHALT,SPEED TOO FAST FOR WEATHER CONDITIONS,$2501 TO $5000,RAN OFF RD,SOWLLNNTEXASRIDGERD,0,,2022-02-17 16:24:00,,,
MONROE SD,M22A6236,MONROE,PERRY,BLOOMINGTON,1,,0,0,1,,S WEIMER RD,,,,,S WEIMER RD,W WAPEHANI RD,,,,N,,0.0,,39.14563914,-86.56392863,ST RD,,,,URBAN,N,N,N,,DARK (NOT LIGHTED),RAIN,WET,,NO JUNCTION INVOLVED,,ASPHALT,ANIMAL/OBJECT IN RDWAY,$2501 TO $5000,COLLISION WITH DEER,WWAPEHANIRDSWEIMERRD,0,,2022-03-18 20:33:00,,,
MONROE SD,M22A11031,MONROE,VAN BUREN,BLOOMINGTON,2,,0,0,0,,HERITAGE WAY,,,,,HERITAGE WAY,,,,,N,,0.0,,39.15328129,-86.58544011,COUNTY RD,,,,URBAN,N,N,N,,DAYLIGHT,CLEAR,DRY,,NO JUNCTION INVOLVED,,ASPHALT,UNSAFE BACKING,$1001 TO $2500,BACKING CRASH,HERITAGEWAY,0,,2022-05-13 03:36:00,,,
BLOOMINGTON PD,B22-11726,MONROE,VAN BUREN,BLOOMINGTON,2,,1,0,0,,W 3RD ST,,,,,W 3RD ST,S LIBERTY DR,,,,Y,,0.0,,39.16474483,-86.57915392,LOCAL/CITY RD,,,,URBAN,N,N,N,,DAYLIGHT,CLOUDY,WET,,FOUR-WAY INTERSECTION,,ASPHALT,DISREGARD SIGNAL/REG SIGN,$10001 TO $25000,RIGHT ANGLE,W 3RDSTSLIBERTYDR,0,,2022-04-05 15:10:00,,,
INDIANA UNIV BLOOMINGTON PD,222581,MONROE,BLOOMINGTON,BLOOMINGTON,3,,0,0,0,,E 10TH ST,,,,,E 10TH ST,E IN-46,,,,Y,,0.0,,39.17180957,-86.5023151,ST RD,,,,RURAL,N,N,N,,DAYLIGHT,RAIN,WET,,FOUR-WAY INTERSECTION,,ASPHALT,SPEED TOO FAST FOR WEATHER CONDITIONS,$5001 TO $10000,SAME DIRECTION SIDESWIPE,EIN-46E 10THST,0,,2022-08-09 17:15:00,,,
BLOOMINGTON PD,B22-22922,MONROE,VAN BUREN,BLOOMINGTON,2,,2,0,0,,W ST RD 45,,,,,W ST RD 45,S CURRY PK,,,,Y,,0.0,,39.14202697,-86.58255294,ST RD,,,,URBAN,N,N,N,,DAYLIGHT,CLEAR,DRY,,FOUR-WAY INTERSECTION,,ASPHALT,FAILURE TO YIELD RIGHT OF WAY,$5001 TO $10000,HEAD ON BETWEEN TWO MOTOR VEHICLES,WSTATERD45SCURRYPK,0,,2022-06-18 19:31:00,,,
BLOOMINGTON PD,B22-15877,MONROE,BLOOMINGTON,BLOOMINGTON,2,,0,0,0,,E LONGVIEW AVE,,,,,E LONGVIEW AVE,N PETE LLIS DR,,,,Y,,0.0,,39.16690777,-86.49489588,LOCAL/CITY RD,,,,URBAN,N,N,N,,DAYLIGHT,CLEAR,DRY,,FOUR-WAY INTERSECTION,,ASPHALT,FAILURE TO YIELD RIGHT OF WAY,$2501 TO $5000,RIGHT ANGLE,NPETEELLISDRELONGVIEWAVE,0,,2022-05-02 14:10:00,,,
BLOOMINGTON PD,B22-34113,MONROE,BLOOMINGTON,BLOOMINGTON,1,,0,0,0,,N WALNUT ST,,,,,N WALNUT ST,E GLENDORA DR,,,,Y,,0.0,,39.19025075,-86.53322363,LOCAL/CITY RD,,,,URBAN,N,N,N,,DAWN/DUSK,CLEAR,DRY,,FOUR-WAY INTERSECTION,,ASPHALT,LEFT OF CENTER,$5001 TO $10000,RAN OFF RD,NWALNUTSTEGLENDORADR,0,,2022-08-28 07:36:00,,,
MONROE SD,M22A5972,MONROE,RICHLAND,BLOOMINGTON,3,,0,0,0,,N SMITH PK,,,,,N SMITH PK,,,,,N,,0.0,,39.18743534,-86.58302148,COUNTY RD,,,,RURAL,N,N,Y,LN CLOSURE,DAYLIGHT,CLEAR,DRY,,NO JUNCTION INVOLVED,,ASPHALT,FOLLOWING TOO CLOSELY,$2501 TO $5000,REAR END,NSMITHPK,0,,2022-03-15 05:13:00,,,
MONROE SD,M22A5176,MONROE,VAN BUREN,BLOOMINGTON,2,,0,0,0,,W ST RD 45,,,,,W ST RD 45,S DUNLAP RD,,,,N,,0.0,,39.11992616,-86.61800537,ST RD,,,,RURAL,N,N,N,,DARK (NOT LIGHTED),CLEAR,DRY,,NO JUNCTION INVOLVED,,ASPHALT,FOLLOWING TOO CLOSELY,$5001 TO $10000,REAR END,WSTATERD45SDUNLAPRD,0,,2022-03-04 18:47:00,,,
BLOOMINGTON PD,B22-22793,MONROE,BLOOMINGTON,BLOOMINGTON,2,,0,0,0,,E MATTLOCK RD,,,,,E MATTLOCK RD,N DUNN ST,,,,Y,,0.0,,39.18628522,-86.52852354,,,,,URBAN,N,N,N,,DARK (LIGHTED),CLEAR,DRY,,FOUR-WAY INTERSECTION,,ASPHALT,UNSAFE SPEED,$2501 TO $5000,REAR END,NDUNNSTEMATTLOCKRD,0,,2022-06-17 21:30:00,,,
BLOOMINGTON PD,B22-11614,MONROE,BLOOMINGTON,BLOOMINGTON,1,,1,0,0,,W ALLEN ST,,,,,W ALLEN ST,W ALLEN ST,,,,Y,,0.0,,39.15565739,-86.54425747,LOCAL/CITY RD,,,,URBAN,N,N,N,,DAYLIGHT,CLEAR,DRY,,NO JUNCTION INVOLVED,,ASPHALT,IMPROPER PASSING,$2501 TO $5000,OTHER - EXPLAIN IN NARRATIVE,WALLENSTWALLENST,1,,2022-04-04 17:05:00,,,True
BLOOMINGTON PD,B22-03264,MONROE,PERRY,BLOOMINGTON,2,,0,0,0,,2200 W 3RD ST,,,,,W 3RD ST,,,,,Y,,0.0,,0.0,0.0,LOCAL/CITY RD,,,,URBAN,N,N,N,,DAYLIGHT,CLEAR,WET,,NO JUNCTION INVOLVED,,ASPHALT,UNSAFE BACKING,$2501 TO $5000,BACKING CRASH,2200W.3RDST,0,,2022-01-29 14:53:00,2200.0,,
BLOOMINGTON PD,B22-03342,MONROE,BLOOMINGTON,BLOOMINGTON,2,,0,0,0,,N FEE LN,,,,,N FEE LN,ST RD 45,,,,Y,,0.0,,39.18596489,-86.51980824,,,,,URBAN,N,N,N,,DAYLIGHT,CLEAR,DRY,,FOUR-WAY INTERSECTION,,ASPHALT,FOLLOWING TOO CLOSELY,$2501 TO $5000,REAR END,STATERD45NFEELN,0,,2022-01-30 09:40:00,,,
BLOOMINGTON PD,B22-29092,MONROE,BLOOMINGTON,BLOOMINGTON,2,,0,0,0,,W KIRKWOOD AVE,,,,,W KIRKWOOD AVE,N COLLEGE AVE,,,,Y,,0.0,,39.16661768,-86.53492978,,,,,URBAN,N,N,N,,DAYLIGHT,CLEAR,DRY,,NO JUNCTION INVOLVED,,ASPHALT,UNSAFE BACKING,$2501 TO $5000,REAR END,WKIRKWOODAVENCOLLEGEAVE,0,,2022-07-29 15:38:00,,,
BLOOMINGTON PD,B22-03580,MONROE,PERRY,BLOOMINGTON,2,,0,0,0,,S WOODLAWN AVE,,,,,S WOODLAWN AVE,E MAXWELL LN,,,,Y,,0.0,,39.1578014,-86.52265597,,,,,URBAN,N,N,N,,DAYLIGHT,CLEAR,DRY,,FOUR-WAY INTERSECTION,,ASPHALT,BRAKE FAILURE OR DEFECTIVE,$1001 TO $2500,RIGHT ANGLE,SWOODLAWNAVEEMAXWELLLN,0,,2022-02-01 17:31:00,,,
BLOOMINGTON PD,B22-24945,MONROE,BLOOMINGTON,BLOOMINGTON,1,,0,0,0,,N WILLIS DR,,,,,N WILLIS DR,W 17TH ST,,,,Y,,0.0,,39.17907458,-86.54406911,LOCAL/CITY RD,,,,URBAN,N,N,N,,DAYLIGHT,CLEAR,DRY,,FOUR-WAY INTERSECTION,,ASPHALT,OVERCORRECTING/OVERSTEERING,$1001 TO $2500,OTHER - EXPLAIN IN NARRATIVE,W17THSTNWILLISDR,0,,2022-07-01 18:10:00,,,
INDIANA UNIV BLOOMINGTON PD,221677,MONROE,BLOOMINGTON,BLOOMINGTON,1,,0,0,0,,N DUNN ST,,,,,N DUNN ST,E VARSITY LN,,,,Y,,400.0,,39.18419397,-86.52834433,LOCAL/CITY RD,,,,URBAN,N,N,N,,DARK (LIGHTED),CLEAR,DRY,,NO JUNCTION INVOLVED,,ASPHALT,FAILURE TO MAINTAIN LN,$2501 TO $5000,RAN OFF RD,NDUNNSTEVARSITYLN,0,,2022-04-29 00:40:00,,,
BLOOMINGTON PD,B22-22289,MONROE,PERRY,BLOOMINGTON,2,,0,0,0,2966,E 3RD ST; TARGET,,,,,E 3RD ST,,,,,Y,,0.0,,39.16205452,-86.49349857,PRIVATE DR,,,,URBAN,N,N,N,,DAYLIGHT,CLEAR,DRY,,NO JUNCTION INVOLVED,,ASPHALT,FAILURE TO YIELD RIGHT OF WAY,$1001 TO $2500,BACKING CRASH,E 3RDST;TARGET,0,,2022-06-14 18:00:00,,,
MONROE SD,M22A12421,MONROE,BLOOMINGTON,BLOOMINGTON,2,,0,0,0,,E 10TH ST,,,,,E 10TH ST,E TTER DR,,,,N,,0.0,,39.17598691,-86.47983538,ST RD,,,,RURAL,N,N,N,,DAYLIGHT,CLEAR,DRY,,NO JUNCTION INVOLVED,,ASPHALT,LEFT OF CENTER,$10001 TO $25000,LEFT TURN,EETTERDRE 10THST,0,,2022-05-28 11:36:00,,,
MONROE SD,M22A20857,MONROE,PERRY,BLOOMINGTON,2,,0,0,0,,S ADAMS ST,,,,,S ADAMS ST,,,,,N,,0.0,,39.15435767,-86.55156311,PRIVATE DR,,,,RURAL,N,N,N,,DAYLIGHT,CLEAR,DRY,,NO JUNCTION INVOLVED,,ASPHALT,FAILURE TO YIELD RIGHT OF WAY,$2501 TO $5000,RIGHT ANGLE,SADAMSST,0,,2022-08-25 17:47:00,,,
BLOOMINGTON PD,B22-03654,MONROE,,BLOOMINGTON,2,,0,0,0,,N WALNUT ST,,,,,N WALNUT ST,W 7TH ST,,,,Y,,0.0,,39.168539,-86.533599,LOCAL/CITY RD,,,,URBAN,N,N,N,,DAYLIGHT,RAIN,WET,,NO JUNCTION INVOLVED,,ASPHALT,FAILURE TO MAINTAIN LN,$1001 TO $2500,SAME DIRECTION SIDESWIPE,W7THSTNWALNUTST,0,,2022-02-02 11:51:00,,,
MONROE SD,M22A19796,MONROE,BEAN BLOSSOM,BLOOMINGTON,2,,0,0,0,,ST RD 46,,,,,ST RD 46,N STINESVILLE RD,,,,N,,0.0,,39.26686772,-86.66574903,ST RD,,,,RURAL,N,N,N,,DARK (NOT LIGHTED),CLEAR,DRY,,T-INTERSECTION,,ASPHALT,FAILURE TO YIELD RIGHT OF WAY,$10001 TO $25000,RIGHT ANGLE,STATERD46NSTINESVILLERD,0,,2022-08-13 20:48:00,,,
INDIANA UNIV BLOOMINGTON PD,220719,MONROE,BLOOMINGTON,BLOOMINGTON,2,,0,0,0,1051,E 17TH ST,,,,,E 17TH ST,,,,,Y,,0.0,,39.17974153,-86.52097053,PRIVATE DR,,,,URBAN,N,N,N,,DARK (LIGHTED),RAIN,WET,,NO JUNCTION INVOLVED,,ASPHALT,UNSAFE BACKING,$1001 TO $2500,BACKING CRASH,E17THST,0,,2022-02-24 18:50:00,,,
BLOOMINGTON PD,B22-32849,MONROE,BLOOMINGTON,BLOOMINGTON,2,,0,0,0,,S WALNUT ST,,,,,S WALNUT ST,4TH ST,,,,Y,,0.0,,39.15290332,-86.53365333,LOCAL/CITY RD,,,,URBAN,N,N,N,,DAYLIGHT,CLOUDY,DRY,,FOUR-WAY INTERSECTION,,ASPHALT,IMPROPER TURNING,$2501 TO $5000,LEFT TURN,SWALNUTST4THST,0,,2022-08-21 12:08:00,,,
BLOOMINGTON PD,B22-27846,MONROE,BLOOMINGTON,BLOOMINGTON,2,,0,0,0,2650,S WALNUT ST,,,,,S WALNUT ST,,,,,Y,,0.0,,39.13458984,-86.53198292,PRIVATE DR,,,,URBAN,N,N,N,,DAYLIGHT,CLEAR,DRY,,NO JUNCTION INVOLVED,,ASPHALT,UNSAFE BACKING,$2501 TO $5000,BACKING CRASH,SWALNUTST,0,,2022-07-20 17:33:00,,,
BLOOMINGTON PD,B22-38047,MONROE,BLOOMINGTON,BLOOMINGTON,1,,0,0,0,,W 4TH ST,,,,,W 4TH ST,S ROGERS ST,,,,Y,,0.0,,39.16563282,-86.5387271,LOCAL/CITY RD,,,,URBAN,N,N,N,,DAYLIGHT,CLEAR,DRY,,FOUR-WAY INTERSECTION,,ASPHALT,DISREGARD SIGNAL/REG SIGN,UNDER $1001,LEFT TURN,W4THSTSROGERSST,0,,2022-09-20 09:12:00,,True,
INDIANA UNIV BLOOMINGTON PD,222761,MONROE,BLOOMINGTON,BLOOMINGTON,2,,1,0,0,,17TH,,,,,17TH,DAVID BAKER AVE,,,,Y,,0.0,,39.17887625,-86.51100601,LOCAL/CITY RD,,,,URBAN,N,N,N,,DARK (LIGHTED),CLEAR,DRY,,T-INTERSECTION,,ASPHALT,FAILURE TO YIELD RIGHT OF WAY,$10001 TO $25000,RIGHT ANGLE,DAVIDBAKERAVE17TH,0,,2022-08-22 20:05:00,,,
MONROE SD,M22A2681,MONROE,PERRY,BLOOMINGTON,1,,0,0,0,,3318 CHEEKWOOD LN,,,,,CHEEKWOOD LN,,,,,N,,0.0,,0.0,0.0,LOCAL/CITY RD,,,,URBAN,N,N,N,,DAWN/DUSK,SNOW,SNOW/SLUSH,,NO JUNCTION INVOLVED,,ASPHALT,RDWAY SURFACE CONDITION,$1001 TO $2500,SAME DIRECTION SIDESWIPE,3318CHEEKWOODLN,0,,2022-02-03 07:01:00,3318.0,,
BLOOMINGTON PD,B22-12135,MONROE,PERRY,BLOOMINGTON,3,,0,0,0,,W 3RD ST,,,,,W 3RD ST,S PATTERSON DR,,,,Y,,300.0,,39.16342,-86.551249,LOCAL/CITY RD,,,,URBAN,N,N,N,,DAYLIGHT,CLOUDY,WET,,FOUR-WAY INTERSECTION,,ASPHALT,FOLLOWING TOO CLOSELY,$5001 TO $10000,REAR END,W.3RDSTSPATTERSONDR,0,,2022-04-08 08:52:00,,,
MONROE SD,M22A4607,MONROE,PERRY,BLOOMINGTON,2,,0,0,0,,E CREEKS EDGE DR,,,,,E CREEKS EDGE DR,E GARDEN PATH,,,,N,,0.0,,39.13146005,-86.4949935,LOCAL/CITY RD,,,,RURAL,N,N,N,,DAYLIGHT,CLEAR,DRY,,NO JUNCTION INVOLVED,,ASPHALT,UNSAFE BACKING,$2501 TO $5000,BACKING CRASH,EGARDENPATHECREEKSEDGEDR,0,,2022-02-26 15:51:00,,,
BLOOMINGTON PD,B22-24533,MONROE,PERRY,BLOOMINGTON,2,,0,0,0,,W COUNTRY CLUB DR,,,,,W COUNTRY CLUB DR,S ROCKPORT RD,,,,Y,,0.0,,39.13639104,-86.54823507,LOCAL/CITY RD,,,,URBAN,N,N,N,,DAYLIGHT,CLEAR,DRY,,FOUR-WAY INTERSECTION,,ASPHALT,FOLLOWING TOO CLOSELY,$1001 TO $2500,REAR END,WCOUNTRYCLUBDRSROCKPORTRD,0,,2022-06-29 15:55:00,,,
BLOOMINGTON PD,B22-06434,MONROE,PERRY,BLOOMINGTON,2,,0,0,0,,S COLLEGE AVE,,,,,S COLLEGE AVE,W 3RD ST,,,,Y,,0.0,,39.1646036,-86.53469986,LOCAL/CITY RD,,,,URBAN,N,N,N,,DAYLIGHT,CLEAR,DRY,,FOUR-WAY INTERSECTION,,ASPHALT,DISREGARD SIGNAL/REG SIGN,$1001 TO $2500,RIGHT ANGLE,W.3RDSTS.COLLEGEAVE,0,,2022-02-26 11:15:00,,,
BLOOMINGTON PD,B22-16540,MONROE,BLOOMINGTON,BLOOMINGTON,2,,0,0,0,,ST RD 46,,,,,ST RD 46,E ASTGATE LN,,,,Y,,317.0,,39.16950037,-86.50126707,ST RD,,,,URBAN,N,N,N,,DAYLIGHT,RAIN,WET,,NO JUNCTION INVOLVED,,ASPHALT,FOLLOWING TOO CLOSELY,$2501 TO $5000,REAR END,STATERD46EEASTGATELN,0,,2022-05-06 18:05:00,,,
MONROE SD,M22A13011,MONROE,PERRY,BLOOMINGTON,1,,0,0,0,,HANDY RIDGE RD,,,,,HANDY RIDGE RD,E PAYNETOWN RD,,,,N,,0.0,,39.08970702,-86.47721127,LOCAL/CITY RD,,,,RURAL,N,N,N,,DAYLIGHT,CLEAR,DRY,,Y-INTERSECTION,,ASPHALT,OTHER (DRIVER) - EXPLAIN IN NARRATIVE,$2501 TO $5000,RAN OFF RD,HANDYRIDGERDEPAYNETOWNRD,0,,2022-06-03 19:43:00,,,
BLOOMINGTON PD,B22-27054,MONROE,PERRY,BLOOMINGTON,2,,0,0,0,,E HUNTER AVE,,,,,E HUNTER AVE,S PARK AVE,,,,Y,,0.0,,,,LOCAL/CITY RD,,,,URBAN,N,N,N,,DAYLIGHT,CLOUDY,DRY,,FOUR-WAY INTERSECTION,,ASPHALT,LEFT OF CENTER,$2501 TO $5000,SAME DIRECTION SIDESWIPE,S.PARKAVEEHUNTERAVE,0,,2022-07-15 10:57:00,,,
BLOOMINGTON PD,B22-04614,MONROE,BLOOMINGTON,BLOOMINGTON,2,,1,0,0,,N KINSER PK ,,,,,N KINSER PK ,SKYLINE DR,,,,Y,,0.0,,,,LOCAL/CITY RD,,,,URBAN,N,N,N,,DAYLIGHT,CLEAR,DRY,,T-INTERSECTION,,ASPHALT,UNSAFE SPEED,$2501 TO $5000,REAR END,"SKYLINEDRNKINSERPKBLOOMINGTON,IN",0,,2022-02-10 13:12:00,,,