Agency,Local Code,County,Township,City,Vehicles Involved,Trailers Involved,Number Injured,Number Dead,Number Deer,House Number,Roadway Name,Roadway Suffix,Roadway Number,Roadway Interchange,Roadway Ramp,Roadway Id,Intersecting Road,Intersecting Road Number,Mile Marker,Interchange,Corporate Limits?,Property Type,Feet From,Direction,Latitude,Longitude,Roadway Class,Traffic Control Devices?,Aggressive Driving?,Hit and Run?,Locality,School Zone?,Rumble Strips?,Construction?,Construction Type,Light Condition,Weather Conditions,Surface Condition,Type of Median,Roadway Junction Type,Road Character,Roadway Surface,Primary Factor,Damage Estimate,Manner of Collision,Unique Location Id,State Property Damage?,Traffic Control,DateTime,Address Number,Cyclist Involved,Pedestrian Involved
BLOOMINGTON PD,B22-28749,MONROE,BLOOMINGTON,BLOOMINGTON,2,,0,0,0,2036,N WALNUT ST,,,,,N WALNUT ST,,,,,Y,,0.0,,39.18548946,-86.5322591,PRIVATE DR,,,,URBAN,N,N,N,,DARK (LIGHTED),CLOUDY,WET,,NO JUNCTION INVOLVED,,ASPHALT,OTHER (DRIVER) - EXPLAIN IN NARRATIVE,$2501 TO $5000,RIGHT ANGLE,NWALNUTST,0,,2022-07-26 18:00:00,,,
INDIANA UNIV BLOOMINGTON PD,221470,MONROE,PERRY,BLOOMINGTON,2,,0,0,0,1024,E 3RD ST,,,,,E 3RD ST,,,,,Y,,0.0,,39.16347112,-86.51940386,LOCAL/CITY RD,,,,URBAN,N,N,N,,DARK (LIGHTED),CLEAR,DRY,,NO JUNCTION INVOLVED,,ASPHALT,UNSAFE SPEED,$2501 TO $5000,REAR END,E 3RDST,0,,2022-04-18 21:17:00,,,
MONROE SD,M22A8977,MONROE,PERRY,BLOOMINGTON,1,,1,0,0,,S FAIRFAX RD,,,,,S FAIRFAX RD,MARIE LN,,,,N,,370.0,,39.10625617,-86.52288341,LOCAL/CITY RD,,,,URBAN,N,N,N,,DAYLIGHT,RAIN,WET,,NO JUNCTION INVOLVED,,ASPHALT,SPEED TOO FAST FOR WEATHER CONDITIONS,$10001 TO $25000,RAN OFF RD,SFAIRFAXRDMARIELN,0,,2022-04-21 11:02:00,,,
BLOOMINGTON PD,B22-34628,MONROE,BLOOMINGTON,BLOOMINGTON,2,,0,0,0,2713,E 3RD ST,,,,,E 3RD ST,,,,,Y,,0.0,,39.16466621,-86.49677534,PRIVATE DR,,,,URBAN,N,N,N,,DAYLIGHT,CLEAR,DRY,,NO JUNCTION INVOLVED,,ASPHALT,UNSAFE BACKING,$2501 TO $5000,BACKING CRASH,E 3RDST,0,,2022-08-27 12:58:00,,,
BLOOMINGTON PD,B22-12147,MONROE,PERRY,BLOOMINGTON,2,,0,0,0,,E 7TH ST,,,,,E 7TH ST,N DUNN ST,,,,Y,,0.0,,39.168516,-86.52827,LOCAL/CITY RD,,,,URBAN,N,N,N,,DAYLIGHT,RAIN,WET,,FOUR-WAY INTERSECTION,,ASPHALT,FAILURE TO YIELD RIGHT OF WAY,$10001 TO $25000,RIGHT ANGLE,E7THSTNDUNNST,0,,2022-04-08 11:18:00,,,
MONROE SD,M22A3927,MONROE,VAN BUREN,BLOOMINGTON,2,,0,0,0,,S VILLAGE DR,,,,,S VILLAGE DR,W LOROY AVE,,,,N,,0.0,,39.16046462,-86.58376213,LOCAL/CITY RD,,,,RURAL,N,N,N,,DAYLIGHT,CLEAR,DRY,,NO JUNCTION INVOLVED,,ASPHALT,IMPROPER PASSING,$2501 TO $5000,SAME DIRECTION SIDESWIPE,WLOROYAVESVILLAGEDR,0,,2022-02-18 17:47:00,,,
BLOOMINGTON PD,B22-17543,MONROE,BLOOMINGTON,BLOOMINGTON,2,,0,0,0,935,S COPPER BEECH WAY,,,,,S COPPER BEECH WAY,,,,,Y,,0.0,,39.1556887,-86.5699753,PRIVATE DR,,,,URBAN,N,N,N,,DARK (LIGHTED),CLEAR,DRY,,NO JUNCTION INVOLVED,,ASPHALT,UNSAFE BACKING,$2501 TO $5000,SAME DIRECTION SIDESWIPE,SCOPPERBEECHWAY,0,,2022-05-13 10:50:00,,,
BLOOMINGTON PD,B22-10409,MONROE,BLOOMINGTON,BLOOMINGTON,2,,0,0,0,,N WALNUT ST,,,,,N WALNUT ST,W ST RD 46 BYPASS,,,,Y,,0.0,,39.18506399,-86.53454251,LOCAL/CITY RD,,,,URBAN,N,N,N,,DARK (LIGHTED),CLEAR,DRY,,NO JUNCTION INVOLVED,,ASPHALT,IMPROPER TURNING,$2501 TO $5000,RIGHT ANGLE,WSTATERD46BYPASSNWALNUTST,0,,2022-03-26 23:40:00,,,
ELLETTSVILLE PD,E2200841,MONROE,RICHLAND,ELLETTSVILLE,2,0.0,0,0,0,,,,ST RD 46 W,,,ST RD 46 W,HARTSTRAIGHT,,,,Y,OTHER,,,39.227624,-86.615919,ST RD,Y,N,N,URBAN,N,N,N,,DARK (LIGHTED),CLOUDY,DRY,,FOUR-WAY INTERSECTION,STRAIGHT/LEVEL,ASPHALT,CELL PHONE USAGE,$2501 TO $5000,SAME DIRECTION SIDESWIPE,HARTSTRAIGHTRDST RD 46 W,0,TRAFFIC CONTROL SIGNAL,2022-03-07 20:00:00,,,
ELLETTSVILLE PD,E2200581,MONROE,RICHLAND,ELLETTSVILLE,2,0.0,1,0,0,,,,ST RD 46 W,,,ST RD 46 W,LEE,,,,Y,,300.0,W,39.24584897,-86.63832633,ST RD,,N,N,URBAN,N,N,N,,DAYLIGHT,CLEAR,DRY,,NO JUNCTION INVOLVED,STRAIGHT/GRADE,ASPHALT,FAILURE TO YIELD RIGHT OF WAY,$2501 TO $5000,RIGHT ANGLE,LEESTST RD 46 W,0,OTHER REGULATORY SIGN/MARKING,2022-02-15 07:28:00,,,
MONROE SD,M22A13106,MONROE,CLEAR CREEK,BLOOMINGTON,2,,1,0,0,,,,,,,,,,,,N,,0.0,,39.07768968,-86.51135029,,,,,RURAL,N,N,N,,DARK (NOT LIGHTED),CLEAR,DRY,,NO JUNCTION INVOLVED,,ASPHALT,FOLLOWING TOO CLOSELY,$10001 TO $25000,REAR END,,0,,2022-06-04 10:00:00,,,
MONROE SD,M22A8962,MONROE,PERRY,BLOOMINGTON,2,,0,0,0,,S ST RD 37,,,,,S ST RD 37,,,,,N,,0.0,,39.11237464,-86.5311189,,,,,RURAL,N,N,N,,DAYLIGHT,RAIN,WET,,NO JUNCTION INVOLVED,,ASPHALT,SPEED TOO FAST FOR WEATHER CONDITIONS,$5001 TO $10000,REAR END,SOLDSTATERD37,0,,2022-04-21 08:28:00,,,
BLOOMINGTON PD,B22-21010,MONROE,VAN BUREN,BLOOMINGTON,2,,0,0,0,,I-69,,,,,I-69,,,,,N,,739.0,,39.12601098,-86.57258233,INTERSTATE,,,,URBAN,N,N,N,,DAYLIGHT,CLEAR,DRY,,NO JUNCTION INVOLVED,,ASPHALT,UNSAFE LN MOVEMENT,$10001 TO $25000,SAME DIRECTION SIDESWIPE,I-69,0,,2022-06-06 10:53:00,,,
BLOOMINGTON PD,B22-19563,MONROE,BLOOMINGTON,BLOOMINGTON,2,,0,0,0,,S COLLEGE MALL RD,,,,,S COLLEGE MALL RD,E 3RD ST,,,,Y,,0.0,,39.1641839,-86.4982356,LOCAL/CITY RD,,,,URBAN,N,N,Y,LN CLOSURE,DAYLIGHT,RAIN,WET,,FOUR-WAY INTERSECTION,,ASPHALT,FAILURE TO YIELD RIGHT OF WAY,$2501 TO $5000,LEFT/RIGHT TURN,SCOLLEGEMALLRDE 3RDST,0,,2022-05-27 02:14:00,,,
BLOOMINGTON PD,B22-28938,MONROE,BLOOMINGTON,BLOOMINGTON,2,,0,0,0,,S CORY LN,,,,,S CORY LN,W 3RD ST,,,,Y,,0.0,,39.16440673,-86.5601129,LOCAL/CITY RD,,,,URBAN,N,N,N,,DAYLIGHT,CLEAR,DRY,,INTERCHANGE,,ASPHALT,FAILURE TO YIELD RIGHT OF WAY,$5001 TO $10000,RIGHT ANGLE,W 3RDSTSCORYLN,0,,2022-07-28 16:56:00,,,
BLOOMINGTON PD,B22-22258,MONROE,BLOOMINGTON,BLOOMINGTON,1,,1,0,0,,W BLOOMFIELD RD,,,,,W BLOOMFIELD RD,W ALLEN ST,,,,Y,,0.0,,39.15615988,-86.56139678,LOCAL/CITY RD,,,,URBAN,N,N,N,,DAYLIGHT,CLEAR,DRY,,T-INTERSECTION,,ASPHALT,ENGINE FAILURE OR DEFECTIVE,$1001 TO $2500,RAN OFF RD,WBLOOMFIELDRDWALLENST,0,,2022-06-14 15:03:00,,,
BLOOMINGTON PD,B22-25876,MONROE,PERRY,BLOOMINGTON,2,,0,0,0,3205,W ST RD 45,,,,,W ST RD 45,,,,,Y,,0.0,,39.14546243,-86.57478373,PRIVATE DR,,,,URBAN,N,N,N,,DAYLIGHT,RAIN,WET,,NO JUNCTION INVOLVED,,ASPHALT,FAILURE TO YIELD RIGHT OF WAY,$1001 TO $2500,SAME DIRECTION SIDESWIPE,WSTATERD45,0,,2022-07-07 17:15:00,,,
BLOOMINGTON PD,B22-13688,MONROE,BLOOMINGTON,BLOOMINGTON,2,,0,0,0,,W KIRKWOOD AVE,,,,,W KIRKWOOD AVE,N WALNUT ST,,,,Y,,264.0,,39.16663119,-86.53419919,LOCAL/CITY RD,,,,URBAN,N,N,N,,DAYLIGHT,CLEAR,DRY,,NO JUNCTION INVOLVED,,ASPHALT,UNSAFE BACKING,$2501 TO $5000,BACKING CRASH,WKIRKWOODAVENWALNUTST,0,,2022-04-19 15:28:00,,,
BLOOMINGTON PD,B22-20110,MONROE,BLOOMINGTON,BLOOMINGTON,3,,0,0,0,,E 3RD ST,,,,,E 3RD ST,S KINGSTON DR,,,,Y,,0.0,,39.16425719,-86.49340665,LOCAL/CITY RD,,,,URBAN,N,N,Y,LN CLOSURE,DAYLIGHT,CLEAR,DRY,,NO JUNCTION INVOLVED,,ASPHALT,FAILURE TO YIELD RIGHT OF WAY,$25001 TO $50000,RIGHT ANGLE,SKINGSTONDRE 3RDST,0,,2022-05-31 16:25:00,,,
ELLETTSVILLE PD,E2200626,MONROE,RICHLAND,ELLETTSVILLE,2,0.0,0,0,0,,TEMPERTANCE,ST,,,,TEMPERTANCE,SALE,,,,Y,,,,39.23384,-86.624704,LOCAL/CITY RD,,N,N,URBAN,N,N,N,,DAYLIGHT,CLEAR,DRY,,NO JUNCTION INVOLVED,STRAIGHT/LEVEL,ASPHALT,FAILURE TO YIELD RIGHT OF WAY,$5001 TO $10000,LEFT TURN,SALESTTEMPERTANCEST,0,LN CONTROL,2022-02-18 10:50:00,,,
BLOOMINGTON PD,B22-13741,MONROE,BLOOMINGTON,BLOOMINGTON,2,,0,0,0,,E 2ND ST,,,,,E 2ND ST,S COLLEGE MALL RD,,,,Y,,0.0,,39.16093674,-86.49778981,LOCAL/CITY RD,,,,URBAN,N,N,N,,DARK (LIGHTED),CLEAR,DRY,,FOUR-WAY INTERSECTION,,ASPHALT,DISREGARD SIGNAL/REG SIGN,$5001 TO $10000,RIGHT ANGLE,SCOLLEGEMALLRDE 2NDST,0,,2022-04-19 21:10:00,,,
BLOOMINGTON PD,B22-39306,MONROE,PERRY,BLOOMINGTON,2,,1,0,0,,S COLLEGE MALL RD,,,,,S COLLEGE MALL RD,COLLEGE MALL PRIVATE DR,,,,Y,,0.0,,39.16295061,-86.49785703,LOCAL/CITY RD,,,,URBAN,N,N,N,,DAYLIGHT,CLEAR,DRY,,FOUR-WAY INTERSECTION,,ASPHALT,FOLLOWING TOO CLOSELY,$2501 TO $5000,REAR END,SCOLLEGEMALLRDCOLLEGEMALLPRIVATEDR,0,,2022-09-27 13:54:00,,,
INDIANA UNIV BLOOMINGTON PD,222769,MONROE,BLOOMINGTON,BLOOMINGTON,2,,0,0,0,,E 10TH ST,,,,,E 10TH ST,N PARK AVE,,,,Y,,0.0,,39.17164897,-86.52482218,LOCAL/CITY RD,,,,URBAN,N,N,N,,DAYLIGHT,CLEAR,DRY,,FOUR-WAY INTERSECTION,,ASPHALT,FOLLOWING TOO CLOSELY,$2501 TO $5000,REAR END,NPARKAVEE 10THST,0,,2022-08-23 07:52:00,,,
INDIANA UNIV BLOOMINGTON PD,222732,MONROE,BLOOMINGTON,BLOOMINGTON,2,,3,0,0,,N EAGLESON AVE,,,,,N EAGLESON AVE,E LINGELBACH LN,,,,Y,,0.0,,39.17681401,-86.51269592,LOCAL/CITY RD,,,,URBAN,N,N,N,,DARK (LIGHTED),RAIN,WET,,NO JUNCTION INVOLVED,,ASPHALT,FAILURE TO YIELD RIGHT OF WAY,$5001 TO $10000,LEFT TURN,NEAGLESON AVEAVEELINGELBACHLN,0,,2022-08-21 03:35:00,,,
MONROE SD,M22A17776,MONROE,WASHINGTON,BLOOMINGTON,1,,0,0,0,,N LEE PAUL RD,,,,,N LEE PAUL RD,ST RD 37,,,,N,,0.0,,39.28418064,-86.52189719,COUNTY RD,,,,URBAN,N,N,N,,UNKNOWN,CLEAR,DRY,,NO JUNCTION INVOLVED,,ASPHALT,DRIVER ASLEEP OR FATIGUED,$2501 TO $5000,NON-COLLISION,STATERD37NLEEPAULRD,0,,2022-07-23 05:00:00,,,
ISP BLOOMINGTON 33,2.022E+11,MONROE,BENTON,BLOOMINGTON,1,,0,0,0,,ST RD 46,,,,,ST RD 46,TWINLEAF TRACE,,,,N,,500.0,,39.16471734,-86.45049224,ST RD,,,,RURAL,N,N,N,,DARK (NOT LIGHTED),SLEET/HAIL/FREEZING RAIN,ICE,,NO JUNCTION INVOLVED,,ASPHALT,FAILURE TO MAINTAIN LN,$5001 TO $10000,RAN OFF RD,TWINLEAFTRACEST RD 46,0,,2022-02-24 06:30:00,,,
BLOOMINGTON PD,B22-11988,MONROE,PERRY,BLOOMINGTON,2,,0,0,0,,W 3RD ST,,,,,W 3RD ST,S WESTPLEX AVE,,,,Y,,0.0,,,,LOCAL/CITY RD,,,,URBAN,N,N,N,,DAYLIGHT,CLOUDY,DRY,,FOUR-WAY INTERSECTION,,ASPHALT,FAILURE TO YIELD RIGHT OF WAY,$10001 TO $25000,RIGHT ANGLE,W.3RDSTSWESTPLEXAVE,0,,2022-04-07 11:00:00,,,
BLOOMINGTON PD,B22-17426,MONROE,BLOOMINGTON,BLOOMINGTON,2,,1,0,0,,N COLLEGE AVE,,,,,N COLLEGE AVE,W 14TH ST,,,,N,,0.0,,39.17601066,-86.53477391,LOCAL/CITY RD,,,,URBAN,N,N,N,,DAYLIGHT,CLEAR,DRY,,FOUR-WAY INTERSECTION,,ASPHALT,IMPROPER LN USAGE,$2501 TO $5000,SAME DIRECTION SIDESWIPE,W14THSTNCOLLEGEAVE,0,,2022-05-12 16:44:00,,,
BLOOMINGTON PD,B22-15902,MONROE,BLOOMINGTON,BLOOMINGTON,2,,1,0,0,,N LINCOLN ST,,,,,N LINCOLN ST,E 7TH ST,,,,Y,,0.0,,39.16854366,-86.53105921,LOCAL/CITY RD,,,,URBAN,N,N,N,,DAYLIGHT,CLOUDY,DRY,,FOUR-WAY INTERSECTION,,ASPHALT,FAILURE TO YIELD RIGHT OF WAY,$10001 TO $25000,RIGHT ANGLE,NLINCOLNSTE7THST,0,,2022-05-02 16:13:00,,,
BLOOMINGTON PD,B22-39629,MONROE,BLOOMINGTON,BLOOMINGTON,2,,1,0,0,,E ATWATER AVE,,,,,E ATWATER AVE,S SWAIN AVE,,,,Y,,0.0,,39.16306883,-86.51538438,LOCAL/CITY RD,,,,URBAN,N,N,N,,DARK (LIGHTED),CLEAR,DRY,,FOUR-WAY INTERSECTION,,ASPHALT,FAILURE TO YIELD RIGHT OF WAY,$10001 TO $25000,SAME DIRECTION SIDESWIPE,SSWAINAVEEATWATERAVE,0,,2022-09-28 20:33:00,,,
BLOOMINGTON PD,B22-08376,MONROE,PERRY,BLOOMINGTON,1,,0,0,0,,S FESS AVE,,,,,S FESS AVE,E BRENDA LN,,,,Y,,0.0,,39.15183772,-86.52593236,LOCAL/CITY RD,,,,URBAN,Y,N,N,,DARK (LIGHTED),CLOUDY,DRY,,FOUR-WAY INTERSECTION,,ASPHALT,OVERCORRECTING/OVERSTEERING,$2501 TO $5000,RAN OFF RD,SFESSAVEEBRENDALN,0,,2022-03-13 04:15:00,,,
BLOOMINGTON PD,B22-03944,MONROE,BLOOMINGTON,BLOOMINGTON,1,,0,0,0,,,,69,,,69,,,120.5,,Y,,500.0,,39.19169154,-86.5544749,INTERSTATE,,,,URBAN,N,N,N,,DARK (NOT LIGHTED),SNOW,ICE,,NO JUNCTION INVOLVED,,ASPHALT,RDWAY SURFACE CONDITION,$2501 TO $5000,RAN OFF RD,69120.5,0,,2022-02-05 05:00:00,,,
BLOOMINGTON PD,B22-12132,MONROE,PERRY,BLOOMINGTON,2,,0,0,0,,S PATTERSON DR,,,,,S PATTERSON DR,W 2ND ST,,,,Y,,0.0,,39.160737,-86.548536,LOCAL/CITY RD,,,,URBAN,N,N,N,,DAYLIGHT,RAIN,WET,,FOUR-WAY INTERSECTION,,ASPHALT,FOLLOWING TOO CLOSELY,$2501 TO $5000,REAR END,W.2NDSTS.PATTERSONDR,0,,2022-04-08 08:11:00,,,
MONROE SD,M22A10985,MONROE,POLK,BLOOMINGTON,1,,0,0,1,,ST RD 446,,,,,ST RD 446,CHANDLER RD,,,,N,,0.0,,39.05693897,-86.40940136,ST RD,,,,RURAL,N,N,N,,DARK (NOT LIGHTED),CLEAR,DRY,,T-INTERSECTION,,ASPHALT,ANIMAL/OBJECT IN RDWAY,$5001 TO $10000,COLLISION WITH DEER,STATERD446CHANDLERRD,0,,2022-05-13 05:15:00,,,
BLOOMINGTON PD,B22-07768,MONROE,BLOOMINGTON,BLOOMINGTON,2,,0,0,0,,N ADAMS ST,,,,,N ADAMS ST,W FOUNTAIN DR,,,,Y,,0.0,,39.16974421,-86.54967017,LOCAL/CITY RD,,,,URBAN,N,N,N,,DARK (NOT LIGHTED),CLEAR,DRY,,T-INTERSECTION,,ASPHALT,FAILURE TO YIELD RIGHT OF WAY,UNDER $1001,LEFT TURN,WFOUNTAINDRNADAMSST,0,,2022-03-08 18:57:00,,,
BLOOMINGTON PD,B22-18439,MONROE,PERRY,BLOOMINGTON,2,,0,0,0,,ST RD 46,,,,,ST RD 46,E 3RD ST,,,,Y,,0.0,,39.16425283,-86.4983068,LOCAL/CITY RD,,,,URBAN,N,N,N,,DAYLIGHT,RAIN,WET,,FOUR-WAY INTERSECTION,,ASPHALT,FAILURE TO YIELD RIGHT OF WAY,$1001 TO $2500,REAR END,STATERD46E 3RDST,0,,2022-05-19 18:40:00,,,
BLOOMINGTON PD,B22-09342,MONROE,PERRY,BLOOMINGTON,2,,0,0,0,,W COUNTRY CLUB DR,,,,,W COUNTRY CLUB DR,S ROGERS ST,,,,Y,,0.0,,39.13602808,-86.53799942,LOCAL/CITY RD,,,,URBAN,N,N,N,,DAYLIGHT,CLOUDY,WET,,FOUR-WAY INTERSECTION,,ASPHALT,FOLLOWING TOO CLOSELY,$5001 TO $10000,REAR END,WCOUNTRYCLUBDRSROGERSST,0,,2022-03-19 20:45:00,,,
MONROE SD,M22A7868,MONROE,PERRY,BLOOMINGTON,2,,0,0,0,,S ST RD 37,,,,,S ST RD 37,E RHORER RD,,,,N,,0.0,,39.12078661,-86.53132504,LOCAL/CITY RD,,,,URBAN,N,N,N,,DAYLIGHT,CLEAR,DRY,,FOUR-WAY INTERSECTION,,ASPHALT,FAILURE TO YIELD RIGHT OF WAY,$2501 TO $5000,RIGHT ANGLE,SOLDSTATERD37ERHORERRD,0,,2022-04-07 15:53:00,,,
BLOOMINGTON PD,B22-18510,MONROE,BLOOMINGTON,BLOOMINGTON,2,,0,0,0,,N WALNUT ST,,,,,N WALNUT ST,E 14TH ST,,,,Y,,150.0,,39.175954,-86.533541,LOCAL/CITY RD,,,,URBAN,N,N,Y,LN CLOSURE,DAYLIGHT,CLEAR,DRY,,NO JUNCTION INVOLVED,,ASPHALT,FAILURE TO YIELD RIGHT OF WAY,$2501 TO $5000,RIGHT ANGLE,N.WALNUTSTE14THST,0,,2022-05-20 08:42:00,,,
MONROE SD,M22A8205,MONROE,BLOOMINGTON,BLOOMINGTON,2,,0,0,0,,ST RD 45,,,,,ST RD 45,N MARTIN DR,,,,N,,317.0,,39.20423811,-86.46333522,ST RD,,,,RURAL,N,N,N,,DAWN/DUSK,CLOUDY,WET,,NO JUNCTION INVOLVED,,ASPHALT,SPEED TOO FAST FOR WEATHER CONDITIONS,$10001 TO $25000,HEAD ON BETWEEN TWO MOTOR VEHICLES,STATERD45NMARTINDR,0,,2022-04-12 07:02:00,,,
INDIANA UNIV BLOOMINGTON PD,221901,MONROE,BLOOMINGTON,BLOOMINGTON,2,,0,0,0,,ST RD 45,,,,,ST RD 45,,,,,Y,,0.0,,39.18206184,-86.50995202,ST RD,,,,URBAN,N,N,N,,DAYLIGHT,CLOUDY,DRY,,NO JUNCTION INVOLVED,,ASPHALT,UNSAFE LN MOVEMENT,UNDER $1001,SAME DIRECTION SIDESWIPE,STATERD45,0,,2022-05-18 06:46:00,,,
BLOOMINGTON PD,B22-21729,MONROE,BLOOMINGTON,BLOOMINGTON,3,,0,0,0,,ST RD 45/46 BYPASS,,,,,ST RD 45/46 BYPASS,N WALNUT ST,,,,Y,,528.0,,39.18636266,-86.53332658,ST RD,,,,URBAN,N,N,N,,DAYLIGHT,RAIN,WET,,NO JUNCTION INVOLVED,,ASPHALT,FOLLOWING TOO CLOSELY,$10001 TO $25000,REAR END,STATERD45/46BYPASSNWALNUTST,0,,2022-06-10 18:05:00,,,
BLOOMINGTON PD,B22-21664,MONROE,BLOOMINGTON,BLOOMINGTON,2,,0,0,0,,W 3RD ST,,,,,W 3RD ST,CURRY PK,,,,N,,0.0,,,,LOCAL/CITY RD,,,,URBAN,N,N,N,,DAYLIGHT,CLOUDY,DRY,,FOUR-WAY INTERSECTION,,ASPHALT,UNSAFE LN MOVEMENT,$2501 TO $5000,SAME DIRECTION SIDESWIPE,W 3RDSTCURRYPK,0,,2022-06-10 11:16:00,,,
INDIANA UNIV BLOOMINGTON PD,222958,MONROE,BLOOMINGTON,BLOOMINGTON,2,,0,0,0,,E 3RD ST,,,,,E 3RD ST,S HIGHLAND AVE,,,,Y,,0.0,,39.16428542,-86.51740856,LOCAL/CITY RD,,,,URBAN,N,N,N,,DARK (LIGHTED),CLEAR,DRY,,NO JUNCTION INVOLVED,,ASPHALT,UNSAFE LN MOVEMENT,$2501 TO $5000,SAME DIRECTION SIDESWIPE,SHIGHLANDAVEE 3RDST,0,,2022-08-31 21:20:00,,,
MONROE SD,M22A11675,MONROE,PERRY,BLOOMINGTON,2,,0,0,0,,S ST RD 37,,,,,S ST RD 37,ST RD 37,,,,N,,0.0,,39.0853106,-86.54264138,ST RD,,,,RURAL,N,N,N,,DAYLIGHT,CLEAR,DRY,,FIVE POINT OR MORE,,ASPHALT,FOLLOWING TOO CLOSELY,$5001 TO $10000,REAR END,STATERD37SOLDSTATERD37,0,,2022-05-20 16:15:00,,,
BLOOMINGTON PD,B22-36312,MONROE,BLOOMINGTON,BLOOMINGTON,2,,0,0,0,,W COUNTRY CLUB DR,,,,,W COUNTRY CLUB DR,B-LINE,,,,N,,0.0,,39.13593377,-86.53488379,LOCAL/CITY RD,,,,URBAN,N,N,N,,DAYLIGHT,CLEAR,DRY,,TRAIL CROSSINGS,,ASPHALT,FOLLOWING TOO CLOSELY,$2501 TO $5000,REAR END,WCOUNTRYCLUBDRB-LINE,0,,2022-09-09 06:26:00,,,
MONROE SD,M22A13848,MONROE,BENTON,BLOOMINGTON,1,,0,0,1,,ST RD 45,,,,,ST RD 45,LIMBERLOST LN,,,,N,,0.0,,39.20862613,-86.46340545,ST RD,,,,RURAL,N,N,N,,DAYLIGHT,CLOUDY,DRY,,NO JUNCTION INVOLVED,,ASPHALT,ANIMAL/OBJECT IN RDWAY,$10001 TO $25000,COLLISION WITH DEER,STATERD45LIMBERLOSTLN,0,,2022-06-13 05:59:00,,,
BLOOMINGTON PD,B22-13476,MONROE,PERRY,BLOOMINGTON,2,,0,0,0,,W BLOOMFIELD RD,,,,,W BLOOMFIELD RD,S PATTERSON DR,,,,Y,,0.0,,39.16076038,-86.54847211,LOCAL/CITY RD,,,,URBAN,N,N,N,,DARK (LIGHTED),CLEAR,DRY,,FOUR-WAY INTERSECTION,,CONCRETE,FAILURE TO MAINTAIN LN,$2501 TO $5000,HEAD ON BETWEEN TWO MOTOR VEHICLES,WBLOOMFIELDRDSPATTERSONDR,0,,2022-04-17 20:40:00,,,
MONROE SD,M22A24201,MONROE,VAN BUREN,BLOOMINGTON,2,,0,0,0,,W ST RD 45,,,,,W ST RD 45,INDUSTRIAL BLVD,,,,N,,0.0,,39.14359361,-86.58024936,ST RD,,,,URBAN,N,N,N,,DAYLIGHT,CLEAR,DRY,,FOUR-WAY INTERSECTION,,ASPHALT,FAILURE TO YIELD RIGHT OF WAY,$2501 TO $5000,RIGHT ANGLE,WSTATERD45INDUSTRIALBLVD,0,,2022-10-02 13:20:00,,,
MONROE SD,M22A10578,MONROE,VAN BUREN,ARLINGTON(MONROE),2,,0,0,0,,S LIBERTY DR,,,,,S LIBERTY DR,,,,,N,,0.0,,39.15497878,-86.5755847,PRIVATE DR,,,,URBAN,N,N,N,,DAYLIGHT,CLOUDY,DRY,,NO JUNCTION INVOLVED,,ASPHALT,UNSAFE BACKING,$2501 TO $5000,REAR TO REAR,SLIBERTYDR,0,,2022-05-09 13:00:00,,,
INDIANA UNIV BLOOMINGTON PD,220742,MONROE,BLOOMINGTON,BLOOMINGTON,2,,0,0,0,,E 3RD ST,,,,,E 3RD ST,,,,,N,,0.0,,39.16468665,-86.51248542,,,,,URBAN,N,N,N,,DAYLIGHT,CLEAR,DRY,,NO JUNCTION INVOLVED,,ASPHALT,FAILURE TO YIELD RIGHT OF WAY,UNDER $1001,SAME DIRECTION SIDESWIPE,E 3RDST,0,,2022-02-26 14:30:00,,,
BLOOMINGTON PD,B22-26913,MONROE,BLOOMINGTON,BLOOMINGTON,2,,0,0,0,,E MATTLOCK RD,,,,,E MATTLOCK RD,N MARTHA ST,,,,Y,,0.0,,39.18629475,-86.53266496,LOCAL/CITY RD,,,,URBAN,N,N,N,,DAYLIGHT,CLEAR,DRY,,NO JUNCTION INVOLVED,,ASPHALT,FOLLOWING TOO CLOSELY,$2501 TO $5000,REAR END,NMARTHASTEMATTLOCKRD,0,,2022-07-14 15:32:00,,,
INDIANA UNIV BLOOMINGTON PD,223274,MONROE,BLOOMINGTON,BLOOMINGTON,2,,1,0,0,,S EAGLESON AVE,,,,,S EAGLESON AVE,E UNIVERSITY AVE,,,,Y,,0.0,,39.16600534,-86.5164456,LOCAL/CITY RD,,,,URBAN,N,N,N,,DAYLIGHT,CLEAR,DRY,,FOUR-WAY INTERSECTION,,ASPHALT,FAILURE TO YIELD RIGHT OF WAY,$5001 TO $10000,RIGHT ANGLE,SEAGLESONAVEEUNIVERSITYAVE,0,,2022-09-13 17:23:00,,,
MONROE SD,M22A6591,MONROE,PERRY,BLOOMINGTON,2,,0,0,0,,S ST RD. 37,,,,,S ST RD. 37,S OLD IN 37,,,,N,,0.0,,39.1303269,-86.53142089,ST RD,,,,RURAL,N,N,N,,DAYLIGHT,CLOUDY,WET,,FOUR-WAY INTERSECTION,,ASPHALT,FOLLOWING TOO CLOSELY,$1001 TO $2500,REAR END,S.STRD.37S.OLDIN37,0,,2022-03-23 07:52:00,,,
ELLETTSVILLE PD,E2203650,MONROE,RICHLAND,ELLETTSVILLE,2,0.0,0,0,0,,,,ST RD 46 W,,,ST RD 46 W,HARTSTRAIT,,,,Y,,1000.0,E,39.227624,-86.61600561,ST RD,,N,N,URBAN,N,N,N,,DAYLIGHT,CLOUDY,DRY,,NO JUNCTION INVOLVED,STRAIGHT/LEVEL,ASPHALT,FAILURE TO YIELD RIGHT OF WAY,$2501 TO $5000,RIGHT ANGLE,HARTSTRAITRDST RD 46 W,0,OTHER REGULATORY SIGN/MARKING,2022-09-17 11:17:00,,,