Agency,Local Code,County,Township,City,Vehicles Involved,Trailers Involved,Number Injured,Number Dead,Number Deer,House Number,Roadway Name,Roadway Suffix,Roadway Number,Roadway Interchange,Roadway Ramp,Roadway Id,Intersecting Road,Intersecting Road Number,Mile Marker,Interchange,Corporate Limits?,Property Type,Feet From,Direction,Latitude,Longitude,Roadway Class,Traffic Control Devices?,Aggressive Driving?,Hit and Run?,Locality,School Zone?,Rumble Strips?,Construction?,Construction Type,Light Condition,Weather Conditions,Surface Condition,Type of Median,Roadway Junction Type,Road Character,Roadway Surface,Primary Factor,Damage Estimate,Manner of Collision,Unique Location Id,State Property Damage?,Traffic Control,DateTime,Address Number,Cyclist Involved,Pedestrian Involved
MONROE SD,M22A29610,MONROE,PERRY,BLOOMINGTON,2,,1,0,0,,S ST RD 37,,,,,S ST RD 37,E MPIRE MILL RD,,,,N,,0.0,,39.08592208,-86.54225191,LOCAL/CITY RD,,,,RURAL,N,N,N,,DARK (NOT LIGHTED),CLEAR,WET,,T-INTERSECTION,,ASPHALT,SPEED TOO FAST FOR WEATHER CONDITIONS,$2501 TO $5000,HEAD ON BETWEEN TWO MOTOR VEHICLES,SOLDSTATERD37EEMPIREMILLRD,0,,2022-12-03 02:54:00,,,
MONROE SD,M22A26669,MONROE,PERRY,BLOOMINGTON,2,,1,0,0,,W TAPP RD,,,,,W TAPP RD,HICKORY HEIGHTS TRLR PARK,,,,N,,0.0,,39.1368811,-86.57404608,ST RD,,,,URBAN,N,N,N,,DAYLIGHT,RAIN,WET,,TRAFFIC CIRCLE/ROUNDABOUT,,ASPHALT,FOLLOWING TOO CLOSELY,$10001 TO $25000,REAR END,WTAPPRDHICKORYHEIGHTSTRLRPARK,0,,2022-10-30 15:34:00,,,
ELLETTSVILLE PD,E22-04453,MONROE,RICHLAND,ELLETTSVILLE,1,,0,0,0,4444,W ST RD 46,,,,,W ST RD 46,,,,,Y,,0.0,,39.21531387,-86.59204951,PRIVATE DR,,,,URBAN,N,N,N,,DAYLIGHT,CLEAR,DRY,,NO JUNCTION INVOLVED,,ASPHALT,OTHER (DRIVER) - EXPLAIN IN NARRATIVE,$2501 TO $5000,BACKING CRASH,WSTATERD46,0,,2022-10-28 15:20:00,,,
BLOOMINGTON PD,B22-53253,MONROE,VAN BUREN,BLOOMINGTON,1,,0,0,0,,S LEONARD SPRINGS RD,,,,,S LEONARD SPRINGS RD,W MAYBURY MALL,,,,Y,,528.0,,39.13239236,-86.58257697,LOCAL/CITY RD,,,,URBAN,N,N,N,,DARK (NOT LIGHTED),SNOW,SNOW/SLUSH,,NO JUNCTION INVOLVED,,ASPHALT,RDWAY SURFACE CONDITION,$10001 TO $25000,RAN OFF RD,WMAYBURYMALLSLEONARDSPRINGSRD,0,,2022-12-23 18:03:00,,,
BLOOMINGTON PD,B22-52058,MONROE,PERRY,BLOOMINGTON,2,,0,0,0,,S ROGERS ST,,,,,S ROGERS ST,W PATTERSON DR,,,,Y,,0.0,,39.15361255,-86.53864732,LOCAL/CITY RD,,,,URBAN,N,N,N,,DAYLIGHT,CLOUDY,DRY,,FOUR-WAY INTERSECTION,,ASPHALT,FOLLOWING TOO CLOSELY,$2501 TO $5000,REAR END,WPATTERSONDRSROGERSST,0,,2022-12-15 13:27:00,,,
MONROE SD,M22A27875,MONROE,INDIAN CREEK,BLOOMINGTON,1,,0,0,1,,I-69 S,,,,,I-69 S,,,69.0,,N,,0.0,,39.0472072,-86.67953177,INTERSTATE,,,,RURAL,N,N,N,,DARK (NOT LIGHTED),CLEAR,DRY,,NO JUNCTION INVOLVED,,ASPHALT,ANIMAL/OBJECT IN RDWAY,$5001 TO $10000,COLLISION WITH DEER,SINTERSTATE69,0,,2022-11-13 02:37:00,,,
MONROE SD,M22A27259,MONROE,CLEAR CREEK,BLOOMINGTON,1,,0,0,1,,ST RD 37,,,,,ST RD 37,W SMITHVILLE RD,,,,N,,0.0,,39.07256578,-86.53610223,ST RD,,,,RURAL,N,Y,N,,DARK (NOT LIGHTED),CLEAR,DRY,,NO JUNCTION INVOLVED,,ASPHALT,ANIMAL/OBJECT IN RDWAY,$10001 TO $25000,COLLISION WITH DEER,WSMITHVILLERDSTATERD37,0,,2022-11-06 01:26:00,,,
BLOOMINGTON PD,B22-51520,MONROE,PERRY,BLOOMINGTON,2,,0,0,0,,E 3RD ST,,,,,E 3RD ST,S COLLEGE MALL RD,,,,Y,,0.0,,39.1641839,-86.4982356,LOCAL/CITY RD,,,,URBAN,N,N,N,,DAYLIGHT,CLEAR,DRY,,FOUR-WAY INTERSECTION,,ASPHALT,FOLLOWING TOO CLOSELY,$1001 TO $2500,REAR END,S.COLLEGEMALLRDE 3RDST,0,,2022-12-12 09:50:00,,,
INDIANA UNIV BLOOMINGTON PD,224210,MONROE,BLOOMINGTON,BLOOMINGTON,2,,2,0,0,,N JEFFERSON ST,,,,,N JEFFERSON ST,N UNION ST,,,,Y,,0.0,,39.17140984,-86.50717593,LOCAL/CITY RD,,,,URBAN,N,Y,N,,DAYLIGHT,RAIN,WET,,T-INTERSECTION,,ASPHALT,SPEED TOO FAST FOR WEATHER CONDITIONS,$2501 TO $5000,REAR END,NUNIONSTNJEFFERSONST,0,,2022-10-30 11:15:00,,,
INDIANA UNIV BLOOMINGTON PD,224876,MONROE,BLOOMINGTON,BLOOMINGTON,2,,0,0,0,,N WOODLAWN AVE,,,,,N WOODLAWN AVE,N WOODLAWN AVE,,,,N,,264.0,,39.168039,-86.5234822,PRIVATE DR,,,,URBAN,N,N,N,,DAYLIGHT,CLEAR,DRY,,NO JUNCTION INVOLVED,,ASPHALT,UNSAFE BACKING,$1001 TO $2500,BACKING CRASH,NWOODLAWNAVENWOODLAWNAVE,0,,2022-12-12 14:45:00,,,
ISP BLOOMINGTON 33,2.02201E+11,MONROE,WASHINGTON,BLOOMINGTON,1,,0,0,0,,I-69,,,,,I-69,,,129.5,,N,,0.0,,39.32168951,-86.51136823,INTERSTATE,,,,RURAL,N,N,N,,DAYLIGHT,SNOW,SNOW/SLUSH,,NO JUNCTION INVOLVED,,ASPHALT,SPEED TOO FAST FOR WEATHER CONDITIONS,$5001 TO $10000,RAN OFF RD,I-69129.5,0,,2022-11-12 09:42:00,,,
MONROE SD,M22A27897,MONROE,CLEAR CREEK,BLOOMINGTON,2,,1,0,0,,E DILLMAN RD,,,,,E DILLMAN RD,S ST RD 37,,,,N,,0.0,,39.09294837,-86.54395122,,,,,URBAN,N,N,N,,DAYLIGHT,CLOUDY,DRY,,FOUR-WAY INTERSECTION,,ASPHALT,FAILURE TO YIELD RIGHT OF WAY,$10001 TO $25000,RIGHT ANGLE,SOLDSTATERD37EDILLMANRD,0,,2022-11-13 11:45:00,,,
BLOOMINGTON PD,B22-47236,MONROE,PERRY,BLOOMINGTON,2,,0,0,0,,S COLLEGE AVE,,,,,S COLLEGE AVE,W 1ST,,,,Y,,0.0,,39.15971502,-86.53502678,,,,,URBAN,N,N,N,,DARK (LIGHTED),CLEAR,DRY,,FOUR-WAY INTERSECTION,,ASPHALT,FAILURE TO MAINTAIN LN,$1001 TO $2500,SAME DIRECTION SIDESWIPE,W1STSTSCOLLEGEAVE,0,,2022-11-11 22:20:00,,,
BLOOMINGTON PD,B22-51007,MONROE,PERRY,BLOOMINGTON,2,,0,0,0,1175,S COLLEGE MALL RD,,,,,S COLLEGE MALL RD,,,,,Y,,0.0,,39.15467332,-86.49603201,PRIVATE DR,,,,URBAN,N,N,N,,DAWN/DUSK,RAIN,WET,,NO JUNCTION INVOLVED,,ASPHALT,UNSAFE BACKING,$2501 TO $5000,BACKING CRASH,SCOLLEGEMALLRD,0,,2022-12-08 16:54:00,,,
MONROE SD,M22A26530,MONROE,PERRY,BLOOMINGTON,1,,0,0,1,,E RHORER RD,,,,,E RHORER RD,S WALNUT ST PK,,,,N,,0.0,,39.12146665,-86.52531963,LOCAL/CITY RD,,,,RURAL,N,N,N,,DARK (NOT LIGHTED),CLEAR,DRY,,NO JUNCTION INVOLVED,,ASPHALT,ANIMAL/OBJECT IN RDWAY,$2501 TO $5000,COLLISION WITH DEER,SWALNUTSTPKERHORERRD,0,,2022-10-28 23:54:00,,,
BLOOMINGTON PD,B22-50536,MONROE,PERRY,BLOOMINGTON,2,,1,0,0,,S ROGERS ST,,,,,S ROGERS ST,W PATTERSON DR,,,,Y,,0.0,,39.1538534,-86.53876557,LOCAL/CITY RD,,,,URBAN,N,N,N,,DARK (NOT LIGHTED),CLOUDY,DRY,,FOUR-WAY INTERSECTION,,ASPHALT,FAILURE TO YIELD RIGHT OF WAY,$2501 TO $5000,RIGHT ANGLE,WPATTERSONDRSROGERSST,0,,2022-12-05 19:12:00,,,
MONROE SD,M22A31310,MONROE,WASHINGTON,BLOOMINGTON,1,,0,0,0,,E ROBINSON RD,,,,,E ROBINSON RD,N HILLSAMER RD,,,,N,,0.0,,39.25098492,-86.46739481,LOCAL/CITY RD,,,,RURAL,N,N,N,,DARK (NOT LIGHTED),SNOW,ICE,,Y-INTERSECTION,,ASPHALT,SPEED TOO FAST FOR WEATHER CONDITIONS,$2501 TO $5000,RAN OFF RD,NHILLSAMERRDEROBINSONRD,0,,2022-12-27 06:35:00,,,
MONROE SD,M22A26982,MONROE,PERRY,BLOOMINGTON,1,,0,0,1,,ST RD 37,,,,,ST RD 37,,,,,N,,0.0,,39.09029866,-86.54537184,ST RD,,,,URBAN,N,N,N,,DARK (NOT LIGHTED),CLEAR,DRY,,NO JUNCTION INVOLVED,,ASPHALT,ANIMAL/OBJECT IN RDWAY,$2501 TO $5000,COLLISION WITH DEER,STATERD37,0,,2022-11-03 04:14:00,,,
ISP BLOOMINGTON 33,2.022E+11,MONROE,WASHINGTON,BLOOMINGTON,1,,0,0,1,,I-69,,,,,I-69,,,131.0,,N,,0.0,,39.33553869,-86.51165796,INTERSTATE,,,,RURAL,N,N,N,,DAYLIGHT,CLEAR,DRY,,NO JUNCTION INVOLVED,,ASPHALT,ANIMAL/OBJECT IN RDWAY,$5001 TO $10000,COLLISION WITH DEER,I-69131,0,,2022-11-04 09:05:00,,,
MONROE SD,M22A27264,MONROE,BLOOMINGTON,BLOOMINGTON,1,,0,0,0,,N THOMPSON RIDGE RD,,,,,N THOMPSON RIDGE RD,N CHARLIE TAYLOR LN,,,,N,,0.0,,39.24472547,-86.53459194,LOCAL/CITY RD,,,,RURAL,N,N,N,,DARK (NOT LIGHTED),CLEAR,DRY,,Y-INTERSECTION,,ASPHALT,OTHER (DRIVER) - EXPLAIN IN NARRATIVE,$2501 TO $5000,RAN OFF RD,NTHOMPSONRIDGERDNCHARLIETAYLORLN,0,,2022-11-06 02:00:00,,,
INDIANA UNIV BLOOMINGTON PD,224756,MONROE,BLOOMINGTON,BLOOMINGTON,1,,0,0,0,,UNIVERSITY RD,,,,,UNIVERSITY RD,UNIVERSITY RD,,,,Y,,0.0,,39.16743182,-86.52207024,PRIVATE DR,,,,URBAN,N,N,N,,DARK (LIGHTED),CLEAR,DRY,,NO JUNCTION INVOLVED,,ASPHALT,OTHER (DRIVER) - EXPLAIN IN NARRATIVE,$2501 TO $5000,OTHER - EXPLAIN IN NARRATIVE,UNIVERSITYRDUNIVERSITYRD,0,,2022-12-02 06:30:00,,,
BLOOMINGTON PD,B22-49024,MONROE,BLOOMINGTON,BLOOMINGTON,2,,0,0,0,2721,E 3RD ST,,,,,E 3RD ST,,,,,N,,0.0,,39.16560422,-86.49561216,PRIVATE DR,,,,URBAN,N,N,N,,DAYLIGHT,CLEAR,DRY,,NO JUNCTION INVOLVED,,ASPHALT,UNSAFE BACKING,UNDER $1001,SAME DIRECTION SIDESWIPE,E 3RDST,0,,2022-11-25 09:30:00,,,
INDIANA UNIV BLOOMINGTON PD,220718,MONROE,BLOOMINGTON,BLOOMINGTON,2,,0,0,0,,N INDIANA AVE,,,,,N INDIANA AVE,E 17TH ST,,,,Y,,0.0,,39.17873937,-86.52705378,LOCAL/CITY RD,,,,URBAN,N,N,N,,DARK (LIGHTED),RAIN,WET,,NO JUNCTION INVOLVED,,ASPHALT,UNSAFE BACKING,$1001 TO $2500,BACKING CRASH,NINDIANAAVEE17THST,0,,2022-02-24 18:58:00,,,
MONROE SD,M22A25970,MONROE,BENTON,BLOOMINGTON,1,,0,0,1,,ST RD 46,,,,,ST RD 46,E KINGS RD,,,,N,,0.0,,39.16573664,-86.45367591,ST RD,,,,RURAL,N,N,N,,DARK (NOT LIGHTED),CLEAR,DRY,,NO JUNCTION INVOLVED,,ASPHALT,ANIMAL/OBJECT IN RDWAY,$10001 TO $25000,COLLISION WITH DEER,STATERD46EKINGSRD,0,,2022-10-22 23:07:00,,,
BLOOMINGTON PD,B22-44638,MONROE,PERRY,BLOOMINGTON,2,,0,0,0,,S COLLEGE MALL RD,,,,,S COLLEGE MALL RD,E AUTO MALL RD,,,,Y,,0.0,,39.15394687,-86.49627007,PRIVATE DR,,,,URBAN,N,N,N,,DAYLIGHT,CLEAR,DRY,,NO JUNCTION INVOLVED,,ASPHALT,FAILURE TO YIELD RIGHT OF WAY,UNDER $1001,BACKING CRASH,SCOLLEGEMALLRDEAUTOMALLRD,0,,2022-10-26 16:50:00,,,
MONROE SD,M22A31164,MONROE,PERRY,BLOOMINGTON,1,,0,0,0,,S AIRLINE RD,,,,,S AIRLINE RD,,,,,N,,0.0,,39.09058882,-86.49708814,COUNTY RD,,,,RURAL,N,N,N,,DARK (NOT LIGHTED),CLEAR,SNOW/SLUSH,,NO JUNCTION INVOLVED,,ASPHALT,RDWAY SURFACE CONDITION,$5001 TO $10000,RAN OFF RD,SAIRLINERD,0,,2022-12-24 00:00:00,,,
BLOOMINGTON PD,B22-44234,MONROE,PERRY,BLOOMINGTON,2,,0,0,0,,3000 S WALNUT ST PK,,,,,S WALNUT ST PK,,,,,Y,,0.0,,0.0,0.0,PRIVATE DR,,,,URBAN,N,N,N,,DAYLIGHT,CLOUDY,DRY,,NO JUNCTION INVOLVED,,ASPHALT,UNSAFE BACKING,$2501 TO $5000,BACKING CRASH,3000S.WALNUTSTPK,0,,2022-10-24 13:43:00,3000.0,,
BLOOMINGTON PD,B22-45702,MONROE,PERRY,BLOOMINGTON,2,,0,0,0,,W 1ST,,,,,W 1ST,,,,,Y,,0.0,,39.1594238,-86.5374679,PRIVATE DR,,,,URBAN,N,N,N,,DAYLIGHT,CLEAR,DRY,,NO JUNCTION INVOLVED,,ASPHALT,UNSAFE BACKING,UNDER $1001,BACKING CRASH,W1STST,0,,2022-11-01 14:30:00,,,
INDIANA UNIV BLOOMINGTON PD,224264,MONROE,BLOOMINGTON,BLOOMINGTON,2,,0,0,0,,E 3RD ST,,,,,E 3RD ST,S FESS AVE,,,,Y,,0.0,,39.16428334,-86.52585215,LOCAL/CITY RD,,,,URBAN,N,N,N,,DAYLIGHT,CLEAR,DRY,,T-INTERSECTION,,ASPHALT,UNSAFE LN MOVEMENT,$5001 TO $10000,LEFT TURN,SFESSAVEE 3RDST,0,,2022-11-02 15:25:00,,,
INDIANA UNIV BLOOMINGTON PD,224729,MONROE,BLOOMINGTON,BLOOMINGTON,3,,1,0,0,,N INDIANA AVE,,,,,N INDIANA AVE,E 14TH ST,,,,Y,,0.0,,39.17583052,-86.52703769,LOCAL/CITY RD,,,,URBAN,N,N,N,,DAYLIGHT,CLOUDY,DRY,,NO JUNCTION INVOLVED,,ASPHALT,FAILURE TO YIELD RIGHT OF WAY,$5001 TO $10000,SAME DIRECTION SIDESWIPE,NINDIANAAVEE14THST,0,,2022-12-02 14:43:00,,,
BLOOMINGTON PD,B22-53335,MONROE,BLOOMINGTON,BLOOMINGTON,1,,0,0,0,2894,E 3RD ST,,,,,E 3RD ST,,,,,Y,,0.0,,39.16051705,-86.49456418,PRIVATE DR,,,,URBAN,N,N,N,,DAYLIGHT,SNOW,SNOW/SLUSH,,NO JUNCTION INVOLVED,,ASPHALT,OTHER (DRIVER) - EXPLAIN IN NARRATIVE,$2501 TO $5000,OTHER - EXPLAIN IN NARRATIVE,E 3RDST,0,,2022-12-24 16:20:00,,,
MONROE SD,M22A29069,MONROE,CLEAR CREEK,BLOOMINGTON,2,,1,0,0,,E SMITHVILLE RD,,,,,E SMITHVILLE RD,ST RD 37,,,,N,,0.0,,39.07091727,-86.53593726,,,,,RURAL,N,N,N,,DARK (NOT LIGHTED),RAIN,WET,,FOUR-WAY INTERSECTION,,ASPHALT,FAILURE TO YIELD RIGHT OF WAY,$25001 TO $50000,RIGHT ANGLE,STATERD37ESMITHVILLERD,0,,2022-11-27 19:46:00,,,
MONROE SD,M22A28435,MONROE,CLEAR CREEK,,1,,0,0,1,,ST RD 37,,,,,ST RD 37,,,,,N,,0.0,,39.05354134,-86.53608971,ST RD,,,,RURAL,N,Y,N,,DARK (NOT LIGHTED),CLOUDY,DRY,,NO JUNCTION INVOLVED,,ASPHALT,ANIMAL/OBJECT IN RDWAY,$1001 TO $2500,COLLISION WITH DEER,STATERD37,0,,2022-11-19 20:39:00,,,
INDIANA UNIV BLOOMINGTON PD,224774,MONROE,BLOOMINGTON,BLOOMINGTON,2,,1,0,0,,N FEE LN,,,,,N FEE LN,E 17TH ST,,,,Y,,0.0,,39.1789265,-86.5189857,LOCAL/CITY RD,,,,URBAN,N,N,N,,DARK (LIGHTED),RAIN,WET,,FOUR-WAY INTERSECTION,,ASPHALT,FOLLOWING TOO CLOSELY,UNDER $1001,REAR END,NFEELNE17THST,0,,2022-12-06 18:18:00,,,
MONROE SD,M22A30380,MONROE,VAN BUREN,,2,,0,0,0,3585,W ST RD 45,,,,,W ST RD 45,,,,,N,,0.0,,39.141325,-86.580209,,,,,RURAL,N,N,N,,DAYLIGHT,CLEAR,DRY,,NO JUNCTION INVOLVED,,ASPHALT,OTHER (DRIVER) - EXPLAIN IN NARRATIVE,$1001 TO $2500,REAR END,WSTATERD45,0,,2022-12-12 14:25:00,,,
ISP BLOOMINGTON 33,2.02201E+11,MONROE,WASHINGTON,BLOOMINGTON,1,,0,0,0,,WAYPORT RD,,,,,WAYPORT RD,FOX HOLLOW RD,,,,N,,0.0,,39.28991386,-86.51811451,COUNTY RD,,,,RURAL,N,N,N,,DARK (NOT LIGHTED),CLOUDY,DRY,,NO JUNCTION INVOLVED,,ASPHALT,ANIMAL/OBJECT IN RDWAY,$10001 TO $25000,RAN OFF RD,WAYPORTRDFOXHOLLOWRD,0,,2022-11-29 20:10:00,,,
ISP BLOOMINGTON 33,2.02201E+11,MONROE,BLOOMINGTON,BLOOMINGTON,1,,0,0,0,,ST RD 46,,,,,ST RD 46,KENT RD,,,,N,,1056.0,,39.15438021,-86.39649376,ST RD,,,,RURAL,N,N,N,,DAYLIGHT,CLEAR,DRY,,NO JUNCTION INVOLVED,,ASPHALT,ANIMAL/OBJECT IN RDWAY,$5001 TO $10000,RAN OFF RD,STATERD46KENTRD,0,,2022-11-25 15:08:00,,,
BLOOMINGTON PD,B22-52931,MONROE,PERRY,BLOOMINGTON,1,,0,0,0,596,E GRAHAM PL,,,,,E GRAHAM PL,,,,,Y,,0.0,,39.13938105,-86.52763072,PRIVATE DR,,,,URBAN,N,N,N,,DAYLIGHT,CLEAR,DRY,,NO JUNCTION INVOLVED,,ASPHALT,DRIVER DISTRACTED - EXPLAIN IN NARRATIVE,$2501 TO $5000,RIGHT ANGLE,EGRAHAMPL,0,,2022-12-21 08:47:00,,,
BLOOMINGTON PD,B22-46202,MONROE,PERRY,BLOOMINGTON,2,,0,0,0,,S ROGERS ST,,,,,S ROGERS ST,W COOLIDGE DR,,,,Y,,264.0,,39.14168395,-86.53885371,LOCAL/CITY RD,,,,URBAN,N,N,N,,DAYLIGHT,CLEAR,DRY,,NO JUNCTION INVOLVED,,ASPHALT,FOLLOWING TOO CLOSELY,$1001 TO $2500,REAR END,WCOOLIDGEDRSROGERSST,0,,2022-11-04 15:25:00,,,
BLOOMINGTON PD,B22-46182,MONROE,PERRY,BLOOMINGTON,2,,3,0,0,,ST RD 45,,,I-69,1,ST RD 45,,,,,Y,,0.0,,39.1469123,-86.57500395,ST RD,,,,URBAN,N,N,N,,DAYLIGHT,CLEAR,DRY,,RAMP,,ASPHALT,FOLLOWING TOO CLOSELY,$2501 TO $5000,REAR END,STATERD45I-69117,0,,2022-11-04 13:55:00,,,
BLOOMINGTON PD,B22-50018,MONROE,VAN BUREN,BLOOMINGTON,2,,0,0,0,,W 3RD ST,,,100,C,W 3RD ST,,,,,Y,,0.0,,39.16463841,-86.5739389,LOCAL/CITY RD,,,,URBAN,N,N,N,,DAYLIGHT,CLOUDY,WET,,FOUR-WAY INTERSECTION,,ASPHALT,FAILURE TO YIELD RIGHT OF WAY,UNDER $1001,LEFT TURN,W 3RDST100C,0,,2022-12-02 08:15:00,,,
MONROE SD,M22A27824,MONROE,POLK,BLOOMINGTON,1,,0,0,0,,ST RD 446,,,,,ST RD 446,E GRUBB RD,,,,N,,1000.0,,39.04751291,-86.40935289,ST RD,,,,RURAL,N,Y,N,,DAYLIGHT,SNOW,SNOW/SLUSH,,NO JUNCTION INVOLVED,,ASPHALT,SPEED TOO FAST FOR WEATHER CONDITIONS,$10001 TO $25000,RAN OFF RD,STATERD446EGRUBBRD,0,,2022-11-12 10:16:00,,,
ELLETTSVILLE PD,E22-03527,MONROE,RICHLAND,ELLETTSVILLE,1,,0,0,0,,E DEPOT RD,,,,,E DEPOT RD,ST RD 46,,,,Y,,300.0,,39.23025706,-86.61779148,ST RD,,,,URBAN,N,N,N,,DARK (LIGHTED),RAIN,WET,,NO JUNCTION INVOLVED,,ASPHALT,UNSAFE SPEED,$10001 TO $25000,RAN OFF RD,STATERD46EDEPOTRD,0,,2022-09-10 21:48:00,,,
ELLETTSVILLE PD,E22-04512,MONROE,RICHLAND,ELLETTSVILLE,2,,0,0,0,7398,W ST RD 46,,,,,W ST RD 46,,,,,Y,,0.0,,39.24536887,-86.63567359,PRIVATE DR,,,,RURAL,N,N,N,,DAYLIGHT,CLEAR,DRY,,NO JUNCTION INVOLVED,,ASPHALT,OTHER (DRIVER) - EXPLAIN IN NARRATIVE,$2501 TO $5000,OTHER - EXPLAIN IN NARRATIVE,WSTATERD46,0,,2022-11-01 17:03:00,,,
BLOOMINGTON PD,B22-49340,MONROE,PERRY,BLOOMINGTON,2,,0,0,0,,E HILLSIDE DT,,,,,E HILLSIDE DT,S HENDERSON ST,,,,Y,,0.0,,39.15054,-86.526935,LOCAL/CITY RD,,,,URBAN,Y,N,N,,DAYLIGHT,CLOUDY,DRY,,FOUR-WAY INTERSECTION,,ASPHALT,UNSAFE LN MOVEMENT,$2501 TO $5000,SAME DIRECTION SIDESWIPE,SHENDERSONSTEHILLSIDEDT,0,,2022-11-28 08:46:00,,,
INDIANA UNIV BLOOMINGTON PD,224696,MONROE,BLOOMINGTON,BLOOMINGTON,1,,1,0,0,,E JONES AVE,,,,,E JONES AVE,,,,,Y,,0.0,,39.16528126,-86.51111247,PRIVATE DR,,,,URBAN,N,N,N,,DARK (LIGHTED),CLEAR,DRY,,T-INTERSECTION,,ASPHALT,FAILURE TO YIELD RIGHT OF WAY,$1001 TO $2500,RIGHT ANGLE,EJONESAVE,1,,2022-11-30 21:32:00,,True,
INDIANA UNIV BLOOMINGTON PD,224678,MONROE,BLOOMINGTON,BLOOMINGTON,2,,0,0,0,,E 17TH ST,,,,,E 17TH ST,N WOODLAWN AVE,,,,Y,,0.0,,39.1790263,-86.52355618,LOCAL/CITY RD,,,,URBAN,N,N,N,,DAYLIGHT,CLOUDY,DRY,,FOUR-WAY INTERSECTION,,ASPHALT,IMPROPER LN USAGE,$2501 TO $5000,SAME DIRECTION SIDESWIPE,NWOODLAWNAVEE17THST,0,,2022-11-29 18:15:00,,,
BLOOMINGTON PD,B22-43689,MONROE,BLOOMINGTON,BLOOMINGTON,2,,0,0,0,,N SMITH RD,,,,,N SMITH RD,E MCCRACKEN WAY,,,,Y,,0.0,,39.16779687,-86.48132614,LOCAL/CITY RD,,,,URBAN,N,N,N,,DARK (NOT LIGHTED),CLEAR,DRY,,T-INTERSECTION,,ASPHALT,BRAKE FAILURE OR DEFECTIVE,$1001 TO $2500,RIGHT ANGLE,NSMITHRDEMCCRACKENWAY,0,,2022-10-21 05:47:00,,,
ISP BLOOMINGTON 33,2.02201E+11,MONROE,WASHINGTON,BLOOMINGTON,1,,0,0,0,,I-69,,,,,I-69,,,131.5,,N,,0.0,,39.32826598,-86.50817532,INTERSTATE,,,,RURAL,N,N,N,,DAWN/DUSK,SNOW,SNOW/SLUSH,,NO JUNCTION INVOLVED,,ASPHALT,SPEED TOO FAST FOR WEATHER CONDITIONS,$2501 TO $5000,RAN OFF RD,I-69131.5,0,,2022-11-12 08:17:00,,,
MONROE SD,M22A29278,MONROE,,BLOOMINGTON,1,,0,0,1,,ST RD 46,,,,,ST RD 46,,,,,N,,0.0,,39.20082279,-86.57578854,ST RD,,,,RURAL,N,N,N,,DARK (NOT LIGHTED),CLEAR,DRY,,NO JUNCTION INVOLVED,,ASPHALT,ANIMAL/OBJECT IN RDWAY,$5001 TO $10000,COLLISION WITH DEER,STATERD46,0,,2022-11-29 08:40:00,,,
BLOOMINGTON PD,B22-51269,MONROE,PERRY,BLOOMINGTON,2,,0,0,0,1150,S CLARIZZ BLVD,,,,,S CLARIZZ BLVD,,,,,Y,,0.0,,39.15175343,-86.49262817,PRIVATE DR,,,,URBAN,N,N,N,,DAYLIGHT,CLOUDY,WET,,NO JUNCTION INVOLVED,,ASPHALT,UNSAFE BACKING,$5001 TO $10000,BACKING CRASH,SCLARIZZBLVD,0,,2022-12-10 10:53:00,,,
BLOOMINGTON PD,B22-44291,MONROE,PERRY,BLOOMINGTON,1,,1,0,0,,E COVENANTER DR,,,,,E COVENANTER DR,E AUTO MALL RD,,,,Y,,0.0,,39.15503532,-86.4960883,LOCAL/CITY RD,,,,URBAN,N,N,N,,DARK (NOT LIGHTED),CLEAR,DRY,,FOUR-WAY INTERSECTION,,ASPHALT,FAILURE TO YIELD RIGHT OF WAY,UNDER $1001,RIGHT ANGLE,ECOVENANTERDREAUTOMALLRD,1,,2022-10-24 19:54:00,,,
MONROE SD,M22A29934,MONROE,BLOOMINGTON,BLOOMINGTON,1,,0,0,0,,I-69,,,,,I-69,,,121.5,,Y,,0.0,,39.20672544,-86.55358844,INTERSTATE,,,,URBAN,N,Y,N,,DARK (NOT LIGHTED),FOG/SMOKE/SMOG,WET,,NO JUNCTION INVOLVED,,ASPHALT,OTHER (DRIVER) - EXPLAIN IN NARRATIVE,$5001 TO $10000,RAN OFF RD,I-69121.5,0,,2022-12-07 02:40:00,,,
BLOOMINGTON PD,B22-50992,MONROE,PERRY,BLOOMINGTON,2,,0,0,0,,E 3RD ST,,,,,E 3RD ST,COLLEGE MALL PRIVATE DR.,,,,Y,,53.0,,39.16425241,-86.49650287,LOCAL/CITY RD,,,,URBAN,N,N,N,,DAYLIGHT,RAIN,WET,,NO JUNCTION INVOLVED,,ASPHALT,FAILURE TO YIELD RIGHT OF WAY,$5001 TO $10000,RIGHT ANGLE,E 3RDSTCOLLEGEMALLPRIVATEDR.,0,,2022-12-08 15:55:00,,,
BLOOMINGTON PD,B22-53625,MONROE,PERRY,BLOOMINGTON,1,,1,0,0,,1175 S COLLEGE MALL RD; KROGER,,,,,S COLLEGE MALL RD,,,,,Y,,0.0,,0.0,0.0,PRIVATE DR,,,,URBAN,N,N,N,,DAYLIGHT,CLEAR,WET,,NO JUNCTION INVOLVED,,ASPHALT,FAILURE TO YIELD RIGHT OF WAY,$5001 TO $10000,LEFT TURN,"1175SCOLLEGEMALLRD;KROGERJACKSONCREEKBLOOMINGTON,IN47401",1,,2022-12-28 10:37:00,1175.0,,True